:020000040800F2
:10000000004002204D420108DD420108412901085B
:1000100000000000000000000000000000000000E0
:10002000000000000000000000000000D382010872
:100030000000000000000000E18301082D290108F4
:10004000DD420108DD420108DD420108DD42010810
:10005000DD420108DD420108DD420108DD42010800
:10006000DD420108092D0108292D0108592D01083B
:10007000DD420108DD420108DD420108DD420108E0
:10008000DD420108DD420108DD420108DD420108D0
:10009000DD420108DD420108DD420108DD420108C0
:1000A000DD420108DD420108DD420108F5290108B1
:0C00B000A12A01084D2B0108DD420108C7
:1000C00010B5064C2378002B07D1054B002B02D02E
:1000D000044800E000BF0123237010BD2809002060
:1000E00000000000687C0208044B10B5002B03D010
:1000F0000349044800E000BF10BDC04600000000F6
:100100002C090020687C020802780B78002A03D0B2
:10011000013001319A42F7D0D01A70470023C25CF7
:100120000133002AFBD1581E7047000002B471460B
:1001300049084900095C49008E4402BC7047C0462A
:1001400003B47146490840004900095A49008E44E9
:1001500003BC7047002243088B4274D303098B42CF
:100160005FD3030A8B4244D3030B8B4228D3030C87
:100170008B420DD3FF22090212BA030C8B4202D329
:100180001212090265D0030B8B4219D300E0090A51
:10019000C30B8B4201D3CB03C01A5241830B8B425A
:1001A00001D38B03C01A5241430B8B4201D34B0343
:1001B000C01A5241030B8B4201D30B03C01A5241A8
:1001C000C30A8B4201D3CB02C01A5241830A8B422D
:1001D00001D38B02C01A5241430A8B4201D34B0216
:1001E000C01A5241030A8B4201D30B02C01A52417A
:1001F000CDD2C3098B4201D3CB01C01A524183092E
:100200008B4201D38B01C01A524143098B4201D367
:100210004B01C01A524103098B4201D30B01C01A92
:100220005241C3088B4201D3CB00C01A524183080C
:100230008B4201D38B00C01A524143088B4201D339
:100240004B00C01A5241411A00D201465241104699
:100250007047FFE701B5002000F0F0F802BDC0468E
:100260000029F7D076E7704703460B437FD400227E
:1002700043088B4274D303098B425FD3030A8B423A
:1002800044D3030B8B4228D3030C8B420DD3FF22A4
:10029000090212BA030C8B4202D31212090265D072
:1002A000030B8B4219D300E0090AC30B8B4201D325
:1002B000CB03C01A5241830B8B4201D38B03C01A6C
:1002C0005241430B8B4201D34B03C01A5241030BE3
:1002D0008B4201D30B03C01A5241C30A8B4201D394
:1002E000CB02C01A5241830A8B4201D38B02C01A3F
:1002F0005241430A8B4201D34B02C01A5241030AB6
:100300008B4201D30B02C01A5241CDD2C3098B429A
:1003100001D3CB01C01A524183098B4201D38B0117
:10032000C01A524143098B4201D34B01C01A5241BA
:1003300003098B4201D30B01C01A5241C3088B42FF
:1003400001D3CB00C01A524183088B4201D38B00EA
:10035000C01A524143088B4201D34B00C01A52418C
:10036000411A00D201465241104670475DE0CA0F63
:1003700000D04942031000D34042534000229C4623
:1003800003098B422DD3030A8B4212D3FC2289012D
:1003900012BA030A8B420CD3890192118B4208D303
:1003A000890192118B4204D389013AD0921100E065
:1003B0008909C3098B4201D3CB01C01A5241830979
:1003C0008B4201D38B01C01A524143098B4201D3A6
:1003D0004B01C01A524103098B4201D30B01C01AD1
:1003E0005241C3088B4201D3CB00C01A524183084B
:1003F0008B4201D38B00C01A5241D9D243088B42A1
:1004000001D34B00C01A5241411A00D20146634643
:1004100052415B10104601D34042002B00D54942A7
:10042000704763465B1000D3404201B5002000F0E6
:1004300005F802BD0029F8D016E770477047C0469E
:100440008446100062468C461900634600E0C046B0
:100450001FB501F09BFC002801D40021C8421FBD3C
:1004600010B501F0DBFB4042013010BD10B501F0CA
:100470008DFC002801DB002010BD012010BDC0460E
:1004800010B501F083FC002801DD002010BD012023
:1004900010BDC04610B501F005FC002801DC0020AD
:1004A00010BD012010BDC04610B501F0FBFB0028B7
:1004B00001DA002010BD012010BDC04684460800AE
:1004C0006146FFE71FB500F053FB002801D400216F
:1004D000C8421FBD10B500F0D3FA4042013010BD34
:1004E00010B500F045FB002801DB002010BD012005
:1004F00010BDC04610B500F03BFB002801DD002018
:1005000010BD012010BDC04610B500F0E1FA002872
:1005100001DC002010BD012010BDC04610B500F068
:10052000D7FA002801DA002010BD012010BDC04616
:10053000002B11D1002A0FD1002900D1002802D0B0
:100540000021C943080007B4024802A140180290E4
:1005500003BDC046E9FEFFFF03B4684601B502983B
:1005600000F0A2F8019B9E4602B00CBC7047C0464A
:10057000F0B5CE469946030C9C46130447461B0C27
:100580001D000E0061460404240C80B50700100C09
:100590004B436543414360432C0CC01824188C46E0
:1005A000A34203D980235B029846C4444946794359
:1005B0005643230C2D042D0C89196344240460191F
:1005C000C918C0BCB946B046F0BDC04670B50022DF
:1005D0000C4B04000D00FFF767FF002804D120003A
:1005E000290002F0CBFA70BD064B00222000290042
:1005F00001F006FF02F0C2FA80231B069C4660440D
:10060000F1E7C0460000E04170B50022002304007D
:100610000D00FFF72BFF002808D12000290000F073
:100620000FF802000B001000190070BD80231B069C
:10063000E918200000F004F8002342428B41F2E761
:1006400070B500220B4B0D00040001F011FCFFF708
:10065000BDFF060002F0FCFA0022074B01F008FC87
:1006600002000B002000290001F0CAFEFFF7AEFFD8
:10067000310070BD0000F03D0000F04170B5060093
:10068000080002F0B7FA0022064B01F0F1FB0D0062
:100690000400300002F0DCFA2B00220000F040FCE5
:1006A00070BDC0460000F041F0B557464E46454685
:1006B000DE46E0B504000D009246994683B08B42B9
:1006C00030D82DD04946504602F0D0FB2900060014
:1006D000200002F0CBFB331A9846203B34D49B46D3
:1006E00053465A46934042461F00534693401E00CD
:1006F000AF423BD8AF4200D179E05B46A41BBD417D
:10070000002B00DA76E000220023009201930123FF
:100710005A4693400193012342469340009329E0B7
:100720008242CFD900220023009201930C9B002B20
:1007300001D01C605D600098019903B0F0BCBB461D
:10074000B246A946A046F0BD42469B4620239B1ACE
:100750005246DA40414613004A468A401700424654
:100760001F43534693401E00AF42C3D900220023CB
:10077000009201934346002BD8D0FB0772081A431E
:1007800046467B080EE0AB4201D1A2420CD8A41A27
:100790009D41012024196D410021013E24184D4145
:1007A000002E06D0AB42EED9013E24196D41002E39
:1007B000F8D1009801995B4600196941002B24DBB0
:1007C0002B005A464446D3402A00E2401C005B46B8
:1007D0001500002B2ADB26009E40330026004746EA
:1007E000BE403200801A9941009001919EE7A342D9
:1007F000BCD882E74246202300219B1A00220091A8
:1008000001920122DA40019285E7424620239B1A99
:100810002A0046469A402300F340444613432A00E8
:10082000E2401C005B461500002BD4DA42462F0044
:100830002023260097409B1ADE403B003343CDE740
:10084000F0B54F464646D6464402C0B547000E1C9A
:10085000640A3F0EC50F002F3CD0FF2F42D000236B
:10086000802299469A46E400D20414437F3F7302E3
:100870005B0A984673001B0EF60F002B1BD0FF2B54
:1008800013D042468021D200C9041143884600207B
:100890007F3B2900FF1A4B467140C9B20F2B00D98C
:1008A000B5E0744A9B00D3589F464346002B3FD186
:1008B000FF3F023303E04346002B2DD101232900E3
:1008C0004A467140C9B21A430E2A38D86A48920083
:1008D00082589746002C13D104239946033B0027E6
:1008E0009A46C4E7002C05D108239946063BFF270A
:1008F0009A46BCE70C239946093BFF279A46B6E780
:10090000200002F095FA7627431F9C4000237F4287
:1009100099469A463F1AAAE7404602F089FA4246AB
:10092000431F9A4076235B421B1A90460020B0E793
:1009300003234A461A4391460320FC33A9E70D00DE
:10094000FF200022C005ED0710432843E0BCBA4653
:10095000B146A846F0BD0D0000200022F2E7534644
:10096000022BEDD0032B33D0A046012B05D1002064
:100970000022E7E7350003287AD03B007F33002BC5
:100980002DDD4246520707D00F2241460A40042A75
:1009900002D004229446E0444246120105D5424664
:1009A000364B1A403B0090468033FE2BC8DC424653
:1009B0009201520AD8B2C5E780220025FF20D20357
:1009C000C0E78022D203144202D04346134249D0EA
:1009D0008022D20322435202FF20520AB2E70122B0
:1009E000D31A1B2BC3DC4246DA4043469E37BB403A
:1009F000591E8B411A43530704D00F231340042B75
:100A000000D00432530129D5012000229AE7424642
:100A100063015501AB4215D21B200022013F012684
:100A20001C0052005B00002C01DB9D4201D85B1BC7
:100A3000324301380028F3D1581E834113439846AE
:100A40000D009AE71A2001225B1BE8E7023B5A429D
:100A500053415B4235000022D8B273E79201002077
:100A6000520A6FE71A4352023500FF20520A69E723
:100A70004446ADE700AB020840AB0208FFFFFFF7BA
:100A800070B542004E024C0045026D0A120EC30FB3
:100A9000760A240EC90FFF2A10D0FF2C0CD001209B
:100AA000A2420AD1B54208D18B420FD0002A04D10C
:100AB0002800431E984100E0012070BD0120FF2C5A
:100AC000FBD13543F9D14B401800F6E70020F4E79D
:100AD00030B5420044024D02C30F4800640A120EB2
:100AE0006D0A000EC90FFF2A19D0FF280BD0002A6B
:100AF0001ED100280BD1002D27D0002C34D1002985
:100B00002FD0080030BD002D28D1002A01D1002CA3
:100B1000F5D08B4207D1002B23D01800F2E7002C30
:100B20001CD1FF2814D0581E022318400138E9E7D1
:100B30000028F8D08B42F6D18242F4DCEBDBAC42E9
:100B4000F1D80020AC42DDD2E5E7002CDAD0EAE7AC
:100B5000002D03D18B42E6D10020D3E70220404292
:100B6000D0E701204042CDE78B42E8D0DBE7C0462A
:100B700030B5420044024D02C30F4800640A120E11
:100B80006D0A000EC90FFF2A1AD0FF280ED0002AC6
:100B90001ED100280ED1002D2AD0002C0CD08B4263
:100BA0001DD0581E02231840013810E0002D0DD131
:100BB000002A20D1002C1ED1002923D0080006E0F5
:100BC000002C03D1FF28ECD1002D17D0022030BD1E
:100BD0000028E6D08B42E4D18242E2DC04DBAC4266
:100BE000DFD80020AC42F2D2002B0BD01800EEE789
:100BF000002CECD0D5E78B42D3D1F5E700208B4217
:100C0000E5D0CEE701204042E1E7C046F0B54F46CF
:100C10004646D64643025B0A4500C0B599460F1CBE
:100C20002D0EC60F002D00D188E0FF2D00D18DE0E4
:100C30008022DB00D2041A430023914698469A464C
:100C40007F3D7C027B00640A1B0EFF0F002B68D0E7
:100C5000FF2B21D08022E400D204144342467F3B84
:100C60005B1900215D1C0A2A2EDC7E404246022AC6
:100C700023DC013A012A00D9BDE002296ED0012906
:100C80002CD100200022C005F60710433043E0BC01
:100C9000BA46B146A846F0BD2B00FF33002C65D004
:100CA0000322414611433200013588467A40FF3520
:100CB0000A2900DDD8E016000321404601228240C7
:100CC000A620C000024220D05346022B46D0032B60
:100CD00000D1BBE051464C460129D2D02B007F33D6
:100CE000002B70DD620704D00F222240042A00D0BE
:100CF0000434220103D5634B1C402B008033FE2BB0
:100D00002CDCA201520AD8B2BDE79020800002423A
:100D100027D1B938FF3810426DD03E00A1468A462F
:100D2000D2E7002C41D1012342461A4390462B00C2
:100D3000424601215D1C0A2A97DDC5E7002B26D11A
:100D400004239846033B00259A467AE7002B18D1E6
:100D500008239846063BFF259A4672E7FF200022AB
:100D600091E780220026FF20D2038CE74146022231
:100D7000013511438846FF350A29A5DC02217E4052
:100D800074E70C239846093BFF259A4659E718005B
:100D900002F04EF84A46431F76259A4000236D42E2
:100DA000914698469A462D1A4BE7200002F040F8EB
:100DB0004246431F9C402B1A763B00215D1C0A2AA9
:100DC00000DC52E780E70122D31A1B2B00DD58E735
:100DD0009E352200AC40DA40631E9C4122435307FB
:100DE00004D00F231340042B00D00432530137D515
:100DF0000120002247E7210C4A462404240C270046
:100E0000100C1204120C44435743484351433A0C0C
:100E100009195218944203D9802149028C46604432
:100E20003F0411043F0CC9198C01671EBC41120C10
:100E3000890E12180C439201144312010ED501239E
:100E400062081C40144349E73E00A14680224B46FD
:100E5000D2031A435202FF20520A14E71D003DE755
:100E600092010020520A0EE70F29EDD180224B4655
:100E7000D2031342EAD01442E8D13E00FF202243BD
:100E800001E7C046FFFFFFF770B5002813D0C31776
:100E9000C5185D40C40F280001F0CAFF9E23010061
:100EA0001B1A962B0FDC082834D008398D406D02B0
:100EB0006D0AD8B202E0002400200025C0052843B6
:100EC000E407204370BD992B16DC421F052800D093
:100ED00095402A00114802406E0709D00F26354080
:100EE000042D05D00432550102D59F2302405B1A20
:100EF0009201550AD8B2E1E70522121A2800D04023
:100F0000020008001B3085402800451EA84102430E
:100F10001500DEE76D0296206D0ACFE7FFFFFFFBAD
:100F2000F0B557464E464546DE46E0B583B00090E4
:100F300001910C034F00CE0F610A009C1D03640F4A
:100F40000C43009900920193C80059004B0D99463B
:100F5000009A019B6D0AD90F530F2B439A46009BB1
:100F60007F0DDA0094464A46B046BA1A8E4200D146
:100F7000B0E0002A00DC78E04946002900D1E9E031
:100F8000C9498F4200D195E10125382A16DC80211C
:100F9000534609040B439A461F2A00DDE7E120214E
:100FA00055468B1A61469D40D1400D43614699409C
:100FB0004B1E99415346D3400D43E41A451BA842AA
:100FC00080414042241A230200D40FE16402640AE3
:100FD000002C00D139E1200001F02AFF0300083B7A
:100FE00020212800CA1AD0409C4002009D40224384
:100FF0009F4200DD73E1D81B0130091A2C008D409F
:10100000C4406B1E9D411300C2408B402543002706
:1010100014001D436B0709D00F232B40042B05D070
:101020002B1DAB42AD416D4264191D00230200D45B
:101030002DE19D4A0137974200D1D3E046469B49B6
:10104000ED0821404A072A437C054D022D0B640D13
:1010500024052C43F60734431000210003B0F0BCF4
:10106000BB46B246A946A046F0BD002A00D184E0A6
:101070004A46D21B002F00D06DE12500054300D168
:1010800027E1561E012A00D13BE2874DAA4200D13A
:101090006AE20125382E12DC32001F2A00DDF8E159
:1010A00020262500B61A07005346B040D440B5406C
:1010B000D740461EB0411B1B9A463D43054362463E
:1010C000551BAC459241534652420E004F4688464E
:1010D0009C1A78E7002A00DC8EE04946002975D189
:1010E00061465346194300D1F6E0511E012A00D152
:1010F00091E16D4DAA4200D1DCE00125382914DCD4
:101100000A001F2A00DDA2E120215346891A8B40E4
:101110001D006346D3401D4363468B4019004B1EA0
:1011200099415346D3400D43E4182D188542804120
:1011300040422418230259D55B4B01379F4251D0BE
:1011400001215A4B6A081C4029400A43E507154310
:1011500064085FE761465346194300D1BCE0511E65
:10116000012A00D164E1504DAA4200D16AE1012573
:10117000382900DD22E70A000EE74D4A7D1C1542A2
:1011800000D0D0E025006246534605431A43002FA5
:1011900000D037E1002D00D1A8E1002A00D16AE19A
:1011A0006346C51A5346E21AA8429B415B42D31AD2
:1011B0001A0200D403E263461D1AAC45924153461D
:1011C00052421C1B0E008846A41A23E736498F4260
:1011D00070D00125382AA8DC8021534609040B432E
:1011E0009A468EE73C000025002231E707232B407A
:1011F000002B00D010E793E0002A74D04A46D21B9F
:10120000002F00D1C7E02849894500D185E101259B
:10121000382A12DC802109040C431F2A00DDABE1CF
:1012200020212500891A070088408D40D740411EA3
:101230008841D4403D430543A244654465459241FD
:101240005242524414004F4674E7280001F0F0FD6A
:10125000030018331F2B00DCC2E62A000838824046
:101260009F4200DDA9E0DB1B581C1F2800DCACE11D
:1012700015001F3BDD40202805D040231B1A9A4053
:10128000531E9A411543072300272B40B0E7ED0872
:10129000054B62072A43E4089F420FD02403250B25
:1012A0007C05640DD4E6C046FF070000FFFF7FFF0A
:1012B000FE070000C00862070243E408130023434E
:1012C00000D186E180252D0325432D03C34C2D0B32
:1012D000BEE6604654460E001700C508D8E7C04C6D
:1012E000FF1A144096E6BF4A791C11426BD12200C6
:1012F0000243002F00D0DBE0002A00D12DE162463E
:1013000053461A4300D1B6E06346C5188542804172
:10131000544440422418230202D50F00B04B1C4015
:101320003A002800D8E76246851AA84292415346FF
:1013300052429146E31A1A004B46D21A13009146C4
:101340001A0254D44A464C462A4300D040E60026AE
:10135000002400257CE6A14DA94500D190E001259F
:10136000382A00DDABE680252D042C4395E61100DC
:1013700055462039CD40A946202A06D04021534663
:101380008A1A934062461A43944665466B1E9D41F5
:101390004B461D4312E62100014300D1C4E0511E1B
:1013A000012A00D1FBE08D4DAA4200D1B5E0012514
:1013B000382900DD41E70A002FE7894CFF1A144065
:1013C0006207E4086AE7854A914200D1E3E0634698
:1013D000C218824280412300404253441B18DD075B
:1013E0005C080723520815430F002B4000E76346B3
:1013F0001D1AAC459241534652421C1B0E008846B2
:10140000A41AE5E5002D00D091E0002A38D180240F
:101410000026240356E76346C5188542804154449C
:10142000404224180127230200D4DFE6022787E682
:101430006346C51AA842804153464042E41A012738
:10144000241AC0E56207C0080243E40836E7110029
:1014500053462039CB409946202A06D04021534696
:101460008A1A934062461A43944665466B1E9D4114
:101470004B461D4359E66207C0080243E4080DE7E6
:1014800053465A076346D80853460E000243DC0809
:1014900014E715002600203DEE40202A03D0402509
:1014A000AA1A94402043421E90410500354306E6A7
:1014B000002A7CD062465346C0081A4300D1FAE69F
:1014C000620710438022E4081203144208D0D908AE
:1014D000114205D16346D80853460C005B071843F8
:1014E000420FC000C00852070243E7E6002A00D1BD
:1014F0002DE76346D80853465A070E000243DC081E
:10150000CCE663461D1AAC459241534652421C1B21
:101510000E008846A41A013755E56346D90853469C
:101520005A070A43DC08C9E660465446D4E6C008B8
:10153000002A00D1BFE6620710438022E4081203AC
:101540001442CDD0DD081542CAD16346D8085346AF
:101550005B070E002C001843C2E76346D9085346C8
:101560005A070A43DC0899E66346D80853465A07E7
:101570000E000243DC08A1E6110027002039CF400D
:10158000202A03D040218A1A94402043421E9041D1
:1015900005003D4351E60C000025002258E560445B
:1015A00060459241544452420500A4183AE753461C
:1015B0005A076346D90853460A43DC087EE61A00F8
:1015C0001C002A4300D0ABE6C1E620210025091A01
:1015D00019E500220025014C3AE5C046FF0700004E
:1015E000FFFF7FFFFE070000F0B5DE464546574689
:1015F0004E46E0B587B0009201930B031B0B9B4650
:10160000CA0F4B00040080465B0D029200D16AE1D4
:10161000D44A934200D18CE15946420FC9000A4393
:10162000802109041143C2009046CF4A8946924660
:101630009A44002300240393009E019F3B031B0B4D
:101640009B467B0030005B0DFD0F002B00D128E195
:10165000C44A934200D177E15946720FC9000A4348
:101660008021090411438B46BF49F2008C46514644
:101670006344CB1A9A460023029E6E400F2C27D853
:10168000BA49A40009598F46CB464246029E039BA5
:10169000022B16D0032B00D1A6E2012B00D0DFE0F5
:1016A00000220023002490461B052343F607334302
:1016B0004046190007B0F0BCBB46B246A946A0465A
:1016C000F0BD002200249046A64BEDE72E00DFE798
:1016D000CB4500D2D4E100D1CFE101235B429C464F
:1016E000444648460027E2445B46150E1B021D4354
:1016F000190C2B04120200951D0C914602910395C2
:10170000FEF7AEFD02006A430B04210C804619432C
:101710008A4209D9009D0123AC465B4261449C4644
:10172000E0448D4200D8FBE1881A0299FEF798FD4B
:10173000039A240442430904240C03000C43A242EC
:1017400006D90099013B8C466444A14200D8E1E1EE
:10175000A01A424612041A4393464B4659461B0CA4
:101760001D0004930B0449460904090C0C001B0CD2
:101770005C43120C6B43884651436A43250CAC46CC
:101780005B186344994203D9802149028C46624424
:10179000190C24041B04240C8A181C19904202D32F
:1017A00016D1A74214D25B46009D013B4F440593DE
:1017B0004F459B41AC465B426344C018854200D311
:1017C000A1E1824200D9F6E100D1F1E1059B9B46FF
:1017D0003C1BA742BF41009D801A7F42C01B85422F
:1017E00000D1D0E10299FEF73BFD039A0B0442437E
:1017F000210C070019438A4200D978E1881A02991E
:10180000FEF72EFD039A240442430904240C03002E
:101810000C43A24200D95DE14146A41A3A041A439E
:10182000049D13041B0C594347466B439C46100C04
:1018300047430B0CBC44634468439F4203D9802553
:101840006D02AC4660441F0C09041B04090C3F18D0
:101850005B18BC4200D202E100D1FDE001231A4333
:10186000434B5344002B00DCAEE0510700D098E11D
:101870005946C90106D559463E4B194080238B462F
:10188000DB0053443C498B4200DD1AE75946D2083D
:10189000490711435A465B0554028846240B5B0DE9
:1018A00002E75A46009B1A4300D17EE05B46002BBC
:1018B00000D100E1584601F0BBFA020003000B3AE8
:1018C0001D27009EBA1A19005846D640083988408C
:1018D000320002439346009A8A40284953448A467C
:1018E0009A440023C8E65B460343994656D05B46BC
:1018F000002B00D1CDE0584601F09AFA0B235B4251
:101900009C460200844466461D239B1B2600110052
:101910005846DE4008398840330003439946230087
:101920008B409846164B00249B1A9A46002303933B
:1019300082E65A46024391462AD100229A46022361
:1019400090460824039377E65A46009B1A430D4BB2
:101950009C46E244002A17D102231C4300239B46E5
:10196000023389E6FF07000001FCFFFF7CAB0208A1
:10197000FF030000FFFFFFFEFE070000F30300006F
:101980000DFCFFFF01F8FFFF032332001C4373E649
:101990009A460323D9460C2403934DE60023984628
:1019A0009A4601330424039346E601231C43002393
:1019B0009B46013360E60023802498460026924B24
:1019C000240371E6012252420121C91A382900DD9F
:1019D00066E61F2900DCABE01F204042C31A5846D0
:1019E000D8400300202904D05846884951448840F3
:1019F0000243511E8A411A43072319000024114053
:101A000013420CD00F231340042B00D1F9E0111D19
:101A100091429B410A005B4259075B021C0BD208B2
:101A20000A43904600233FE680244B46240323428A
:101A300009D05B46234206D11C4324032E00904666
:101A4000714B240B30E680244B4624031C432403B3
:101A5000029E6D4B240B27E6002B00D100E7009877
:101A6000511E84466444844200D284E0BC4200D2C9
:101A7000AEE000D1C1E00A00F0E6424500D92CE614
:101A80004B46DC07580843465B081C434346DF07C8
:101A90002AE601F0CDF915239C46844402006346F2
:101AA00020321C2B00DC2EE72300083883409946A7
:101AB0000023984636E701F0BBF902000300153217
:101AC00020331C2A00DCFBE6009908388140002204
:101AD0008B4602E70099013B8C466444A14200D941
:101AE0009AE6A24200D897E6831E644494E6AC4688
:101AF0006144013F8D4200D980E68A4200D87DE6EC
:101B0000871E61447AE6854200D05FE6B94500D978
:101B10005CE656E6A24200D81AE6831E644417E645
:101B20008A4200D800E6AC46831E98466144FBE535
:101B300037481400504482405B4617008340CC4035
:101B40007A1E974123433B431A005B46CB40510723
:101B500009D00F211140042905D0111D9142924155
:101B600052429B180A00190200D455E700220123B3
:101B70000024904698E50A00BC4200D06EE64B4532
:101B800000D06BE66CE6234B234A5344924500DABF
:101B900018E7012149420A1D8A42894149428B4482
:101BA00066E60F211140042900D161E61100F2E739
:101BB000BC4200D80AE602235B429C4600994F448F
:101BC0004F459B41E3448C465B426344C018FFE5AC
:101BD0004946009D480048458941AC464942614418
:101BE0008146023A6418C7E780245B4624031C43FD
:101BF00024039046044B240B56E59945E8D30A008C
:101C0000BDE7002308E7C046FF0700003E040000D0
:101C10001E040000FF03000002FCFFFFF0B5574662
:101C2000DE464E464546E0B50D000400E80F83460B
:101C30000903D80F090B824619488C461F03690017
:101C40005E00490D3F0B760D814218D086420FD0C1
:101C50000120B1420DD1BC450BD1944209D1D345ED
:101C60001CD0002905D160462043431E984100E066
:101C70000120F0BCBB46B246A946A046F0BD0120FB
:101C80008E42F6D1614639430F0017432743F0D106
:101C90005B465246981A431E9841EAE70020E8E75F
:101CA000FF070000F0B557464E464546DE46E0B514
:101CB0000D000F03390B83B00400804601915800DA
:101CC000E90F314F400D8C466E0019038246914654
:101CD000760D090BD80FBE421FD0BA450FD0002E8B
:101CE0002FD15546019E3443002D27D10A433AD0C7
:101CF000002C45D100281AD10120404217E01143A1
:101D00003BD1002E02D1019F2743F3D0844509D156
:101D10006346002BF0D0604609E0019F27432CD199
:101D2000B24524D063460220013B1840013803B07D
:101D3000F0BCBB46B246A946A046F0BD002CD9D0A7
:101D4000E4E75446002CEDD08445EBD15645E9DC60
:101D5000DEDB019B8B42E5D8DAD1C845E2D8002012
:101D6000C845E4D2D4E70020002CE0D0DAE71143E4
:101D700003D18445D6D10020D9E702204042D6E7DE
:101D80008445E6D0CEE7C046FF070000F0B55746D1
:101D90004E464546DE46E0B50D000F030400804682
:101DA000E80F390B844683B05800304F400D019145
:101DB0001E03690082469146490D360BD80FB94281
:101DC00020D0BA450FD000292BD101990C435146A0
:101DD000002937D1324338D0002C44D1002819D102
:101DE0000120404216E0164313D1002902D1019F81
:101DF0002743F3D0844520D063460220013B18409E
:101E0000013807E0019F274303D18A45F4D11643E7
:101E10001FD0022003B0F0BCBB46B246A946A04684
:101E2000F0BD5446002CE7D08445E5D15145E3DCB4
:101E300003DB019BB342DFD80FD06346002BCFD02A
:101E40006046E7E7002CC9D0D4E70020002CE1D0A1
:101E5000D2E78445D0D10020DCE7C845CCD80020AB
:101E6000C845D7D2E9E78445E3D0C5E7FF070000BE
:101E7000F0B55746DE464E464546E0B51F000B031B
:101E80001B0B16009A46CA0F4B000400934687B0FE
:101E90005B0D00D1D5E0BB4A934200D1F8E051463A
:101EA000420FC9000A43802109041143C200914630
:101EB000B54A8A469D180023984602933C037B004E
:101EC000FA0F3000240B5B0D009200D196E0AD4A72
:101ED000934231D0720FE40022438024240414433F
:101EE000A94AF000944663445B195A1C0192424689
:101EF00000260A2A42DC5A4600994A409346424646
:101F0000022A32DC013A012A00D949E1022E00D12D
:101F1000CAE0012E3DD100230024002210005A46C1
:101F20001B052343D2071343190007B0F0BCBB467F
:101F3000B246A946A046F0BD924B2643EB18002EB0
:101F400000D1BBE00322414611435A46884600991E
:101F50004A40802109018C46290061440191414693
:101F60000A2900DD33E293460326424601279740C3
:101F7000A6213A00C9000A400F4231D0029E022E2B
:101F800000D135E2032E00D1D2E154464846012E5D
:101F9000C1D0019A7D4B94466344002B00DCC0E025
:101FA000420709D00F220240042A05D0021D8242B6
:101FB0008041404224181000E20106D5744B019A7A
:101FC0001C4080239446DB006344724A93426BDCDE
:101FD0006207C00864025B050243240B5B0D9DE7AA
:101FE000902189000F4263D188223A4200D1D7E084
:101FF000009BA2469B4681460296BFE723003343DF
:1020000000D17FE0002C00D1ADE1200000F010FFF6
:10201000020003000B3A1D201900821A3000083913
:10202000D0408C400443300088405B4AEB1A944611
:1020300063445A1C0192424600260A2A00DC5AE7F1
:102040009CE753460343994654D05346002B00D196
:1020500077E1504600F0ECFE0B235B429C46020009
:10206000844411005046083988401D23804660464C
:102070001B1A2000D8400300404603439A46230021
:102080008B4099460023444D9846AD1A029315E7BC
:1020900052460243914626D100221D000223924659
:1020A00008329046029309E700240022354B35E7B9
:1020B000002380249B462403324B2FE70222414613
:1020C00011438022120194462A00624488460192FC
:1020D0000A2900DD52E75A460020009904004A40D0
:1020E000934602260BE70C221D00032381469046EF
:1020F0000293E3E600239A4604339846033B002507
:102100000293DBE6424601331A432B0090465A1CE9
:10211000019242460024002001260A2A00DCEAE659
:102120002CE70122D21A382A00DDF4E61F2A00DC4F
:102130002AE11F214942CB1A2100D9400B00202A55
:1021400005D0164A019D94466544AC402043421E8A
:1021500090411843072319000024014003420CD08A
:102160000F230340042B00D140E1031D8342A4410F
:102170001800644261076402240BC20800230A436A
:10218000CCE6C046FF07000001FCFFFFFF03000094
:10219000FFFFFFFEFE0700000DFCFFFF3E040000F6
:1021A00049464A460904090C0D00160C020C0004AD
:1021B000000C4543AC4605007543A84615000F00CA
:1021C0007543009202952A00009D6F4365462D0CD1
:1021D000A94647444F44B84505D91500802252020C
:1021E0009046454402953D0C039565462D043F04F9
:1021F0002D0CAC463D0065440495250C2404240CAC
:10220000AC4625007543A84665460F006943414426
:1022100089466743390C49446E43884503D9802277
:102220005202904646440D0CA8463500454405959B
:10223000039D3F04A8463F0C0904C919884445463C
:10224000039555462E04360C2F0C35004543784334
:1022500081463800A8462D0CAA46009A5043724386
:102260004A445244914503D980256D02A946484409
:10227000150CA94645462D042D0CA84665467D4300
:10228000120448449044A9463200654662436E43B6
:102290007C43170C3619BF19BC4203D98024640251
:1022A000A446E144029C039EA446059D66448E42DA
:1022B0008941AC4612043C04120CA2186244494203
:1022C00054184644A4464645A44182466442A0466A
:1022D000AA4292418C458941E244D044494252424B
:1022E0000A43A045A44182458941644249420C43C6
:1022F00041463F0CD2191219CC0D049970020843C3
:10230000411E884141464A44F60D5202304349027B
:1023100014430843D20135D5012243080240134338
:10232000E0071843640834E6009BA2469B468146BA
:102330008024534624031C4324034A462E4B240B7B
:10234000ECE500F075FD15239C46844402006346CD
:1023500020321C2B00DC84E6002399462300083839
:1023600083409A468EE600F063FD020003001532BA
:1023700020331C2A00DC4EE602003400083A00201C
:10238000944052E6019304E61C4B21009C46030056
:10239000019DD3406544A94019430300AB40581E3A
:1023A000834119430800D4404B0709D00F230B4049
:1023B000042B05D00B1D8B4280414042241818008D
:1023C000230200D4D6E6012300240022A6E50F292B
:1023D000AAD1802352461B031A42A9D01C42A7D17E
:1023E0001C43009B02009B46034B97E50024C1E67B
:1023F0000024014B220091E5FF0700001E040000AD
:10240000F0B54E464546DE465746E0B585B00090ED
:1024100001910C034F00CE0F610A009CB046640F7F
:102420000C4300997F0DC80011001A001B039C4645
:102430000091019251004B0D9946019B009DD90FCF
:1024400063466A0F5B0A1343EA0094469346C14A07
:1024500003900293914500D1CDE0012569404D469E
:102460007D1BAA468E4200D180E0002D00DC35E3C2
:102470004946002900D1DFE0974200D194E152465D
:102480000125382A19DC8022029B1204134302938F
:1024900052461F2A00DDE3E1534620226146029D99
:1024A000D21A9540D9400D43614691400A00511E11
:1024B0008A411543029ADA40A41A451BA84280417A
:1024C0004042241A230200D43DE16402640A002C35
:1024D00000D147E1200000F0ABFC0300083B2021C5
:1024E0002800CA1AD0409C4002009D4022439F42CF
:1024F00000DD77E1D81B0130091A2C008D40C44063
:102500006B1E9D411300C2408B40254300271400E1
:102510001D436B0709D00F232B40042B05D02B1D27
:10252000AB42AD416D4264191D00230200D440E16D
:10253000884A0137974200D101E101264346864986
:10254000ED0821404A072A437C054D022D0B640DFE
:102550001E4024052C43F60734431000210005B02B
:10256000F0BCBB46B246A946A046F0BD002D00DC3B
:10257000D0E24946002900D0D4E06146029B1943CD
:1025800000D12BE1691E012D00D1D9E1954200D186
:102590000AE10125382917DC8A4653461F2B00DD46
:1025A000E7E12022D21A029B614693401D00534668
:1025B000D940634693401A000D43511E8A41534649
:1025C0001543029ADA40A4182D18854280414042F2
:1025D0002418230200D4B6E05E4B01379F4200D19D
:1025E000ADE001215C4B6A081C4029400A43E50725
:1025F000154364088DE7594A029B92466246BA44E5
:102600001A432CD08E422ED05246002A60D0002F82
:1026100000D1DBE063460E00029CD808620702434B
:10262000E4081300234300D154E280252D03254301
:102630002D03484C2D0B8CE76146029B194300D1BA
:10264000CCE029000139012D00D188E1954200D16B
:10265000AAE00125382900DD2FE78A4618E7012284
:1026600051408E42D0D15346002B00D1BEE0002F06
:1026700000D038E1CA462200024300D1E2E15346CD
:10268000591E012B00D10DE2324A924500D1D2E110
:102690000127382913DC1F2900DDEEE12022029BEF
:1026A000521A250007009A46CC4090409540CF40F2
:1026B000A244421E904153462F43074302933D00DC
:1026C000654465459241029B52424F46D41880E7CB
:1026D000234A7D1C154200D0AAE062462500029BD9
:1026E00005431A43002F00D0F5E0002D00D16BE127
:1026F000002A00D152E16346C51A029BE21AA842A1
:102700009B415B42D31A1A0200D4D5E163461D1ADD
:10271000AC4592410126029B52421C1B8846A41ADA
:102720000E40F6E697423FD052460125382A00DD9A
:102730004AE78022029B1204134302932DE73C00D8
:102740000025002205E707232B40002B00D0E2E6FE
:102750006BE0C046FF070000FFFF7FFF01F8FFFFAF
:10276000FE070000280000F063FB030018331F2B56
:1027700000DCB4E62A00083882409F4200DDB9E060
:10278000DB1B581C1F2800DCA0E115001F3BDD40AF
:10279000202805D040231B1A9A40531E9A41154306
:1027A000072300272B40D0E7C00862070243E40854
:1027B00037E7EA0863071A43D34BE4089F4200D186
:1027C0002FE72403250B7C05640DC2E6CA462200D0
:1027D000024358D163460E00029C0393039B574665
:1027E000DA08E7E7C94CFF1A144092E6C84D7A1C94
:1027F0002A4200D084E022000243002F00D0EFE004
:10280000002A00D1E5E0624602990A4300D1C5E002
:102810006346C5188C468542804164444042241872
:10282000230202D5B94B01371C40BA460395D5E7C0
:102830006246851AA842924152429146029BE31A8F
:102840001A004B46D21A130091461A026CD44A461B
:102850004C462A4300D03AE600260024002578E6BC
:10286000029953460D00203AD540202B06D0402235
:10287000D21A0B00934062461A4393465B465A1E97
:1028800093411D4319E653465A1E012B00D1C6E061
:102890009D4EB24500D1BDE688460E000125382A7E
:1028A00010DC1F2A7FDC20212500891A07008840C0
:1028B0008D40D740D440411E8841029B3D431B1BA5
:1028C000054302936246551BAC459241029B52421E
:1028D0004F469C1AF6E5002D00D0B7E0002A00D143
:1028E000F0E001260E4063460298D90842070A43E9
:1028F000C40896E6854CFF1A14406207E40860E7B6
:1029000081498A4200D1C9E06346C11881428041B1
:10291000029B4042E3181B18DD075C0807234908A7
:102920000D4317002B4010E763461D1AAC4592413A
:102930000126029B52421C1B8846A41A0E40C6E583
:102940006346C518029B854280419C4640426444D0
:1029500024180127230200D4F5E6022741E6634646
:10296000C51AA8428041029B4042E41A0127241A5A
:10297000A8E5029D52462B00203AD3401900534649
:10298000202B06D04022D21A2B00934062461A43D5
:1029900093465D466B1E9D410D4315E66207C008D8
:1029A0000243E4080DE7110027002039CF40202A18
:1029B00005D040218A1A9440250005430395039DC4
:1029C0006A1E95413D437DE7002A00D144E7012678
:1029D0000E406346D908029B5A070A43DC08F0E61A
:1029E000002A28D06246029FC0083A4300D1DCE6A4
:1029F000620710438022E4081203144209D0FD0844
:102A0000154206D1634601262C00D8087B071843DF
:102A10000E40420FC000C0085207024301E6634661
:102A20001D1AAC459241029B52421C1B0E00884667
:102A30000127A41A46E56346D908029B5A070A43B0
:102A4000DC08EEE56346029C0393C7E6C008002A53
:102A500000D1AAE6620710438022E4081203144260
:102A6000D7D0029FFD081542D3D163460126D8086E
:102A70007B072C0018430E40CBE70A002700203AC2
:102A8000D740202905D04022521A94402500054302
:102A90000395039D6A1E95412F4310E614000025FF
:102AA000002256E5029B60449946604592414C44A1
:102AB00052420500A4184CE71A001C002A4300D01B
:102AC000B3E6C9E6802400262403AEE520210025D4
:102AD000091A17E5002200250B4C3AE5002D00D11C
:102AE000F6E54B46DA1B9246002F00D16FE6382AF6
:102AF00005DC80263604344388460E00D1E688463D
:102B00000E000125DEE6C046FF070000FFFF7FFF45
:102B1000FE070000002D00D168E64B46D91B002FB0
:102B200001D18A46A7E50127382900DDC7E58022C3
:102B300012041443AFE5C046F0B5C6461E03360B7B
:102B4000B0460D4E0C034D005F0000B5240B6D0D1B
:102B50007F0DB5420BD0084900208F4204D1464674
:102B600016433000431E984180BCB846F0BD044374
:102B70000120002CF8D1EEE7FF0700000B00020057
:102B800070B5164D0C0382B04900002000920193ED
:102B9000240B490DDE0FA94204DD1148814203DDFB
:102BA000104BF01802B070BD8020400320430E4C43
:102BB000641A1F2C08DD0D4B5B1AD84003005842E5
:102BC000002EEFD11800EDE7094B009A9C46030058
:102BD00061448B40E2401343F1E7C046FE0300002E
:102BE0001D040000FFFFFF7F3304000013040000FA
:102BF000EDFBFFFF70B5002816D0C317C5185D4068
:102C0000C40F280000F014F9104B1B1A5B055B0D74
:102C10000A2814DC02002E00153296400B22121AEC
:102C2000D5402D032D0B03E00024002300250026B2
:102C30001B052B43E40723433000190070BD0B38FC
:102C400085402D0300262D0BF2E7C0461E04000030
:102C500010B5041E10D000F0EBF80E4B1B1A5B05EC
:102C60005B0D0A280FDC0B222100121AD14015300F
:102C70000A038440120B01E0002300221B051343CA
:102C80002000190010BD22000B38824012030024DE
:102C9000120BF3E71E04000070B542024300C40F9C
:102CA000FE201B0E591C550A08420CD0E021890059
:102CB0008C466D07120B63441B051343E407234343
:102CC0002800190070BD002B14D1002D1BD0280046
:102CD00000F0AEF80A281CDC0B232A001B1ADA408D
:102CE000030015339D400E4B12031B1A5B05120B9C
:102CF0005B0DE1E7002D09D0130B802212031A436C
:102D00006D07084BD8E700230022D5E70022054BCA
:102D1000D2E703002A000B3B9A400025E3E7C046B8
:102D200089030000FF070000F0B54B000F035B0DA7
:102D30003B4C450F83B07F0A5E1C2F4300900191EE
:102D4000CA0FC50026420BD036495C18FE2C13DD95
:102D5000FF200023C0051843D207104303B0F0BD85
:102D6000002B02D100200023F4E73D43F0D0802364
:102D7000DB03FF203B43EDE7002C14DD009BFF004D
:102D80009B01581E8341690F3B430B43590741D0B8
:102D90000F211940042928D00433590125D50134C5
:102DA0000023E0B2D6E721001731DBDB80211E20B3
:102DB00009043943001B1F281BDD02267642341B01
:102DC0000E00E6403400202804D0174884466344AF
:102DD00099400D432B00591E8B412343590715D0B1
:102DE0000F2100241940042917D19B015B0AE0B28E
:102DF000B0E70E4C1C192B00A540C340A140681E33
:102E0000854129430B4300245907C1D19B01002070
:102E10005B0A9FE7DB08E0B29CE70433E5E7C046C6
:102E2000FE07000080FCFFFFA2FCFFFF82FCFFFF0B
:102E30001C2101231B04984201D3000C10391B0AEA
:102E4000984201D3000A08391B09984201D30009AE
:102E5000043902A2105C40187047C0460403020205
:102E600001010101000000000000000010B5002970
:102E700003D1FFF7DDFF203002E00800FFF7D8FFA5
:102E800010BDC04680B500AFBFF34F8FC046044BA6
:102E9000044ADA60BFF34F8FC046C046FDE7C04624
:102EA00000ED00E00400FA0580B500AF00F012F874
:102EB00000F08EF800F0C0F800F02AF900F0B8F940
:102EC00000F0CAFA00F03AFC00F0CAFCC046BD4669
:102ED00080BD000090B583B000AF3B1D00221A708A
:102EE000BB1D08221A80BB1C00221A80334ABB1C5F
:102EF00012881A80BB1C1B88314A934207D1314B80
:102F000001221A70304B00221A70FA2351E0BB1CC8
:102F10001B881B0A9BB2DAB22A4B1A70294B1B780A
:102F2000002B02D1274B01221A70BB1C1B88DAB27E
:102F3000254B1A707B1D01221A7032E07B1C002287
:102F40001A7024E0BB1D1B881C4A94466344190078
:102F50007B1D1B785A1E7B1C1B78DBB21C000B8868
:102F600098B21A4913009B009B185B009B181B1911
:102F70005B00021C5A52BB1DBA1D128808321A800F
:102F80007B1C1B78DBB20133DAB27B1C1A707B1C12
:102F90001B78DBB20A2BD5D97B1D1A787B1D013239
:102FA0001A70084B1B787A1D12789A42C6D93B1DBD
:102FB0001B781800BD4603B090BDC04600A80708A6
:102FC000FFFF00007C000020941A00208C160020D7
:102FD00080B582B000AFFB1D00221A70BB1D01221C
:102FE0001A7019E0BB1D1B789BB2013398B2BB1D50
:102FF0001B78013B5A000E4BD31819000EF07FF9D5
:10300000BB1D1B78192B02D9FB1D0A221A70BB1D90
:103010001A78BB1D01321A70064B1B78BA1D127844
:103020009A42DFD9FB1D1B781800BD4602B080BD57
:10303000601A00207C00002090B583B000AFFB1C1C
:1030400000221A70BB1D00221A803B0000221A8049
:103050007B1D00221A704BE03B1D01221A7033E0E9
:10306000BB1D1B881C339BB23A00110018000EF0E8
:1030700046F93B0018887B1D1A783B1D1978C4B2AD
:10308000214813009B009B185B00C318221C5A5454
:103090003B001B881B0A98B27B1D1A783B1D1B78CE
:1030A000591EC4B2184813009B009B185B00C3183C
:1030B000221C5A54BB1D1A88BB1D01321A803B1DAD
:1030C0003A1D127802321A703B1D1B78092BC7D9A2
:1030D0007B1D1A780C4913009B009B185B00CB18D2
:1030E000093300221A707B1D1A787B1D01321A7079
:1030F000064B1B787A1D12789A42ADD9FB1C1B78BF
:103100001800BD4603B090BD001900207C000020CF
:1031100090B583B000AFFB1C00221A70BB1D0022CB
:103120001A803B0000221A807B1D00221A707B1D32
:1031300000221A7015E0BB1D1B88CB3398B27B1D93
:103140001B785A00374BD31819000EF0D8F8BB1D66
:103150001A88BB1D01321A807B1D1A787B1D013233
:103160001A70314B1B787A1D12789A42E3D37B1D7B
:1031700000221A704BE03B1D01221A7033E0BB1D88
:103180001B8899339BB23A00110018000EF0B7F873
:103190003B0018887B1D1A783B1D1978C4B2234860
:1031A00013009B009B185B00C318221C5A543B0061
:1031B0001B881B0A98B27B1D1A783B1D1B78591E71
:1031C000C4B21A4813009B009B185B00C318221C52
:1031D0005A54BB1D1A88BB1D01321A803B1D3A1D73
:1031E000127802321A703B1D1B78092BC7D97B1D40
:1031F0001A780E4913009B009B185B00CB1809330B
:1032000000221A707B1D1A787B1D01321A707B1DFB
:103210001B78092BAFD9FB1C1B781800BD4603B0E7
:1032200090BDC0462C1A00207C0000209C09002084
:10323000B0B588B002AF0B23FB1800221A703B1DFB
:1032400000221A80BB1C00221A8008243B1900228D
:103250001A80BB1D00221A8017257B1900221A70C4
:1032600000233B610023FB603B1D1900E4200EF0AE
:1032700046F803001A003B191A803B191B88002BE3
:1032800003D13B1D1A887B191A703B1D1900E520DC
:103290000EF035F803001A0008243B191A80BB1CF5
:1032A0001900E6200EF02BF803001A00BB1D1A804F
:1032B0003B191B88002B0AD1BB1D1B88002B06D194
:1032C0003B1D1B881B04BA1C12889B183B613B1DCD
:1032D0001900E7200EF013F803001A0008243B1928
:1032E0001A80BB1C1900E8200EF009F803001A0030
:1032F000BB1D1A803B191B88002B0AD1BB1D1B88E4
:10330000002B06D13B1D1B881B04BA1C12889B187E
:10331000FB603B1D1900E9200DF0F1FF03001A00CE
:1033200008217B181A807B181B88002B0BD13B1DB2
:103330001B881B0A9BB2DAB2414B1A703B1D1B88DB
:10334000DAB2404B1A703B1D1900EA200DF0D7FF8E
:1033500003001A0008217B181A807B181B88002B99
:103360000BD13B1D1B881B0A9BB2DAB2364B1A707D
:103370003B1D1B88DAB2354B1A703B1D1900EB2040
:103380000DF0BDFF03001A0008217B181A807B187E
:103390001B88002B0BD13B1D1B881B0A9BB2DAB28A
:1033A0002B4B1A703B1D1B88DAB22A4B1A70244B28
:1033B0001B78002B11D0234B1B78002B0DD0204BFA
:1033C0001D78204B1B78FC6839691722BA181078D1
:1033D00000932B00220007F09DFA1B4B1B78002B5B
:1033E00011D01A4B1B78002B0DD0174B1D78174BA3
:1033F0001B78FC6839691722BA18107800932B00E3
:10340000220007F087FA124B1B78002B11D0114BCA
:103410001B78002B0DD00E4B1D780E4B1B78FC68D3
:1034200039691722BA18107800932B00220007F090
:1034300071FA0B23FB181B781800BD4606B0B0BD0F
:10344000BB1A0020BC1A0020BD1A0020BE1A0020A2
:10345000BF1A0020C01A0020B0B584B000AF0F23FF
:10346000FB1800221A7008243A198A235B00110005
:1034700018000DF044FF03001A000C217B181A807D
:103480007B181B88002B24D13B191B881A1C032393
:103490001340DAB2A44B03210A4050011A7860218C
:1034A0008A43111C021C0A431A703B191B881B0A11
:1034B0009BB21A1C01231340DAB29B4B01210A4034
:1034C00090001A7804218A43111C021C0A431A70C6
:1034D0001FE0964B1B785B069B0FDAB2924B0321E1
:1034E0000A4050011A7860218A43111C021C0A43C9
:1034F0001A708E4B1B785B07DB0FDAB28A4B012107
:103500000A4090001A7804218A43111C021C0A43C5
:103510001A7008243A198E235B00110018000DF070
:10352000EEFE03001A000C217B181A807B181B8802
:10353000002B11D13B191B881BB29BB2DB0BDAB2FB
:10354000794B01210A40D0001A7808218A43111CC6
:10355000021C0A431A700FE0744B1B781B07DB0F29
:10356000DAB2714B01210A40D0001A7808218A434F
:10357000111C021C0A431A7008243A191623FF333F
:10358000110018000DF0BBFE03001A000C217B187F
:103590001A807B181B88002B04D13B191A88644BB6
:1035A0001A8003E0634B1A88614B1A8008243A1989
:1035B0008B235B00110018000DF0A1FE03001A0020
:1035C0000C217B181A807B181B88002B04D13B1917
:1035D0001A88574B5A8003E0564B5A88544B5A80EE
:1035E00008243A191823FF33110018000DF087FE44
:1035F00003001A000C217B181A807B181B88002BF3
:103600000CD13B191B88DAB2494B1A713B191B8844
:103610001B0A9BB2DAB2464B5A7107E0454B1A7946
:10362000434B1A71434B5A79414B5A7108243A194A
:103630008C235B00110018000DF061FE03001A00DE
:103640000C257B191A80BA1D1A23FF3311001800AC
:103650000DF055FE03001A000A217B181A807B1911
:103660001B88002B0DD17B181B88002B09D13B191F
:103670001B881A00BB1D1B881B041A432C4B9A6025
:103680000CE02D4B1B78002B04D0294BE122520279
:103690009A6003E0274B9A68254B9A6008243A19F0
:1036A0008D235B00110018000DF029FE03001A00A5
:1036B0000C217B181A807B181B88002B0CD13B191E
:1036C0001B88DAB21A4B1A733B191B881B0A9BB270
:1036D000DAB2174B5A7305E0154B18225A73144B84
:1036E00000221A7308243A191C23FF331100180012
:1036F0000DF005FE03001A000C217B181A807B18C0
:103700001B88002B05D13B191B88DAB2084B9A762F
:1037100003E0084B9A7E064B9A760F23FB181B7822
:103720001800BD4604B0B0BDB41A0020B81A00207D
:10373000981A002080000020BA1A002080B582B0BC
:1037400000AFBB1D00221A703B0000221A803B1DF7
:1037500000221A80FB1C00221A70FB1D00221A7026
:1037600071E0FB1D1B783B339BB29B009BB23A0080
:10377000110018000DF0C3FD03001A003B1D1A8054
:103780003B1D1B88002B59D13B001B881B0A9AB29A
:10379000FB1C1A70FB1C1B781B09DBB21A00FB1DFB
:1037A0001B7801339A4249D1FB1C1B780F2213402E
:1037B00044D0FB1D1B785A1CFB1C1B780F210B40AF
:1037C000D8B2264913005B009B18CB180133021CAA
:1037D0001A703B001988FB1D1B785A1CC8B21F4980
:1037E00013005B009B18CB180233021C1A70FB1DE0
:1037F0001B785A1C194913005B009B18CB18013326
:103800001A78FB1D1B780133DBB2190010000EF093
:1038100043FBFB1D1B780133D8B2FB1D1B785A1CE0
:103820000E4913005B009B18CB1802331B78012252
:103830001340DBB2002219000EF02CFDFB1D1A789C
:10384000FB1D01321A70FB1D1B78052B89D9BB1D8E
:103850001B781800BD4602B080BDC0465C31002018
:1038600090B585B000AF0F23FB1800221A706F4B84
:10387000BB6032201DF08EFF03003B603B68002BD5
:1038800001D1FB23CEE0BB681B78FE2B01D0FF23C8
:10389000C8E0FB1D00221A70B8E00F23FB180022BD
:1038A0001A7010E0BB685A1CBA6019000F203B1850
:1038B0001B783A68D3180A78D2B21A703B181A7873
:1038C0003B1801321A700F243B191B78132BE9D9CE
:1038D000FB1D1A7813009B009B189B00544A9818F4
:1038E0003B680133142219001FF06FFC3B6814225F
:1038F000002118001FF041FB3B1900221A70BB6821
:103900001433BB600FE0BA680F203B181B7839688E
:10391000CB1812781A70BB680133BB603B183A1899
:10392000127801321A70BB681B78FE2B08D0BB6876
:103930001B78FF2B04D00F23FB181B78312BE2D907
:103940000F217B181B78013B3A68D3181B78002B9A
:1039500004D07B187A18127801321A700F23FB18E2
:103960001A78FB1D1C7810001DF014FF03001900CD
:103970002F4A23009B001B199B00D3180C3319609E
:10398000FB1D1A782A4913009B009B189B00CB183B
:103990000C331B68002B12D1FB1D1A7813009B00FF
:1039A0009B189B00224A9B181422002118001FF02C
:1039B000E4FA3B6818001DF0F7FE0E2332E0FB1D11
:1039C0001A781B4913009B009B189B00CB180C33E3
:1039D00018680F243B191A783B6819001FF0F5FB93
:1039E000144B1B780133DAB2124B1A703B191A7858
:1039F0003B68002118001FF0C0FABB681B78FE2B43
:103A00000AD1FB1D1A78FB1D01321A70FB1D1B78B1
:103A1000042B00D841E700E0C0463B6818001DF0C9
:103A2000C3FE00231800BD4605B090BD00B00708D6
:103A3000481B00203D0A002080B582B000AFFB1D6E
:103A400000221A70BB1D01221A7021E0BB1D1B78D9
:103A50005A1E154B5200D35A002B0DD0BB1D1B789C
:103A60009BB2013398B2BB1D1B785A1E0E4B5200FD
:103A7000D35A19000DF064FCBB1D1B78192B02D919
:103A8000FB1D0A221A70BB1D1A78BB1D01321A7069
:103A9000064B1B78BA1D12789A42D7D9FB1D1B78AA
:103AA0001800BD4602B080BD601A00207C000020D6
:103AB00090B583B000AFFB1C00221A70BB1D002222
:103AC0001A803B0000221A807B1D00221A7047E0FA
:103AD0007B1D1A78284913009B009B185B005B5CD8
:103AE000002B38D03B1D01221A7030E07B1D1A7864
:103AF0003B1D1B78591E204813009B009B185B0040
:103B0000C3185B5C1B0299B27B1D1A783B1D1878A9
:103B1000194C13009B009B185B00E3181B5C1A00F8
:103B20003B008A181A80BB1D1B881C339AB23B00CD
:103B30001B88190010000DF003FCBB1D1A88BB1D6B
:103B400001321A803B1D3A1D127802321A703B1D59
:103B50001B78092BCAD97B1D1A787B1D01321A707C
:103B6000064B1B787A1D12789A42B1D9FB1C1B7840
:103B70001800BD4603B090BD001900207C00002055
:103B8000F0B587B000AFB9607A6019000F243B1917
:103B9000021C1A700E257B190A1C1A701726BB19F5
:103BA00000221A703B191B789BB21900E4200DF01B
:103BB000C7FBBB681B0A9BB21900E5200DF0C0FBD8
:103BC000BB689BB21900E6200DF0BAFB7B681B0AAC
:103BD0009BB21900E7200DF0B3FB7B689BB2190084
:103BE000E8200DF0ADFB7B191B789BB21B029AB24B
:103BF000202310241B19DB191B789BB2D3189BB20E
:103C00001900E9200DF09CFB24231B19DB191B78FC
:103C10009BB21B029AB228231B19DB191B789BB29B
:103C2000D3189BB21900EA200DF08AFB2C231B1934
:103C3000DB191B789BB21B029AB230231B19DB19CC
:103C40001B789BB2D3189BB21900EB200DF078FBC8
:103C5000BB191B781800BD4607B0F0BD80B582B017
:103C600000AFFB1D00221A70284B1A881623FF3361
:103C7000110018000DF064FB244B5A888B235B0065
:103C8000110018000DF05CFB204B5B791B021AB28F
:103C90001E4B1B7B1BB213431BB29AB21823FF337C
:103CA000110018000DF04CFB184B9B689AB28C2346
:103CB0005B00110018000DF043FB144B9B681B0CBC
:103CC0009AB21A23FF33110018000DF039FB0F4B85
:103CD0005B7B1B021AB20D4B1B791BB213431BB249
:103CE0009AB28D235B00110018000DF029FB074BE1
:103CF0009B7E1A001C23FF33110018000DF020FBDF
:103D0000FB1D1B781800BD4602B080BD981A00202C
:103D100080B582B000AFFB1D00221A701B4B34220D
:103D2000002118001FF029F9BB1D01221A7021E0A3
:103D3000BB1D1B785A1E154B5200D35A002B0DD0B9
:103D4000BB1D1B789BB2013398B2BB1D1B785A1E5A
:103D50000E4B5200D35A19000DF0F2FABB1D1B781E
:103D6000192B02D9FB1D0A221A70BB1D1A78BB1D24
:103D700001321A70064B1B78BA1D12789A42D7D9B5
:103D8000FB1D1B781800BD4602B080BD601A0020E4
:103D90007C000020B0B58EB002AF1423F8180A25BD
:103DA0007A191823F9180823FB180093030001203F
:103DB0000DF042FC0C23F818BA1D1023F9183B1D16
:103DC0000093030002200DF037FC1C217B18012218
:103DD0005A607B1800229A607B191B881A007B1896
:103DE0001A60BB691A000C007B181900100019F04A
:103DF00055FB21007B1800225A607B1802229A6032
:103E00003B1D1B881A007B181A60FB681A007B1880
:103E10001900100019F042FBBB6918007B191B88C0
:103E20000022190019F0C3FC05200FF015FCFB68F7
:103E30001A003B1D1B881900100019F09BFC031E83
:103E400017D1BB6918007B191B880122190019F0D2
:103E5000AEFC05200FF000FCFB681A003B1D1B8820
:103E60001900100019F086FC0300012B01D1012379
:103E700000E000231800BD460CB0B0BD90B585B081
:103E800000AF78600F23FB1800221A701CE00F248B
:103E90003B191A78114913005B009B189B00CB1843
:103EA00008331A687B6811001800FCF72DF9031E0F
:103EB00004D13B191B780133DBB20BE00F217B18D7
:103EC0001A787B1801321A700F23FB181B78002B0D
:103ED000DDD000231800BD4605B090BD383000206D
:103EE00080B584B000AF78600F23FB1800221A70F1
:103EF00041E0264A7B6811001800FCF705F9031E13
:103F000001D101233DE0224A7B6811001800FCF733
:103F1000FBF8031E01D1022333E01E4A7B68110027
:103F20001800FCF7F1F8031E01D1032329E01A4A17
:103F30007B6811001800FCF7E7F8031E01D1042389
:103F40001FE0164A7B6811001800FCF7DDF8031E1D
:103F500001D1052315E0124A7B6811001800FCF717
:103F6000D3F8031E01D106230BE00F217B181A782A
:103F70007B1801321A700F23FB181B78052BB8D958
:103F800000231800BD4604B080BDC04674820208FC
:103F9000788202087C8202088082020884820208F9
:103FA0008882020880B582B000AF0FF01BF80FF0D6
:103FB00015FA0DF079F90DF02FFA0CF035FE0FF02F
:103FC000B1FA0DF07BF80FF0E7FA0DF087FA031E57
:103FD00003D00DF00BFAFEF755FFFFF7DBFE031ED3
:103FE00021D03A4B01221A7032200FF035FB0CF031
:103FF000F3FC374BE12252029A60FB1D01221A703A
:104000000CE0334B9A68FB1D1B78110018000FF071
:1040100071FFFB1D1A78FB1D01321A70FB1D1B7806
:10402000052BEED904E032200FF016FB0CF0D4FC87
:10403000FEF73AFF10F0C8F80CF030FE254B1B7865
:10404000002B13D1A023DB0501224021180019F019
:10405000AEFBFA235B0018000FF0FEFAA023DB058D
:1040600000224021180019F0A2FB26E0A023DB0566
:1040700001224021180019F09AFBFA235B00180076
:104080000FF0EAFAA023DB0500224021180019F006
:104090008EFB64200FF0E0FAA023DB050122402113
:1040A000180019F084FB64200FF0D6FAA023DB057A
:1040B00000224021180019F07AFB06F017FA064B8F
:1040C00001221A70C046BD4602B080BDBA1A002057
:1040D000981A0020941A00203B0A002080B500AFF7
:1040E00017F00AF80CF068F8FFF75CFF06F022FA08
:1040F00013F040FDC046BD4680BD0000F0B587B05E
:1041000002AF0F23FB1800221A700E23FB180022A7
:104110001A700D23FB1800221A707B1D00221A70E2
:104120003B1D00221A700C23FB1800221A700B236F
:10413000FB1800221A700A23FB1800221A700924A7
:104140003B1900221A70BB1C00221A80B84B0122B6
:104150001A700823FB1800221A70B64B1B7818003F
:1041600000F0FAFC322013F00DFD3B1901221A7009
:1041700013E009217B181B785A1EAF4B9200D35ACB
:10418000002B04D00823FB187A1812781A70092122
:104190007B181A787B1801321A700923FB181B78D8
:1041A000052BE6D9FB1D01221A701BE0A14B1B78E1
:1041B000FA1D12789A4210D0FA1D0823FB181278C3
:1041C0001B789A4209D0FB1D1B7818000FF0B2FE35
:1041D0000300012118000FF0D7FEFB1D1A78FB1D0C
:1041E00001321A70FB1D1B78052BDFD9914B1B7810
:1041F000180000F0B1FC914B02221A70322013F02B
:10420000C1FC0E23FB1801221A700923FB1801229E
:104210001A7041E009217B181B785A1E864B9200C8
:10422000D35A002B32D00E243B193A19127801329E
:104230001A70834B3A1912785A70824B3A191278D5
:104240001A707F4B00221A700D007B181878032318
:10425000009310230022002106F07AFF3B191B78FF
:104260009BB21B029BB27A191278511E724A8900C6
:104270008A5AD2B211007A191278013A5B1899B2AF
:104280006D4B9200D152322013F07CFC09217B1837
:104290001A787B1801321A7009217B181B78052BBC
:1042A000B8D9694B1A88694B1A807B1801221A7099
:1042B0005CE009243B191B785A1E5F4B9200D35ACD
:1042C000002B4DD03B191B78591EBB1C5A4A890044
:1042D0008A5A1A80BB1C1B881B0A9AB27B1D1A7053
:1042E0003B191B785A1E544B9200D25A3B1D1A7030
:1042F0007B1D1B78DB001AB23B1D1B781BB21343DE
:1043000019B23B191A7889B2504B5200D1523B195D
:104310001B78013B7A1D1278013A47499B00CB1864
:1043200002331888494B16214A43011CD152404B95
:104330001B78DB001AB23B191B781BB2134319B26E
:104340007B1D1B785A1E3B1D18788CB23F49130009
:104350009B009B185B009B181B185B00221C5A5289
:1043600009217B181A787B1801321A700923FB186F
:104370001B78052B9DD90C23FB1802221A7017E01D
:104380000E23FB181B789BB21622534399B22F4A77
:104390000C243B1918780B00112106F053FE0A205B
:1043A00013F0F0FB21007B181A787B1801321A7089
:1043B0000C23FA180E23FB1812781B789A42DFD9C7
:1043C00074E10C23FB1802221A7061E1BB1D01226B
:1043D0001A700AE0BB1D1B78013B194A0121D15418
:1043E000BB1D1A78BB1D01321A70BB1D1B780A2B2E
:1043F000F0D9134B00229A720C243B191B780B2224
:104400000E21180006F0CCFD322013F0BBFB3B1947
:104410001B7800220C21180006F0C2FD96235B00D9
:10442000180013F0AFFB0B23FB1801221A7061E098
:10443000941A0020380A0020981500203A0A00201B
:10444000680B00207C0000207A0000208C160020E1
:104450000B203B181B78591EBB1CDD4A89008A5A69
:104460001A80BB1C1B881B0A9AB27B1D1A70BB1CCE
:104470001B88002B38D07B1D1B78002B34D10E21DC
:104480007B187A18127801321A70D24B7A18127887
:104490005A70D14B7A1812781A707B181B789BB21D
:1044A0001B029BB23A181278511EC94A89008A5AD7
:1044B000D2B211003A181278013A5B1899B2C44B83
:1044C0009200D152C34B01221A70C24B3A18127893
:1044D0009A700C23FB181B7803221021180006F099
:1044E0005FFD322013F04EFB0B217B181A787B18EE
:1044F00001321A700B22BB181B780A2BA8D9BB18E3
:1045000001221A708EE00B243B191B785A1EB04B07
:104510009200D35A002B00D17EE03B191B78591E24
:10452000BB1CAB4A89008A5A1A80BB1C1B881B0A19
:104530009AB27B1D1A703B191B785A1EA44B92002D
:10454000D25A3B1D1A707B1D1B78012B64D00C25A1
:104550007B191B785A1E3B191878A04913009B0041
:104560009B185B009B181B185B005B5A002B18D133
:104570007B1D1B78DB001AB23B1D1B781BB213435B
:1045800019B27B191B785A1E3B1918788CB29349C3
:1045900013009B009B185B009B181B185B00221CE0
:1045A0005A527B1D1B785A1E3B1D18788B491300ED
:1045B0009B009B185B009B181B185B005B5A002B31
:1045C0002AD10B243B191B78013B7A1D1278013A42
:1045D0007F499B00CB1802331888804B16214A4331
:1045E000011CD1520C23FB181B78DB001AB23B19BB
:1045F0001B781BB2134319B27B1D1B785A1E3B1D3F
:1046000018788CB2754913009B009B185B009B18AF
:104610001B185B00221C5A520B217B181A787B183E
:1046200001321A700B243B191B780A2B00D86AE759
:10463000674B1422002118001EF09FFC3B19022238
:104640001A7017E00E23FB181B789BB216225343F7
:1046500099B2624A0B243B1918780B00112106F01D
:10466000F1FC642013F08EFA21007B181A787B1875
:1046700001321A700B23FA180E23FB1812781B78DC
:104680009A42DFD90C217B181A787B1801321A70F4
:104690000C23FA180E217B1812781B789A4200D846
:1046A00094E60D23FB187A1812781A700D23FA1865
:1046B0000E23FB1812781B789A4200D081E6484BF3
:1046C0001B78180000F048FA322013F05BFA0C2334
:1046D000FB1801221A7020E00C23FB181B78591ECE
:1046E000BB1C404A89008A5A1A80BB1C1B881B0AC3
:1046F0009AB27B1D1A70BB1C1B88002B07D07B1D38
:104700001B78002B03D10F23FB1805221A700C21F4
:104710007B181A787B1801321A700C22BB181B7890
:10472000052BD9D9BB1802221A703DE00C23FB18C7
:104730001B7800220C21180006F032FC96235B0047
:10474000180013F01FFA0B23FB1801221A7020E047
:104750000B23FB181B78591EBB1C1D4A89008A5A63
:104760001A80BB1C1B881B0A9AB27B1D1A70BB1CCB
:104770001B88002B07D07B1D1B78002B03D10F2338
:10478000FB1805221A700B217B181A787B1801324E
:104790001A700B23FB181B780A2BD9D90C217B1814
:1047A0001A787B1801321A700C23FA180E23FB18A2
:1047B00012781B789A42B9D90F23FB181B78002B6B
:1047C00000D057E10923FB1801221A7024E0C046EB
:1047D000AC150020680B00207C0000208C16002007
:1047E000380A002098150020D44B1B881BB20920E2
:1047F0003A181278013A8021090211410A0012B2D6
:10480000D24312B213401BB29AB2CC4B1A803B185F
:104810001A783B1801321A700923FB181B78052BF4
:10482000E2D90C23FB180E22BA1812781A70F3E0A2
:104830000A23FB1801221A70A9E00C243B191B78EB
:104840005A1E0A257B191878BD4913009B009B1836
:104850005B009B181B185B005B5A002B21D17B1956
:104860001B78013BB74A0021D15420003B181B782C
:104870005A1EB24B5200D35A1BB27A191278013A1F
:104880008021090211410A0012B2D24312B2134030
:1048900019B23B181B785A1E89B2A84B5200D1524C
:1048A0006FE00C257B191B785A1E0A26BB191C7851
:1048B000B91CA34813009B009B185B009B181B1995
:1048C0005B001B5A0B80BB1C1B88DB089AB27B1D4C
:1048D0001A70BB1C1B88DAB23B1D07210A401A70F4
:1048E0007B1D1B785A1E954B5200D35A19003B1D55
:1048F0001B78013B802212021A4113000B401ED18B
:10490000BB191B78013B8F4A0121D1547B191B78BD
:104910005A1E8A4B5200D35A1AB2BB191B78013B5C
:104920008021090219410B001BB2134319B27B19F4
:104930001B785A1E89B2814B5200D15221E00A20C5
:104940003B181B78013B7F4A0021D1540C243B19B2
:104950001B785A1E794B5200D35A1BB23A18127860
:10496000013A8021090211410A0012B2D24312B267
:10497000134019B23B191B785A1E89B26F4B520073
:10498000D1520A217B181A787B1801321A700A2337
:10499000FB181B780A2B00D84FE70C243B191B7817
:1049A0001900012000F0F8FA20003B181B78013BA9
:1049B000654AD35C5A1E7B1D64498A5C1A703C1D93
:1049C0007B1D1A7805003B181B781100180000F0B9
:1049D000E3FA030023707A1D7B1912781B789A4240
:1049E00006D03B1D1B78013B564AD35C012B02D1FC
:1049F000544B01229A720C243B191B780B220E2176
:104A0000180006F0CDFA0A2013F0BCF821007B183C
:104A10001A787B18013A1A700C23FB181B78012BAB
:104A200000D905E70923FB1801221A701DE0484B45
:104A30001B7809217A1812789A4210D07A18082324
:104A4000FB1812781B789A4209D07B181B78180043
:104A50000FF070FA0300002118000FF095FA0921F9
:104A60007B181A787B1801321A700923FB181B78FF
:104A7000052BDCD90F23FB181B78002B25D10C2329
:104A8000FB1802221A7019E00C243B191B78002233
:104A90000121180006F084FA3B191B78013B2A4AD1
:104AA000D35C1A0013009B009B185B00180013F0E6
:104AB00069F83B191A783B1901321A70254B1B789B
:104AC0000C22BA1812789A42DED90F23FB181B78F1
:104AD000002B2CD10BF0A4FCFEF7AEFF642013F0EA
:104AE00051F80C23FB1802221A7019E00C243B1910
:104AF0001B7800221521180006F052FA3B191B788A
:104B0000013B114AD35C1A0013009B009B185B0009
:104B1000180013F037F83B191A783B1901321A7054
:104B20000C4B1B780C22BA1812789A42DED90F234C
:104B3000FB181B781800BD4605B0F0BD601A0020B8
:104B40008C160020680B0020C81800201C230020B1
:104B5000380A00207C00002080B586B002AF020039
:104B6000FB1D1A700E23FB1800221A700F23FB186E
:104B700001221A7028E00F217A18FB1D12781B7889
:104B80009A421BD0164B1B881B0A9BB2DAB2154BFC
:104B90001A70134B1B88DAB2124B5A70114B7A18E9
:104BA00012789A707B181878032300930A23002246
:104BB000002106F0CDFA052012F0E4FF0F217B184A
:104BC0001A787B1801321A700F23FB181B78052BFB
:104BD000D1D90E23FB181B781800BD4604B080BD48
:104BE0007A000020680B0020F0B58DB000AF1F23C5
:104BF000F918087069460E0013211823CB18D9192B
:104C00000020087017211823CB18D919002008702C
:104C100016211823CB18D919002008701520182345
:104C2000C318D9190020087014201823C318D919E3
:104C300000200870D5490978080001387862396188
:104C4000002078613A697B691000400F3A617B610E
:104C5000DD0005433B69DC003960002078603C687A
:104C60007D682300580F2B00DB00FB60FB680343CB
:104C7000FB602300DB00BB600B000733DB08DB00BD
:104C80006A46D31A9D466B4600333B6216211823B1
:104C9000CB18DB1900221A7018E016201823C3184D
:104CA000DB191B783A6A0021D1541823C318DB1989
:104CB0001A78B74B52000021D1521823C318DB19C0
:104CC0001A781823C318DB1901321A70AF4B1B78FE
:104CD000162218215218D21912789A42DDD31521C2
:104CE0001823CB18DB1918228A18D219127801322E
:104CF0001A701F23FB181B78013B3A6A080018241E
:104D00000919C9190978D1541823C318DB191822B5
:104D10008218D219127801321A70172318229B18A0
:104D2000DB1901221A7054E01F23FB181B785A1E4E
:104D300017241823E318DB191878964913009B00F1
:104D40009B185B009B181B185B005B5A002B36D02E
:104D50001F23FB181B785A1E8D4B5200D35A1AB2D0
:104D600020001823C318DB191B78013B012199404F
:104D70000B001BB2134319B21F23FB181B785A1EDA
:104D800089B2834B5200D1521F23FB181B785A1E45
:104D90001823C318DB1918787E4913009B009B1851
:104DA0005B009B181B185B005B5ADB089BB2013B46
:104DB0003A6A152118200918C9190978D154172100
:104DC0001823CB18DB191A781823CB18DB190132FA
:104DD0001A70172318229B18DB191B78062BA3D9EE
:104DE000142318229B18DB1900221A70152218238D
:104DF000D318DB1918215218D219127801321A70FF
:104E0000162318229B18DB1900221A70A2E0162321
:104E100018229B18DB191B783A6AD35C1A001523F9
:104E200018215B18DB191B78013B9A4200D087E000
:104E3000172318229B18DB1901221A7078E0162418
:104E40001823E318DB191A7817251823EB18DB1938
:104E50001878504913009B009B185B009B181B1887
:104E60005B005B5A002B59D01823E318DB191A7822
:104E70001823EB18DB191878464913009B009B1880
:104E80005B009B181B185B005B5ADB089BB2013B65
:104E90003A6AD35C002B41D120001823C318DB19D8
:104EA0001A783B4B5200D35A1AB22C001823E3183D
:104EB000DB191B78013B012199400B001BB2134306
:104EC00019B21823C318DB191A7889B2304B520073
:104ED000D1521823C318DB191A781823E318DB19E9
:104EE00018782C4913009B009B185B009B181B181B
:104EF0005B005B5ADB089BB2013B3A6A1521182024
:104F00000918C9190978D15414221823D318DB19A8
:104F100018215218D219127801321A701721182349
:104F2000CB18DB191A781823CB18DB1901321A7049
:104F3000172318229B18DB191B78062B00D87EE755
:104F400016211823CB18DB191A781823CB18DB1974
:104F500001321A700D4B1B78162218215218D219E3
:104F600012789A4200D252E7142318229B18DB19B8
:104F70001B78002B00D033E7132318229B18DB1972
:104F80001B78B5461800BD460DB0F0BD7C00002072
:104F9000C01500208C160020B0B594B000AF020000
:104FA000FB1D1A70BB1D0A1C1A700823FB18002277
:104FB0001A6004332E22002118001DF0DEFF3B236F
:104FC000FB1800221A704F23FB1800221A703A2394
:104FD000FB1800221A704E23FB1800221A709F4BF8
:104FE0001A22002118001DF0C8FFFB1D1B78013B91
:104FF0009B4A0021D154FB1D1B78013B994A00219B
:10500000D1540123BB6432E0FB1D1B785A1E964924
:1050100013009B009B185B009B18BA6C9B185B00ED
:105020005B5A002B20D0FB1D1B785A1E8E491300A3
:105030009B009B185B009B18BA6C9B185B005B5A2B
:10504000DB089AB2BB1D1B789BB29A420CD1BB1DE8
:105050001B78013B824A0121D154804BBA1D127842
:105060001A70BB6CDBB2F5E0BB6C0133BB64BB6C8C
:10507000062BC9DD01237B6411E0FB1D1B787A6CD4
:105080009A4209D07B6C013B754AFF21D1547B6C5D
:10509000013B744A0021D1547B6C01337B64734B18
:1050A0001B781A007B6C9342E7DD77E008243A19FD
:1050B0006B4B1100180000F0DBF803001A004F21C1
:1050C0007B1801321A707A18BB1D12781B789A422D
:1050D0006DD07B181B78013B3A190121D154432331
:1050E000FB1801221A7054E04F243B191B785A1EFA
:1050F00043257B1918785C4913009B009B185B00C3
:105100009B181B185B005B5A002B3CD03B191B788B
:105110005A1E7B191878544913009B009B185B009A
:105120009B181B185B005B5ADB089AB23A217B186C
:105130001A707B181B78013B0822BA18D35C002B2D
:1051400021D13B191B78013B454AD25C3B203B18DF
:1051500001321A707B181B78013B414AD35C050071
:105160003A1812789A420ED208007B181B78013B3D
:105170003B4A79190978D1543B181B78013B394ACD
:1051800039190978D15443217B181A787B180132D8
:105190001A704323FB181B78062BA5D90823FB188C
:1051A000180000F0A9F8031E00D17FE700E0C04618
:1051B00013E04E22BB181B78BA18591C1170190045
:1051C000264B4F203A1812785A5401007B181B784E
:1051D0005A1E7B1823498A5C1A704F23FB181B78D0
:1051E000013B204AD35C002BE3D10123FB632DE07C
:1051F000FB1D1B785A1E1C4913009B009B185B006B
:105200009B18FA6B9B185B005B5A002B1BD0FB1D95
:105210001B785A1E144913009B009B185B009B18B7
:10522000FA6B9B185B005B5ADB089BB2BA1D1278C5
:10523000013A0B498A5C013A08498A5C934202D1DF
:10524000FB6BDBB206E0FB6B0133FB63FB6B062BF6
:10525000CEDD00231800BD4614B0B0BD1C230020D5
:10526000C8180020E41800208C1600207C000020C4
:1052700080B584B000AF786039600F217B18FF22C1
:105280001A700E23FB1800221A703B681B78002B43
:1052900003D17B187A6812781A700023BB601BE078
:1052A000BB687A68D3181B780F217A1812789A4253
:1052B0000FD9BB683A68D3181B78002B09D1BB689B
:1052C0007A68D2187B1812781A700E23FB18BA6805
:1052D0001A70BB680133BB60064B1B781A00BB68B1
:1052E0009342DDDB0E23FB181B781800BD4604B08B
:1052F00080BDC0467C00002080B584B000AF7860DF
:105300000F23FB1801221A700023BB600CE0BB685E
:105310007A68D3181A780F217B18791809780A400F
:105320001A70BB680133BB60064B1B781A00BB6860
:105330009342ECDB0F23FB181B781800BD4604B02A
:1053400080BDC0467C000020F0B587B002AF0200EF
:10535000FB1D1A70854A864B110018001DF08EFD4A
:10536000834B1800FAF7DAFE03009AB28049FB1D5E
:10537000187801235B42009332230EF025FD0F23A2
:10538000FB1801221A701BE00F243B191A78794987
:10539000774B18001DF072FD754B1800FAF7BEFE32
:1053A00003009AB27249FB1D187801235B420093F7
:1053B00032230EF009FD3B191A783B1901321A709D
:1053C0000F23FB181B78052BDED96B49FB1D1878C2
:1053D00001235B420093322303220EF0F5FC0E23DF
:1053E000FB1800221A70ABE00E243B191B785A1CE4
:1053F00062495F4B18001DF041FD5D4B1800FAF744
:105400008DFE03009AB25A49FB1D187801235B42B6
:10541000009332230EF0D8FC3B191A78584B162112
:105420004A43D35A1A0013005B009B185B00554A8D
:1054300099184F4B052218001DF0D3FD4C49FB1D58
:10544000187801235B420093322305220EF0BCFC46
:105450004D49FB1D187801235B4200933223012242
:105460000EF0B2FC0D23FB1801221A7053E00E233C
:10547000FB181A780D23FB181878414913009B007C
:105480009B185B009B181B185B005B5A002B06D116
:105490003E49374B002218001DF0F0FC26E00E2597
:1054A0007B191A780D26BB191878354913009B0013
:1054B0009B185B009B181B185B005B5ADB089BB2B8
:1054C0001C007B191A78BB1918782D4913009B0012
:1054D0009B185B009B181B185B005B5A1A00072384
:1054E00013402B49224822001DF0C8FC204B180015
:1054F000FAF714FE03009AB21D49FB1D1878012328
:105500005B42009332230EF05FFC0D217B181A786A
:105510007B1801321A700D23FB181B78052BA6D9B6
:105520001C49FB1D187801235B42009332230222A1
:105530000EF04AFC0E217B181A787B1801321A7083
:10554000154B1B780E22BA1812789A4200D24BE7FC
:105550001249FB1D187801235B420093322301227C
:105560000EF032FCC046BD4605B0F0BD8C8202088C
:1055700048090020A0820208A8820208AC82020822
:105580008C160020987C0208B8820208BC820208AF
:10559000C0820208C88202087C000020CC82020877
:1055A00090B587B002AF0200FB1D1A703C4A3D4B1C
:1055B000110018001DF062FC3A4B1800FAF7AEFD1E
:1055C00003009AB23749FB1D187801235B42009310
:1055D00032230EF0F9FB0F23FB1801221A703EE074
:1055E0000E23FB1801221A702EE00F203B181B78A7
:1055F0005A1E2D4B5200D35A19000E243B191B780A
:10560000013B802212021A4113000B4016D03B18B6
:105610001A783B191B78254922481DF02FFC214B95
:105620001800FAF77BFD03009AB21E49FB1D18789B
:1056300001235B42009332230EF0C6FB0E217B1840
:105640001A787B1801321A700E23FB181B780A2B6C
:10565000CBD90F217B181A787B1801321A70144BA2
:105660001B780F22BA1812789A42B9D9114A0D4BF9
:10567000110018001DF002FC0A4B1800FAF74EFD4D
:1056800003009AB20749FB1D187801235B4200937F
:1056900032230EF099FBC046BD4605B090BDC04612
:1056A000D082020848090020601A0020EC8202081B
:1056B0007C00002000830208F0B589B002AF020030
:1056C000FB1D1A701223FB1800221A8012F0D2FB65
:1056D0000300FB60FB6800221A70C74B1B781A009E
:1056E000C649C74B18001DF0C9FBC54AFB6811002D
:1056F00018001DF04AFCC34B1B781A00C249C04B6E
:1057000018001DF0BBFBBE4AFB68110018001DF01D
:105710003CFCBE49BA4800230093042300221DF03C
:10572000ADFBB74AFB68110018001DF02EFCB84A0B
:10573000B849B34B18001DF0A1FBB14AFB6811003A
:1057400018001DF022FCB44AB449AD4B18001DF0FE
:1057500095FBAB4AFB68110018001DF016FCB04A1F
:10576000A74B110018001DF089FBA54AFB6811002A
:1057700018001DF00AFC1723FB1801221A7048E0DC
:1057800017243B191A78A7499D4B18001DF076FB8A
:105790009B4AFB68110018001DF0F7FB3B191B78B2
:1057A000A14AD35C042B27D89A00A04BD3181B68BE
:1057B0009F469F4A924B110018001DF05FFB1CE0B2
:1057C0009C4A8F4B110018001DF058FB15E09A4AB7
:1057D0008B4B110018001DF051FB0EE0974A884BCF
:1057E000110018001DF04AFB07E0954A844B110098
:1057F00018001DF043FB00E0C046814AFB68110021
:1058000018001DF0C2FB17217B181A787B18013293
:105810001A701723FB181B78052BB1D9894A784BCE
:10582000110018001DF02AFB754AFB6811001800D2
:105830001DF0ABFB1623FB1801221A7043E0162162
:105840007B181B785A1E804B9200D3581B68002B84
:105850000DD17B181A787D49694B18001DF00EFB9D
:10586000674AFB68110018001DF08FFB25E0162623
:10587000BB191C78BB191B785A1E734B9200D35866
:105880009B6A18000BF078F903001D00BB191B7808
:105890005A1E6F4B9200D35818000BF06DF903009D
:1058A0006C49574800932B0022001DF0E7FA544A38
:1058B000FB68110018001DF068FB16217B181A7890
:1058C0007B1801321A701623FB181B78062BB6D9E9
:1058D000FB681800FAF722FC03001A00FB689A180C
:1058E0005D4B1000190003231A001DF06EFCFB68CD
:1058F0001800FAF713FC03001A00FB689A18574BBC
:10590000100019001D231A001DF05FFCFB68180031
:10591000FAF704FC02001223FB181A801523FB1867
:1059200001221A7023E0344B1B785A1E4C4B520054
:10593000D35A190015203B181B78013B8022120214
:105940001A4113000B400CD03B181A7845492C4BD8
:1059500018001DF093FA2A4AFB68110018001DF088
:1059600014FB15217B181A787B1801321A70152345
:10597000FB181B78052BD6D91223FB181C88FB6853
:105980001800FAF7CBFB03009C420ED1FB6818000D
:10599000FAF7C4FB03001A00FB689A18324B100098
:1059A000190005231A001DF010FCFB681800FAF717
:1059B000B5FB03001A00FB689A18274B100019006A
:1059C00003231A001DF001FCFB1D1B78002B0ED0D9
:1059D000FB681800FAF7A2FB03009AB2F968FB1DF6
:1059E000187801235B42009332230EF0EDF9C04694
:1059F000BD4607B0F0BDC046941A002020830208BF
:105A000048090020380A00203C8302085883020815
:105A100078830208848302089C830208A883020812
:105A2000C4830208D8830208480A0020DC840208E4
:105A3000E0830208E8830208008402080C8402085C
:105A400028840208488402089430002060840208F8
:105A5000782100207C840208C8820208AC840208F5
:105A6000601A0020CC840208D484020890B585B066
:105A700000AF78600E23FB1800221A700F23FB186A
:105A800000221A704A4A7B6811001800FAF73CFBA2
:105A9000031E03D1474B1B781BB285E0464A7B6847
:105AA00011001800FAF730FB031E01D1FF237BE041
:105AB0007B681B78232B25D17B68013318001BF0F2
:105AC00062FE02000E217B181A700A00BB181B78B8
:105AD000002B0AD0394B1B781100BA1812789A4261
:105AE00003D87B181B781BB25EE0324B1B780E226A
:105AF000BA1812789A4203D12E4B1B781BB253E08E
:105B0000662351E00F23FB1800221A701DE00F24BA
:105B10003B191A7813009B009B185B00284A9A18BF
:105B20007B6811001800FAF7EFFA031E07D17B68B3
:105B30001B78002B03D03B191B781BB234E00F21DC
:105B40007B181A787B1801321A701C4B1B780F21B6
:105B50007A1812789A42DAD37B1800221A701DE064
:105B60000F243B191A7813009B009B185B00154A01
:105B70009A187B6811001800FAF7C6FA031E07D1BD
:105B80003B191B781B021BB2FE2213431BB20BE016
:105B90000F217B181A787B1801321A700F23FB181B
:105BA0001B78092BDCD964231800BD4605B090BDD5
:105BB000F0840208941A0020F48402087C0000207B
:105BC000001900209C090020B0B586B000AF02008B
:105BD0003960FB1D1A701323FB1800221A70002372
:105BE0007B6100237B610FE07B699A00404BD218F8
:105BF0003B6811001800FAF787FA031E01D106234B
:105C000071E07B6901337B617B69032BECDD012350
:105C10007B6112E07A6913009B009B185B00354A98
:105C20009A183B6811001800FAF76EFA031E01D1AA
:105C3000072358E07B6901337B612F4B1B781A00E7
:105C40007B699342E6DB00237B6112E07A691300F3
:105C50009B009B185B00294A9A183B6811001800AA
:105C6000FAF752FA031E01D107233CE07B690133A6
:105C70007B617B69092BE9DD214B224A1A6019E01F
:105C80001F4B1B681B681B68FB60FB681800FAF75A
:105C900045FA0300BB60BA68F9683B6818001DF05C
:105CA0008FF9031E01D108231DE0154B1B685A68AC
:105CB000134B1A60124B1B68002BE1D1FB1D1A78A5
:105CC00013009B009B185B000A4A9B183A6811005E
:105CD00018001DF072FA13257C19FDF7E9FE030088
:105CE00023707B191B781800BD4606B0B0BDC046B6
:105CF000C07D0208001900207C0000209C090020C3
:105D0000C41A0020D001002080B588B000AF020086
:105D10003960FB1D1A701723FB1800221A7000232C
:105D2000FB610023BB610023FB6129E0FA691300DA
:105D30009B009B185B005B4A9A183B681100180097
:105D4000FAF7E2F9031E18D1FB1D1B785A1E564BB9
:105D50005200D35A1AB20121FB6999400B001BB2C1
:105D6000134319B2FB1D1B785A1E89B24E4B5200C9
:105D7000D1521723FB181B7890E0FB690133FB61BC
:105D8000FB69092BD2DD0023BB610FE0BB699A00E0
:105D9000464BD2183B6811001800FAF7B5F9031EFC
:105DA00001D106237AE0BB690133BB61BB69032BD8
:105DB000ECDD0123BB6112E0BA6913009B009B1864
:105DC0005B003B4A9A183B6811001800FAF79CF9EF
:105DD000031E01D1072361E0BB690133BB61354B71
:105DE0001B781A00BB699342E6DB334B334A1A60D7
:105DF00019E0314B1B681B681B683B613B6918004D
:105E0000FAF78CF90300FB60FA6839693B681800FF
:105E10001DF0D6F8031E01D108233FE0264B1B6876
:105E20005A68254B1A60244B1B68002BE1D10023D4
:105E3000FB6118E01B49FA6913009B009B185B008B
:105E40005B5C002B0CD1FA6913009B009B185B0074
:105E5000144A9B183A68110018001DF0AEF905E0CD
:105E6000FB690133FB61FB69092BE3DDFB1D1B783B
:105E70005A1E0D4B5200D35A1AB20121FB699940A8
:105E80000B001BB2134319B2FB1D1B785A1E89B2BB
:105E9000054B5200D1521723FB181B781800BD4642
:105EA00008B080BD9C0900202C1A0020C07D02088B
:105EB000001900207C000020C81A0020D00100201A
:105EC00080B586B000AFB9607A6019000F23FB1867
:105ED000021C1A700E203B180A1C1A701623FB189D
:105EE00020221A807A6880231B059A4200D3D4E0CE
:105EF0007B68DAB2E54B1A70E44B3A1812785A70A4
:105F00003B181B78082B00D9BDE19A00E04BD31851
:105F10001B689F46BB681B78DAB2DC4B9A700F2374
:105F2000FB181B7803222021180005F039F8B4E192
:105F3000BB681B785BB2DAB2D44B9A700F23FB18A4
:105F40001B7803222021180005F02AF8A5E1BB6880
:105F50001B889BB2DAB2CD4B9A70BB681B889BB290
:105F60001B0A9BB2DAB2C94BDA700F23FB181B78FD
:105F700004222021180005F013F88EE1BB681B886D
:105F80001BB2DAB2C14B9A70BB681B881BB21B12E2
:105F90001BB2DAB2BD4BDA700F23FB181B78042258
:105FA0002021180004F0FCFF77E1BB681B68DAB21F
:105FB000B64B9A70BB681B681B0ADAB2B34BDA7037
:105FC000BB681B681B0CDAB2B04B1A71BB681B684C
:105FD0001B0EDAB2AD4B5A710F23FB181B78062249
:105FE0002021180004F0DCFF57E1BB681B68DAB21F
:105FF000A64B9A70BB681B681B12DAB2A34BDA700F
:10600000BB681B681B14DAB2A04B1A71BB681B6813
:106010001B16DAB29D4B5A710F23FB181B78062210
:106020002021180004F0BCFF37E1BB681B78DAB20E
:10603000964B9A70BB6801331B78DAB2934BDA70D7
:10604000BB6802331B78DAB2904B1A71BB6803331A
:106050001B78DAB28D4B5A71BB6804331B78DAB205
:106060008A4B9A71BB6805331B78DAB2874BDA71B9
:10607000BB6806331B78DAB2844B1A72BB680733ED
:106080001B78DAB2814B5A720F23FB181B780A2255
:106090002021180004F084FFFFE07C4B00221A70DE
:1060A0007A4B0E217A1812785A707B681B0EDAB27E
:1060B000764B9A707B681B0CDAB2744BDA707B6893
:1060C0001B0ADAB2714B1A717B68DAB26F4B5A71E4
:1060D0007B181B78082B00D9DEE09A006D4BD31893
:1060E0001B689F46BB681B78DAB2684B9A7116230F
:1060F000FB1819880F23FB181B780722180004F0DF
:106100004FFFCAE0BB681B785BB2DAB25F4B9A7193
:106110001623FB1819880F23FB181B780722180079
:1061200004F03EFFB9E0BB681B889BB2DAB2574B64
:106130009A71BB681B889BB21B0A9BB2DAB2534BA5
:10614000DA711623FB1819880F23FB181B78082215
:10615000180004F025FFA0E0BB681B881BB2DAB270
:106160004A4B9A71BB681B881BB21B121BB2DAB276
:10617000464BDA711623FB1819880F23FB181B787E
:106180000822180004F00CFF87E0BB681B68DAB235
:106190003E4B9A71BB681B681B0ADAB23B4BDA7143
:1061A000BB681B681B0CDAB2384B1A72BB681B68E1
:1061B0001B0EDAB2354B5A721623FB1819880F23BF
:1061C000FB181B780A22180004F0EAFE65E0BB68A1
:1061D0001B68DAB22D4B9A71BB681B681B12DAB2CE
:1061E0002A4BDA71BB681B681B14DAB2274B1A7290
:1061F000BB681B681B16DAB2244B5A721623FB18B5
:1062000019880F23FB181B780A22180004F0C8FE17
:1062100043E0BB681B78DAB21C4B9A71BB68013350
:106220001B78DAB2194BDA71BB6802331B78DAB229
:10623000164B1A72BB6803331B78DAB2134B5A72CF
:10624000BB6804331B78DAB2104B9A72BB68053313
:106250001B78DAB20D4BDA72BB6806331B78DAB200
:106260000A4B1A73BB6807331B78DAB2074B5A73B1
:106270001623FB1819880F23FB181B780E22180011
:1062800004F08EFE09E0C04607E0C046680B00201F
:10629000F88402081C850208C0463B6A002B13D014
:1062A00014F0ACFF03003B61C0460A4B1B78002B87
:1062B00007D014F0A3FF02003B69D31A3A6A9A424E
:1062C000F3D8044B1B7800E000231800BD4606B04D
:1062D00080BDC046B51A0020B0B584B002AF1E2004
:1062E0001BF058FA03007B607B681E220021180017
:1062F0001CF043FE0C4B1B7D5A1E0C4B9200D258D7
:10630000094B9B7D1D00084B5B7D1C00064B1B8BC6
:1063100007497868019300942B001CF0AFFD7B685F
:106320001800BD4602B0B0BD981A00200000002041
:106330006885020890B587B004AF0200FB1D1A7093
:10634000BB1D0A1C1A700D4B19780C4B1C78BB1D19
:106350001A78FB1D18780123039301235B420293F3
:1063600001235B42019302230093230005F064F9AB
:1063700003001800BD4603B090BDC046941A00202B
:1063800080B588B006AF0200FB1D1A70BB1D0A1C49
:106390001A70002304930023039300230293002325
:1063A0000193002300930023002200210020FDF729
:1063B000E7FBFB1D1B785A1E1F4B9200D3581B682E
:1063C000002B14D0BB1D1B785A1E1B4B9200D358B8
:1063D0001B68002B0BD0FB1D1B7818000AF00AFE6F
:1063E000BB1D1B7818000AF005FE002320E0FB1DF2
:1063F0001B785A1E104B9200D3581B68002B06D0F6
:10640000FB1D1B7818000AF0F5FD002310E0BB1DF2
:106410001B785A1E084B9200D3581B68002B06D0DD
:10642000BB1D1B7818000AF0E5FD002300E068237F
:106430001800BD4602B080BD9430002080B584B005
:1064400000AFF860B960FB1D1A70FB68002B2FD0FD
:10645000BB68002B2CD0FB1D1B78033B042B29D8D9
:106460009A00164BD3181B689F46F968BB68022236
:1064700018001CF0AAFE1EE0F968BB680222180092
:106480001CF0A3FE17E0F968BB68042218001CF09A
:106490009CFE10E0F968BB68042218001CF095FE11
:1064A00009E0F968BB68042218001CF08EFE02E0C7
:1064B000C04600E0C046BD4604B080BD408502082D
:1064C00080B584B000AFF860B960FB1D1A70BB687E
:1064D000002B2FD0FB68002B2CD0FB1D1B78033B1F
:1064E000042B29D89A00164BD3181B689F46B9680D
:1064F000FB68022218001CF068FE1EE0B968FB6809
:10650000022218001CF061FE17E0B968FB68042243
:1065100018001CF05AFE10E0B968FB68042218004D
:106520001CF053FE09E0B968FB68042218001CF057
:106530004CFE02E0C04600E0C046BD4604B080BD4F
:1065400054850208B0B588B002AF78600D23FB18FF
:1065500000221A701723FB1800221A7000233B61D7
:106560000E23FB1800221A8001235B421900012030
:1065700014F07AF811F07EFC03003B61784B9A68C6
:10658000E1231B039A421ED01623FB1801221A7026
:1065900014E0744B1B7816217A1812789A4207D0AF
:1065A000E1231A037B181B78110018000DF0A2FCE0
:1065B00016217B181A787B1801321A701623FB18E3
:1065C0001B78052BE5D9684B1B781C00674B1B8893
:1065D0001A0013005B009B185B00654A9A18614B18
:1065E0001B78644964480093130022001CF046FCA9
:1065F0005C4B1C78614B1D68604B1B681800F9F7F9
:106600008DFD03009AB20A23290020000DF032FC10
:10661000544B1C78584B1800F9F780FD03009AB2D0
:1066200055490A2320000DF025FC554B1B78012B02
:1066300000D091E0534B1A780D217B181A70514B02
:1066400000221A704E4B00221A70464B18780C002C
:1066500079180A2301220DF00DFC3B191B787F2BC2
:106660003CD050DC0D2B05D04DDC082B36D00A2B4E
:106670006DD048E03B4B1C78434B1D68424B1B6878
:106680001800F9F74BFD03009AB20A2329002000F5
:106690000DF0F0FB1723FB181B785BB2002B05D124
:1066A0003A4A3B4B110018001CF087FD2D4B18781F
:1066B0003B69374A012100F06FF8354A334B11002E
:1066C00018001CF07AFD1723FB1800221A70304BBB
:1066D0003222002118001CF050FC3DE017217B18ED
:1066E0001B785BB2002B34DD7B181B785BB2DBB20E
:1066F000013BDAB27B181A707B181B785BB2244A14
:106700000021D15425E00D203B181B785A1C214B49
:10671000D3181B781A00972313401CD017217B181D
:106720001B785BB2312B16DC3B181A7808007B18FB
:106730001B785BB251B2164AD15401007B181B780A
:106740005BB2DBB20133DAB27B181A7003E0C046E9
:1067500002E0C04600E0C04611F002FE65E7C04618
:10676000981A0020380A0020941A00207A0000208D
:10677000987C0208688802081C1B00209C000020EE
:106780003E0A002069290020A0000020E01B002014
:10679000AC1B002010AC0208F0B58DB002AFBA609F
:1067A0007B600F23FB18021C1A700E23FB180A1CB7
:1067B0001A701423FB1800221A60043305220021EA
:1067C00018001CF0DAFB00233B621E23FB1800229A
:1067D0001A80BB68180000F09DFAC94B1B78002B8B
:1067E00022D1C849BB68032218001CF0E9FB031E34
:1067F0001AD1BB6803331900012000F0C1FA031E4F
:1068000009D0C14A7B68110018001CF037FBBC4B53
:1068100000221A7005E0BA4B02221A707B680D2222
:106820001A7000237B6217E2B54B1B78002B18D03F
:10683000B649BB68062218001CF0C2FB031E10D12B
:10684000AF4B00221A70B24B1900032000F098FAE7
:10685000B04A7B68110018001CF010FB00237B621B
:10686000FAE1A74B1B78022B13D1BB681900022059
:1068700000F086FA031E06D0A34A7B6811001800B8
:106880001CF0FCFA02E07B680D221A7000237B6288
:10689000E2E1BB682E2118001CF084FB03003B6280
:1068A0003B6A002B00D1CEE13B6A033B9A490322AD
:1068B00018001CF085FB031E00D1C4E13B6A0133C4
:1068C0001B785A1C954BD3181B781A0004231340CD
:1068D00000D0B8E13A6ABB68D31A1A00B968142527
:1068E0007B1918001CF07DFB1E26BC197B191800B3
:1068F000FFF7BCF803002380BB1900229B5E884A87
:10690000127893420AD13B6A013399229200796846
:10691000180011F021FA03007B629DE11E23FB1891
:1069200000229B5E642B08D17E4A7B681100180010
:106930001CF0A4FA00237B628EE11E23FB180022C8
:106940009B5E662B08D1784A7B68110018001CF00A
:1069500095FA00237B627FE11E23FB1800229B5ED9
:10696000FF2B48D1714B1A22002118001CF005FBA7
:106970003B6A5C1CBB681800F9F7D0FB05001426C5
:10698000BB191800F9F7CAFB0300EB1A5A1E684B33
:10699000210018001CF025FB614B1D78BB68180016
:1069A000F9F7BCFB03009CB2BB191800F9F7B6FB62
:1069B00003009BB2E31A9BB21722FF21280004F0C8
:1069C000A5FA3B6A0133992292007968180011F008
:1069D000C3F903007B627B681800F9F79FFB030093
:1069E0001A007B689A18534B100019001D231A00D7
:1069F0001CF0EBFB30E11E22BB181B88DBB2FE2B28
:106A000059D1BB1800229B5E1B121BB2DAB24A4B53
:106A10001A70464B1A22002118001CF0AEFA3B6A8D
:106A20005C1CBB681800F9F779FB05001423FB1800
:106A30001800F9F773FB0300EB1A5A1E3C4B2100B8
:106A400018001CF0CEFA364B1D783B4B1E78BB6805
:106A50001800F9F763FB03009CB21423FB1818001D
:106A6000F9F75CFB03009BB2E31A9BB217223100DB
:106A7000280004F04BFA2A4B1B785A1E2F4B520069
:106A8000D35A1A002C4B1B781A41130001221340D1
:106A900009D03B6A0133992292007968180011F0FD
:106AA0005BF903007B621423FB187A682449786839
:106AB0001CF0E4F9D0E03B6A0133224906221800B9
:106AC0001CF07EFA031E43D11F4B1A7860218A43C3
:106AD0001A701E243B191B88DBB2002219211800F2
:106AE00004F05EFA642011F04DF80D4B18783B1954
:106AF0001B88D9B2154B1A78002309F087FE7FE076
:106B0000121C00209488020898880208EC88020869
:106B1000F4880208F88802083C89020810AC0208D0
:106B2000941A00204089020868890208101A00207F
:106B3000680B002090890208131C00202C1A0020EA
:106B4000B0890208DC890208B41A0020380A002043
:106B50003B6A5C1CBB681800F9F7E0FA05001426D4
:106B6000BB191800F9F7DAFA0300EB1A5A1E614B49
:106B7000210018001CF035FA1E23FB181B88DDB21B
:106B8000BB681800F9F7CAFA03009CB2BB191800D9
:106B9000F9F7C4FA03009BB2E31A9BB2013B9BB224
:106BA0001A001721280004F0FBF91E23FB1800220D
:106BB0009A5E51497B6818001CF060F97B681B786D
:106BC000002B13D00E23FB181B78002B0ED07B68F4
:106BD0001800F9F7A3FA03009AB279680F23FB189B
:106BE00018780123009332230DF0EEF87B6818002B
:106BF000F9F794FA02007B68002118001CF0BDF937
:106C00003E4B1B7860221340DBB2602B18D1FA2375
:106C10009B001900012013F027FD394B1B78002B36
:106C20000ED0384B1B8801339AB2364B1A801E2384
:106C3000FB1800229B5E7A68334978681CF01EF9C5
:106C400000237B6208E099239A007968BB681800EA
:106C500011F082F803007B627B681B78002B14D054
:106C60000E23FB181B78002B0FD07B681800F9F758
:106C700055FA03009AB279680F23FB18187801239C
:106C80005B42009332230DF09FF87B681800F9F700
:106C900045FA02007B68002118001CF06EF97B6A3F
:106CA000002B00D095E51423FB18092200211800C1
:106CB0001CF063F9154B1B78002B17D10E23FB1822
:106CC0001B78002B12D0124B1C68114B1B6818004C
:106CD000F9F724FA03009AB20F23FB18187801235E
:106CE0005B420093322321000DF06EF8C046BD4692
:106CF0000BB0F0BD680B0020E4890208B41A002034
:106D0000B51A0020441B0020088A0208121C00202B
:106D1000A400002080B584B000AF78600023FB6041
:106D200020E0FB687A68D2180B217B1812781A7061
:106D30007B181B785A1C114BD3181B781A0003239D
:106D40001340012B03D17B181B78203302E00B2367
:106D5000FB181B78FA6879688A18DBB21370FB6835
:106D60000133FB60FB687A68D3181B78002BD8D1FD
:106D7000C046C046BD4604B080BDC04610AC020847
:106D800090B587B000AF02003960FB1D1A70002378
:106D90007B6100233B613E4B1B785A1E13009B0016
:106DA0009B189B003B4A9B18FB60FB1D1B78032B29
:106DB00005D065DC012B08D0022B0CD060E0FB680D
:106DC00001221A7409F00AFC5CE03B68180000F02C
:106DD00063F8030057E0FB68DB68002B2FD0FB68EB
:106DE000DB681800F9F79AF903003B61FB68DC687F
:106DF0003B681800F9F792F902003B69D318023397
:106E0000190020001AF014FF0300BB60BB68002BC0
:106E100001D10E2337E0FB68BA68DA60FB68DA68F4
:106E20003B69D31813221A70FB68DA683B69013397
:106E3000D3183A68110018001CF0BFF922E03B6833
:106E40001800F9F76BF90300013318001AF0A2FCDF
:106E500003001A00FB68DA60FB68DB68002B07D1CF
:106E6000FB681422002118001CF087F80E230AE0AA
:106E7000FB68DB683A68110018001CF09EF901E01D
:106E8000FF2300E000231800BD4607B090BDC046B8
:106E90003D0A0020481B0020B0B58AB000AF7860E2
:106EA0002723FB1800221A7000233B620023FB619A
:106EB0000023BB611723FB1800221A701623FB184E
:106EC00000221A701523FB1800221A70A44B1B789D
:106ED000042B01D90E233EE1A14B1B781A001300AD
:106EE0009B009B189B009F4A9B183B613B690A22B1
:106EF000002118001CF041F87B681B78622B00D041
:106F00008FE07B6802331B782E2B00D089E07B68F2
:106F100001331B782F2B00D883E07B6801331B786B
:106F2000352B00D97DE07B6801331A7817243B1993
:106F3000303A1A703B6901221A703B693A1912788B
:106F40009A707B6803338849072218001CF038F8D0
:106F5000031E18D13B690522DA7020003B181A780D
:106F6000824913005B009B18CB1802331B781A0070
:106F7000012313404DD13B181B7801220521180035
:106F80000BF088F945E07B68033379490E2218003D
:106F90001CF016F8031E18D13B690622DA70172080
:106FA0003B181A78714913005B009B18CB18023309
:106FB0001B781A00022313402BD13B181B780122A7
:106FC000062118000BF066F923E07B68033369495A
:106FD000082218001BF0F4FF031E18D13B6907229A
:106FE000DA7017203B181A78604913005B009B1871
:106FF000CB1802331B781A000323134009D13B1826
:107000001B780122072118000BF044F901E06723E7
:10701000A1E0534B1B780133DAB2514B1A700023B5
:1070200099E07968544B312218001BF0DAFF524B7B
:10703000312200219954514A4F4B110018001BF086
:10704000E5FF03003B624D4B190000201BF0DEFF03
:107050000300FB61494B190000201BF0D7FF030020
:10706000BB613B6A002B01D1672374E016257C19B4
:107070003B6A1800FCF702FF0300237029007B180D
:107080001B78002B14D0FB69002B11D1BB69002B9E
:107090000ED13B6902221A703B697A181278DA70B5
:1070A0002F4B1B780133DAB22D4B1A70002352E0BC
:1070B000FB69002B4ED0BB69002B4BD015257C19EA
:1070C000BB691800FCF7DAFE0300237029007B1867
:1070D0001B78002B0CD03B6904221A703B691622E6
:1070E000BA181278DA703B697A181278DA711BE0F4
:1070F0003B6903221A703B691622BA181278DA70BB
:10710000BB6918001AF034FB02000B0010001900D4
:10711000FBF70AFE031CFB603B6906330C22B9181F
:10712000042218001CF051F8FB691800FCF7D8FE87
:1071300003001A003B695A703B695B78002B01D150
:10714000672308E0064B1B780133DAB2044B1A7050
:10715000002300E067231800BD460AB0B0BDC0465A
:107160003D0A0020481B0020288A02085C310020CC
:10717000308A0208408A0208141C00204C8A020847
:1071800090B587B000AF0200FB1D1A701723FB18E3
:1071900000221A7000233B610023FB60FB1D1A785C
:1071A000674913009B009B189B005B5C042B00D17C
:1071B000BCE000DDBCE0032B2BD000DDB8E0012BF0
:1071C00003D0022B00D1B5E0B2E0FB1D1A781724E2
:1071D00039195B4813009B009B189B00C3180233AE
:1071E0001B780B70FB1D1A78554913009B009B18E8
:1071F0009B00CB18033319783B191A7851481300B8
:107200005B009B181B5C994201D1012394E0002391
:1072100092E0FB1D1A784A4913009B009B189B00C3
:10722000CB1803331B781022BA181100180009F08C
:10723000E6FCFB1D1A7813009B009B189B00404A3C
:107240009B18991D0C23FB18042218001BF0BDFF8E
:10725000FB1D1A783A4913009B009B189B00CB1822
:1072600001331B78062B00D95EE09A00364BD31809
:107270001B689F463B69FA68111C181CF9F72AF92C
:10728000031E00D151E0012356E03B69FA68111C4E
:10729000181CF9F739F9031E00D146E001234BE031
:1072A0003B69FA68111C181CF9F71AF9031E00D182
:1072B0003BE03B690021181CF9F70CF9031E00D0D4
:1072C00033E0012338E03B69FA68111C181CF9F718
:1072D00025F9031E00D128E001232DE03B69FA685F
:1072E000111C181CF9F706F9031E00D11DE03B69BB
:1072F0000021181CF9F7EEF8031E00D015E0012359
:107300001AE03B69FA68111C181CF9F7E3F8031E30
:1073100000D00AE03B690021181CF9F7DBF8031ED6
:1073200000D002E0012307E0C04604E0C04602E0CE
:10733000C04600E0C04600231800BD4607B090BD1F
:10734000481B00205C310020508A020880B582B0C2
:1073500000AF7B1D00221A70BB1D00221A80002383
:107360003B6010F087FD03003B60BB1D00221A80CC
:1073700043E0BB1D1A88274913009B009B189B0004
:10738000CB1810331B78002B32D0BB1D1B88DBB20F
:107390001800FFF7F5FE031E2AD01F4B1A78602154
:1073A0008A43111C20220A431A7010E01B4B1878E4
:1073B0003B681B4A0021FFF7EFF93B681800F8F71C
:1073C000ADFE02003B68002118001BF0D6FDBB1D7E
:1073D0001A88104913009B009B189B00CB180C3394
:1073E0001B680F4A1100180000F01EF8031EDDD1C3
:1073F000BB1D1A88BB1D01321A800A4B1B781A006C
:10740000BB1D1B889342B4D37B1D1B781800BD465F
:1074100002B080BD481B0020B41A0020380A0020AA
:10742000481C00203D0A002090B583B000AF786072
:107430003960314B1B785A1E304913009B009B1852
:107440009B00CB180C331B68002B01D100234FE0AD
:107450002B4B1B68002B02D1294B7A681A60284BF2
:107460001B681B78002B04D1254B00221A600023D7
:107470003EE0234B1B68132118001BF093FD020014
:10748000204B1A601F4B1B68002B1BD01C4B19682C
:107490001C4B1A681A4B1B68D31A1A003B68180059
:1074A0001BF09FFD174B1A68154B1B68D31A1A0067
:1074B0003B689B1800221A70124B1B685A1C104B19
:1074C0001A6014E00E4B19683B68312218001BF05B
:1074D00088FD3B68313300221A70094B1C683B68F9
:1074E0001800F8F71BFE0300E218054B1A60012391
:1074F0001800BD4603B090BD3D0A0020481B002087
:107500007C1C0020801C002080B500AFBFF34F8F93
:10751000C046044B044ADA60BFF34F8FC046C046F2
:10752000FDE7C04600ED00E00400FA0580B500AFBD
:10753000C046BD4680BD000080B500AF464B180078
:1075400010F0E2FB454B180010F0DEFB444B180036
:1075500010F0DAFB434B180010F0D6FB424B18003A
:1075600010F0D2FB414B180010F0CEFB404B18003E
:1075700010F0CAFB3F4B180010F0C6FB3E4B180042
:1075800010F0C2FB3D4B180010F0BEFB3C4B180046
:1075900010F0BAFB3B4B180010F0B6FB3A4B18004A
:1075A00010F0B2FB394B180010F0AEFB384B18004E
:1075B00010F0AAFB374B180010F0A6FB364B180052
:1075C00010F0A2FB354B180010F09EFB344B180056
:1075D00010F09AFB334B180010F096FB324B18005A
:1075E00010F092FB314B180010F08EFB304B18005E
:1075F00010F08AFB2F4B180010F086FB2E4B180062
:1076000010F082FB2D4B180010F07EFB2C4B180065
:1076100010F07AFB2B4B180010F076FB2A4B180069
:1076200010F072FB294B180010F06EFB284B18006D
:1076300010F06AFB274B180010F066FB264B202247
:107640001A70254B21221A7009F0D4FAFFF76EFF49
:10765000C046BD4680BDC046648B0208FC8A020855
:10766000988B0208788D0208C88D0208008E0208E7
:10767000508E0208C08E0208FC8E02083C8F020861
:10768000E08F02085C900208B4900208049102089E
:107690009C910208F091020848920208C8920208E0
:1076A0000493020854930208A49302080494020865
:1076B0004C94020894940208DC9402081C95020879
:1076C0006495020844960208C096020808970208CA
:1076D00058970208C89702083C0A002080B586B077
:1076E00000AFF860B9607A600B4B7B617A69FB6828
:1076F000110018001BF061FD7B691800F8F70EFD02
:107700000200FB689B18180012F06AFE00231800A4
:10771000BD4606B080BDC046D897020880B586B089
:1077200000AFF860B9607A600B4B7B617A69FB68E7
:10773000110018001BF041FD7B691800F8F7EEFC02
:107740000200FB689B18180012F0F0FE00231800DE
:10775000BD4606B080BDC0462898020890B585B0E9
:1077600000AFF860B9607A601E4B1B7819001E4AA2
:107770000B009B005B185B009B5C002B09D11B4B33
:107780001968184B1B781A00FB6818001BF076FB71
:1077900011E0174B1968134B1B781C00114B1B7819
:1077A0001A0013009B009B185B000F4A9B18F86897
:1077B00022001BF063FBA023DB05012240211800FF
:1077C00015F0F5FFC82010F0DDF9A023DB0500223D
:1077D0004021180015F0EBFF00231800BD4605B04E
:1077E00090BDC046941A002000190020A800002077
:1077F000AC000020B0B588B002AFF860B9607A6024
:107800001523FB1800221A70694A7B6801211800B1
:1078100010F038FB0200674B1A60664B1B68002BA8
:107820002AD1654B1968654B1B781A00FB68180054
:107830001BF024FB624B1A68FB68110018001BF058
:10784000A4FB604B1C78FB681800F8F767FC03008A
:107850009AB2F96801235B420093322320000CF0B6
:10786000B3FA594B594A1A60594B01221A700A202F
:1078700010F088F9FFF748FE4E4B18684C4B1B6818
:107880001A00544B19001BF09BFB031E00D07AE03A
:10789000514A7B680221180010F0F4FA02004F4BA5
:1078A0001A604F4A7B680321180010F0EBFA0200BF
:1078B0004C4B1A60494B1B681B785BB2232B0AD1D7
:1078C000464B1B680133180019F05DFF02001723B7
:1078D000FB181A7003E01523FB1868221A70414B3D
:1078E0001B681B785BB2702B0AD13E4B1B680133BF
:1078F000180019F048FF02001623FB181A7003E065
:107900001523FB1868221A702C4B1B7817257A193F
:1079100012789A421FD0344B1A7860218A431A7029
:10792000324B16243A1912781A707B191B780122EF
:107930001A21180003F034FB642010F023F91F4BC8
:107940001878204B1A783B191C787B19197823007A
:1079500008F05CFF1BE016243B1918780023009305
:1079600019230022002103F0F3FB642010F00AF930
:10797000124B1878114B1978124B1A783B191B7857
:1079800008F044FF03E01523FB1868221A70152342
:10799000FB181B78682B06D1154B1A68FB68110081
:1079A00018001BF00AFC00231800BD4606B0B0BD4D
:1079B000D41C0020D81C0020B0000020941A002005
:1079C00068000020380A0020F03F0220EFBEADDE44
:1079D0003A0A00206C980208DC1C0020E01C002001
:1079E000E41C0020E81C0020B41A0020680B0020D2
:1079F000B4000020B0B588B002AFF860B9607A601A
:107A000017257B1900221A70324B1A68FB68110087
:107A100018001BF0D2FB304B1C78FB681800F8F7FD
:107A20007DFB03009AB2F96801235B420093322385
:107A300020000CF0C9F97C19FCF760FB03002370EF
:107A40007B191B78002B23D1244B1968244B1B78FE
:107A50001A00FB6818001BF011FA1F4B1C78FB681A
:107A60001800F8F75BFB03009AB2F96801235B4248
:107A70000093322320000CF0A7F9174B1B78180055
:107A8000FDF762FC144B1B781800FDF789FD16E02A
:107A9000144B1A68FB68110018001BF08EFB0E4B8C
:107AA0001C78FB681800F8F739FB03009AB2F968F4
:107AB00001235B420093322320000CF085F90A4A2F
:107AC000FB68110018001BF0D9F900231800BD460F
:107AD00006B0B0BDB8000020380A0020BC0000206D
:107AE0007C000020C00000207098020880B584B09F
:107AF00000AFF860B9607A60FFF706FDB0B586B0F8
:107B000000AFF860B9607A601723FB1800221A7082
:107B10002D4A7B680121180010F0B4F902002B4BAC
:107B20001A60294B1B68092B04DD284B1B6809339D
:107B300000221A70264B1A78244B1B6817257C19D3
:107B400019001000FEF740F8030023707B191B7822
:107B5000002B0AD11F4B19681D4B1B781A001B4BB9
:107B60001B68F8681BF08AF928E01723FB181B78BC
:107B7000062B08D1184B1968144B1A68FB681800BB
:107B80001BF07CF91AE01723FB181B78072B08D190
:107B9000124B19680D4B1A68FB6818001BF06EF940
:107BA0000CE01723FB181B78082B07D10C4B196826
:107BB000064B1A68FB6818001BF060F900231800D8
:107BC000BD4606B0B0BDC046EC1C0020F01C002035
:107BD000941A0020C4000020C8000020CC0000201F
:107BE000D0000020B0B594B000AFF860B9607A6002
:107BF0004F23FB1800221A702023FB1800221A6062
:107C000004332322002118001BF0B7F94C23FB1882
:107C100000221A804A243B1900221A8014257B195D
:107C200000221A6004330622002118001BF0A5F977
:107C30009C4A7B680121180010F024F902009A4B3D
:107C40001A60994B1968974B1B681A007B1918002A
:107C50001BF0C7F93B1901221A804923FB180022A7
:107C60001A701BE04923FB181A7813009B009B181D
:107C70005B008E4A9A181423FB1811001800F8F7BD
:107C800043FA031E04D14A23FB1800221A800AE09B
:107C900049217B181A787B1801321A704923FB1886
:107CA0001B78092BDED9824B02221A70FA68814BAD
:107CB000100019000A231A001BF087FA7C4B1B786E
:107CC0005BB219007C4A7B68180010F0DBF80200F8
:107CD0007A4B1A605DE0794B1968774B1B681A0084
:107CE00020243B1918001BF07CF9734B1B68200003
:107CF0003A180021D1544C257C193B181800FDF787
:107D0000B5FE030023807B1900229B5E002B45DB20
:107D10007B191B88DBB24F257C191422BA1811007D
:107D20001800FDF7F1FF030023707B191B78002B6F
:107D300036D15F4B1B785BB2022B0EDDFB6818005F
:107D4000F8F7ECF903001A00FB689A185C4B100076
:107D5000190003231A001BF038FA2023FA18FB68D5
:107D6000110018001BF011F9514B1B785BB2DBB20C
:107D70000133DBB25AB24E4B1A704D4B1B785BB2DB
:107D800019004D4A7B68180010F07CF802004B4B3C
:107D90001A604A4B1B68002B9DD102E0C04600E0F0
:107DA000C0464C23FB1800229B5E002B08DA454B93
:107DB00019682023FA18FB6818001BF05FF86CE0C4
:107DC0003B4B1B785BB2022B08D13F4B1968142345
:107DD000FA18FB6818001BF051F85EE04F23FB18FF
:107DE0001B78002B15D14A23FB1800229B5E002B29
:107DF0000FD0364B19681423FA1820243B191800A9
:107E00001BF03CF83A19FB68110018001BF0BDF894
:107E100043E04F23FB181B78002B15D14A23FB1896
:107E200000229B5E002B0FD1294B19681423FA18EE
:107E300020243B1918001BF021F83A19FB681100A7
:107E400018001BF0A2F828E04F23FB181B78062B24
:107E500008D1204B19681423FA18FB6818001BF08E
:107E60000DF81AE04F23FB181B78072B08D11A4B8B
:107E700019681423FA18FB6818001AF0FFFF0CE0C9
:107E80004F23FB181B78082B07D1144B19681423B8
:107E9000FA18FB6818001AF0F1FF00231800BD461D
:107EA00014B0B0BDF41C0020F81C00209C09002078
:107EB000FC1C002074980208001D0020041D0020F6
:107EC00080980208D4000020D8000020DC000020A8
:107ED000E0000020E4000020E8000020EC0000208A
:107EE00080B584B000AFF860B9607A600020FDF71B
:107EF000E3FB00231800BD4604B080BD90B589B0F7
:107F000002AFF860B9607A6017217B1800221A70FE
:107F1000334B1B78012B04D97C180CF0C1F80300FB
:107F200023702F4B1B781A002E49FB6818001AF09B
:107F3000A5FF2D4B1C78FB681800F8F7EFF803003D
:107F40009AB2F96801235B420093322320000BF0C0
:107F50003BFF264AFB68110018001AF08FFF224BE6
:107F60001C78FB681800F8F7D9F803009AB2F96892
:107F700001235B420093322320000BF025FF1A4BB4
:107F80001B781800FDF7E0F9174B1B781800FDF778
:107F900007FB1723FB181B78022B15D1144AFB682B
:107FA000110018001AF06AFF0F4B1C78FB681800CC
:107FB000F8F7B4F803009AB2F96801235B42009322
:107FC000322320000BF000FF0A4AFB681100180062
:107FD0001AF054FF00231800BD4607B090BDC046FC
:107FE0007C00002084980208380A0020A09802082B
:107FF000B498020870980208F0B58BB002AFF86030
:10800000B9607A601D23FB1800221A700023BB613F
:1080100000237B611F23FB1800221A701E243B19CA
:1080200000221A701823FA187B68012118000FF03B
:1080300029FF02002F4B1A602E4B1B68BA692E498C
:1080400018001AF0BDFF031E03D13B1901221A705C
:108050000CE0284B1B68BA69284918001AF0B0FFD9
:10806000031E03D11E23FB1802221A701423FA18D0
:108070007B68022118000FF005FF0200204B1A60F8
:108080001F4B1B681B785BB2702B09D11C4B1B6804
:108090000133180019F077FB02001F23FB181A7038
:1080A0001D26BC191F257B191A781E23FB181B7867
:1080B0001100180009F0F0FE03002370BB191B78B3
:1080C000002B12D10B4B1B68BA699B1800221A7047
:1080D0000C4B1968074B1A687B191C787B191B78A5
:1080E000F868009323001AF0C9FE00231800BD466B
:1080F00009B0F0BD081D0020F89802080499020894
:108100000C1D0020F0000020F0B587B000AFF86033
:10811000B9607A601623FB1800221A7000233B61B5
:1081200017243B1900221A701023FA187B680121CA
:1081300018000FF0A7FE0200164B1A60154B1B68C3
:108140001B785BB2702B08D1124B1B6801331800EF
:1081500019F019FB02003B191A701626BC191725D5
:108160007B191B78180009F0CBFF03002370BB19A3
:108170001B78002B08D1084B19687B191A787B19DA
:108180001B78F8681AF07AFE00231800BD4607B085
:10819000F0BDC046101D0020F4000020F0B5C6461A
:1081A00000B592B004AFF860B9607A603723FB186D
:1081B00000221A7000237B6200233B620023FB61D4
:1081C0000023BB6100237B613023FB1800221A804F
:1081D0000023FB623623FB1800221A703523FB189C
:1081E00000221A703423FB1800221A702B23FB186C
:1081F00000221A703323FB1800221A702423FA1865
:108200007B68012118000FF03DFE0200CB4B1A6085
:10821000CA4B1B68CA49042218001AF0D1FE031E7B
:1082200000D020E22023FA187B68022118000FF00A
:1082300029FE0200C34B1A60C04B1B68181D7B6AE5
:10824000043B1A00C04B19001AF0BAFE031E00D0FE
:10825000A3E0BC4B1B683A6ABC4918001AF0B0FE98
:10826000031E1CD1BA4B1A7860210A431A70B84B0E
:108270001B785B07DB0FDBB21B021AB2B44B1B7817
:108280005B069B0FDBB21BB213431BB29AB28A236D
:108290005B001100180009F053F800F0FDFCA94B39
:1082A0001B683A6AAB4918001AF08AFE031E1FD1F8
:1082B000A74B1A7860218A43111C20220A431A70A6
:1082C000A34B1B785B07DB0FDBB21B021AB2A04B80
:1082D0001B785B069B0FDBB21BB213431BB29AB237
:1082E0008A235B001100180009F02AF800F0D4FC82
:1082F000944B1B683A6A984918001AF061FE031EF5
:108300001FD1934B1A7860218A43111C40220A43E3
:108310001A708F4B1B785B07DB0FDBB21B021AB2A4
:108320008B4B1B785B069B0FDBB21BB213431BB25C
:108330009AB28A235B001100180009F001F800F0DE
:10834000ABFC804B1B683A6A844918001AF038FE6F
:10835000031E1CD17E4B1A7860218A431A707C4B15
:108360001B785B07DB0FDBB21B021AB2784B1B7862
:108370005B069B0FDBB21BB213431BB29AB28A237C
:108380005B001100180008F0DBFF00F085FC3723CC
:10839000FB1868221A7000F07FFC684B1B68181DE0
:1083A0007B6A043B1A006E4B19001AF009FE031E8B
:1083B0002BD1644B1B683A6A644918001AF000FE1E
:1083C000031E1CD1624B1A7804210A431A70604BB9
:1083D0001B785B07DB0FDBB21B021AB25C4B1B780E
:1083E0005B069B0FDBB21BB213431BB29AB28A230C
:1083F0005B001100180008F0A3FF00F04DFC3723CC
:10840000FB1868221A7000F047FC4C4B1B68181DC3
:108410007B6A043B1A00534B19001AF0D1FD031E6E
:108420002DD1484B1B68180019F0A7F90300FB6217
:10843000FA6AE1231B039A421BD84B4BFA6A9A60F3
:10844000494B9B689AB28C235B001100180008F01E
:1084500077FF454B9B681B0C9AB21A23FF33110020
:10846000180008F06DFF3623FB1801221A7000F087
:1084700013FC3723FB1868221A7000F00DFC2F4BF9
:108480001B68181D7B6A043B1A00384B19001AF050
:1084900097FD031E22D12B4B1B68180019F06DF9B4
:1084A000020030217B181A800A00BB181B88002BA1
:1084B0000ED02D4B1100BA1812881A807B181A881A
:1084C0001623FF331100180008F03AFF00F0E4FB18
:1084D0003723FB1868221A7000F0DEFB174B1B686D
:1084E000181D7B6A043B1A00214B19001AF068FD25
:1084F000031E3FD1134B1B68180019F03EF9020010
:1085000030217B181A800A00BB181B88002B0ED064
:10851000154B1100BA1812885A807B181A888B23C1
:108520005B001100180008F00BFF00F0B5FB3723CB
:10853000FB1868221A7000F0AFFBC046141D002023
:1085400010990208181D00201899020824990208A1
:10855000B41A0020289902083099020834990208B8
:108560003C99020844990208981A00205099020880
:108570005C990208D74B1B68181D7B6A043B1A00E4
:10858000D54B19001AF01CFD031E2ED1D34B1B68CE
:10859000180019F0F2F8020030217B181A800A0046
:1085A000BB181B88002B1AD0BB181B88FF2B16D8B2
:1085B000BB181B88DAB2CA4B1A71C94B5B791B0214
:1085C0001AB2C74B1B791BB213431BB29AB21823C2
:1085D000FF331100180008F0B3FE00F05DFB3723F5
:1085E000FB1868221A7000F057FBBA4B1B68181D65
:1085F0007B6A043B1A00BB4B19001AF0E1FC031E16
:108600002CD1B64B1B68180019F0B7F802003021C6
:108610007B181A800A00BB181B88002B19D0BB18C6
:108620001B88FF2B15D8BB181B88DAB2AC4B5A71CC
:10863000AB4B5B791B021AB2A94B1B791BB21343DC
:108640001BB29AB21823FF331100180008F078FE0D
:1086500022E33723FB1868221A701DE33723FB1827
:1086600067221A7018E39B4B1B689F49042218006D
:108670001AF0A6FC031E00D0A2E02023FA187B68A3
:10868000022118000FF0FEFB0200944B1A601C231D
:10869000FA187B68032118000FF0F4FB0200934BDB
:1086A0001A601823FA187B68042118000FF0EAFBFF
:1086B00002008F4B1A601423FA187B6805211800FA
:1086C0000FF0E0FB02008B4B1A60844B1B68180014
:1086D00019F053F802003523FB181A70834B1B68FE
:1086E000180019F04AF802003423FB181A70804B66
:1086F0001B68180019F041F802002B23FB181A70B0
:108700007C4B1B68002B1FD07A4B1B687A490222D6
:1087100018001AF055FC031E04D13323FB18012264
:108720001A7011E0734B1B687449022218001AF08A
:1087300047FC031E04D13323FB1802221A7003E006
:108740003723FB1868221A703723FB181B78002B7D
:1087500000D0A1E23523FB181B78172B09D834234E
:10876000FB181B783B2B04D82B23FB181B783B2BC7
:1087700004D93723FB1868221A708DE20AF02EFE06
:10878000574B987D564B597D554B1A8B544B1D7D3D
:108790003723FC183323FB181B7803933523FB186E
:1087A0001B7802933423FB181B7801932B23FB18AF
:1087B0001B7800932B000AF047FD030023706BE247
:1087C000444B1B684E49042218001AF0F9FB031EA3
:1087D00000D05DE22023FA187B68022118000FF018
:1087E00051FB02003D4B1A601C23FA187B680321E1
:1087F00018000FF047FB02003C4B1A601823FA18D0
:108800007B68042118000FF03DFB0200384B1A6012
:108810001423FA187B68052118000FF033FB0200BF
:10882000344B1A60324B1B68180018F0A6FF020088
:108830002B23FB181A702F4B1B68180018F09DFF94
:1088400002003023FB181A80244B1B682D49062296
:1088500018001AF0B5FB031E04D13523FB180122C2
:108860001A7079E01D4B1B682749072218001AF07F
:10887000A7FB031E04D13523FB1802221A706BE0FC
:10888000164B1B682149092218001AF099FB031E98
:1088900004D13523FB1803221A705DE00F4B1B68CF
:1088A0001B49082218001AF08BFB031E04D1352344
:1088B000FB1804221A704FE0084B1B68154906226A
:1088C00018001AF07DFB031E26D13523FB18052264
:1088D0001A7041E0141D00206C990208181D002038
:1088E000981A002080990208AC9102081C1D0020F3
:1088F000201D0020241D0020949902089899020848
:10890000009202089C990208A4990208AC990208F6
:10891000B8990208C4990208BF4B1B68BF490822D6
:1089200018001AF04DFB031E04D13523FB18062254
:108930001A7011E0B84B1B68B949062218001AF0EA
:108940003FFB031E04D13523FB1807221A7003E0F6
:108950003723FB1868221A70B24B1B68B2490722F2
:1089600018001AF02DFB031E08D0AE4B1B68AF4950
:10897000022218001AF024FB031E04D13423FB1832
:1089800001221A7000E1A74B1B68A94908221800B0
:108990001AF016FB031E08D0A24B1B68A549022241
:1089A00018001AF00DFB031E04D13423FB18022219
:1089B0001A70E9E09B4B1B689F49052218001AF0CA
:1089C000FFFA031E08D0974B1B689C49022218002F
:1089D0001AF0F6FA031E04D13423FB1803221A708E
:1089E000D2E0904B1B689649052218001AF0E8FA6D
:1089F000031E08D08B4B1B689249022218001AF004
:108A0000DFFA031E04D13423FB1804221A70BBE0E2
:108A1000844B1B688C49032218001AF0D1FA031EFC
:108A200008D0804B1B688949022218001AF0C8FA46
:108A3000031E04D13423FB1805221A70A4E0794BDD
:108A40001B688349042218001AF0BAFA031E08D0E2
:108A5000744B1B687F49022218001AF0B1FA031EFA
:108A600004D13423FB1806221A708DE06D4B1B686D
:108A70007949042218001AF0A3FA031E08D0694BA2
:108A80001B687649022218001AF09AFA031E04D1D4
:108A90003423FB1807221A7076E0624B1B6870497A
:108AA000052218001AF08CFA031E08D05D4B1B68D3
:108AB0006C49022218001AF083FA031E04D13423F1
:108AC000FB1808221A705FE0564B1B6866490922A2
:108AD00018001AF075FA031E08D0524B1B68634940
:108AE000022218001AF06CFA031E04D13423FB187A
:108AF00009221A7048E04B4B1B685D490722180099
:108B00001AF05EFA031E08D0464B1B685949022230
:108B100018001AF055FA031E04D13423FB180A2258
:108B20001A7031E03F4B1B685349082218001AF0B5
:108B300047FA031E08D03B4B1B685049022218001D
:108B40001AF03EFA031E04D13423FB180B221A70CC
:108B50001AE0344B1B684A49082218001AF030FA10
:108B6000031E08D02F4B1B684649022218001AF03A
:108B700027FA031E04D13423FB180C221A7003E0D9
:108B80003723FB1868221A703723FB181B78002B39
:108B900000D081E02B22BB181B78002B0FD0BB1814
:108BA0001B781F2B0BD830217B181A88FA23DB0087
:108BB0009A4204D37B181B88334A934204D9372343
:108BC000FB1868221A7067E00AF008FC2F4B1B7C28
:108BD0002E4A527C2D49897C2C48C07C37243C1974
:108BE00035257D192D78A84630257D192D88AC4670
:108BF0002B257D192E7834257D192D78039002912F
:108C00000192009343466246310028000AF01CFBA3
:108C10000300237040E0C046181D0020CC990208D4
:108C2000D89902081C1D0020E0990208E899020862
:108C3000EC990208F8990208FC990208049A0208C3
:108C4000089A0208109A0208149A0208189A020850
:108C50001C9A0208249A0208289A0208309A0208EC
:108C6000349A02083C9A0208409A02084C9A020878
:108C7000509A0208589A02085C9A0208689A0208F8
:108C80006C9A0208789A020834080000981A0020AA
:108C90003723FB1867221A703723FB181B78002B29
:108CA00022D1214B1B687A6A9B1800221A701F4B35
:108CB00019681D4B1A681E4B1B68F8681AF0DEF81D
:108CC0003623FB181B78012B27D11A4B1A68FB6837
:108CD000110018001AF059F9174B1A68FB681100B7
:108CE00018001AF052F918E03723FB181B78672B8D
:108CF00007D1124B1A68FB68110018001AF05DFAD0
:108D00000BE03723FB181B78682B06D10C4B1A6835
:108D1000FB68110018001AF050FA00231800BD4635
:108D20000EB080BCB846F0BD141D0020F800002035
:108D3000181D0020FC00002000010020040100207C
:108D40000801002080B588B000AFF860B9607A6093
:108D50001F23FB1800221A700023BB6100237B61D4
:108D60001E23FB1800221A701D23FB1800221A7004
:108D70001C23FB1800221A701823FA187B680121A3
:108D800018000FF07FF80200BB4B1A60BA4B1B684B
:108D9000BA49042218001AF013F9031E00D0CAE0E1
:108DA000B54B1B68181DBB69043B1A00B44B190076
:108DB0001AF006F9031E31D1B24B1B786022134022
:108DC000DBB2602B07D1B04B1968B04AFB681800C2
:108DD0001AF054F831E1AB4B1B7860221340DBB240
:108DE000202B07D1A84B1968A94AFB6818001AF074
:108DF00045F822E1A34B1B7860221340DBB2002B25
:108E000007D1A14B1968A34AFB6818001AF036F87D
:108E100013E11F23FB1868221A700EE1964B1B68A2
:108E2000181DBB69043B1A009B4B19001AF0C8F8C7
:108E3000031E13D1934B1B7804221340DBB2002B8B
:108E400007D0914B1968914AFB6818001AF016F880
:108E5000F3E01F23FB1868221A70EEE0864B1B68B4
:108E6000181DBB69043B1A008C4B19001AF0A8F8B6
:108E7000031E07D18A4B9A688A49FB68180019F0CB
:108E8000FDFFDAE07C4B1B68181DBB69043B1A0030
:108E9000854B19001AF094F8031E08D1804B1B88EB
:108EA0001A008049FB68180019F0E8FFC5E0724B12
:108EB0001B68181DBB69043B1A007C4B19001AF093
:108EC0007FF8031E08D1764B5B881A007549FB6852
:108ED000180019F0D3FFB0E0674B1B68181DBB6981
:108EE000043B1A00724B19001AF06AF8031E08D1ED
:108EF0006B4B1B791A006B49FB68180019F0BEFF19
:108F00009BE05D4B1B68181DBB69043B1A00694B55
:108F100019001AF055F8031E08D1614B5B791A004D
:108F20006049FB68180019F0A9FF86E01F23FB18B1
:108F300067221A7081E0504B1B685F4905221800B8
:108F40001AF03EF8031E00D073E01423FA187B6871
:108F5000022118000EF096FF0200584B1A601E23E3
:108F6000FB1800221A701D23FB1800221A701AE049
:108F7000524B18681D23FB181A7813009B009B188E
:108F80005B004F4A9B181900F7F7BEF8031E04D187
:108F90001E23FB1801221A700AE01D217B181A7883
:108FA0007B1801321A701D23FB181B78092BDFD99F
:108FB0001E23FB181B78002B09D1424B19683F4B2D
:108FC0001A68FB68180019F059FF002350E03E4B67
:108FD00019683A4B1A68FB68180019F04FFF1C23F8
:108FE000FB1801221A701CE01C217B181B785A1EEA
:108FF000364B5200D35A1A001D23FB181B781A4116
:1090000013000122134006D07B181B78FA68304900
:10901000F86819F033FF1C217B181A787B1801328D
:109020001A702C4B1B781C22BA1812789A42DBD982
:1090300003E01F23FB1867221A701F23FB181B78FD
:10904000672B07D1244B1A68FB68110018001AF02F
:10905000B4F80CE01F23FB181B78682B07D11F4BBB
:109060001968054B1A68FB68180019F007FF002300
:109070001800BD4608B080BD281D002010990208C8
:1090800018990208B41A00200C0100202499020843
:109090007C9A0208349902083C9902084499020813
:1090A000981A0020809A0208509902085C990208D8
:1090B0006C99020880990208608E02082C1D00201D
:1090C0009C09002010010020140100202C1A00200F
:1090D000889A02087C000020180100201C01002052
:1090E00090B587B000AFF860B9607A601723FB18BD
:1090F00000221A7000233B611023FA187B680121BB
:1091000018000EF0BFFE02002A4B1A60294B1B68A4
:109110003A692949180019F053FF031E11D1274B52
:10912000274A13CA13C313CA13C312681A60FAF783
:1091300095FD244B1A68FB68110018001AF03DF8E1
:1091400026E01C4B1B683A691F49180019F038FFCC
:10915000031E19D100221621FF2001F021FF1B4B15
:1091600002221A7064200EF00DFDFAF7D1FD07F00F
:1091700031FB64200EF006FD154B1A68FB681100E8
:1091800018001AF01AF803E01723FB1868221A7067
:109190001723FB181B78682B06D10E4B1A68FB6847
:1091A000110018001AF009F800231800BD4607B096
:1091B00090BDC046301D0020909A0208981A0020E9
:1091C0008000002020010020989A02083A0A00201E
:1091D0002401002028010020F0B589B004AFF86018
:1091E000B9607A600AF0FAF82C4B5B7B182B14D12B
:1091F0002B4B1968294B9B7C1C00284B5B7C1D006A
:10920000264B1B7C1A00254BDB89F86801930092E2
:109210002B00220019F032FE3AE0204B5B7B0C2B36
:1092200036D11E4BDB7C012B17D11E4B19681B4B13
:109230009B7C1D00194B5B7C1E00184B1B7C1A008D
:10924000164BDB891C00F868174B029301940092BF
:1092500033002A0019F012FE1AE0104BDB7C022BBF
:1092600016D1104B19680D4B9B7C1D000B4B5B7C82
:109270001E000A4B1B7C1A00084BDB891C00F86897
:109280000A4B02930194009233002A0019F0F6FD74
:1092900000231800BD4605B0F0BDC046981A002056
:1092A0002C01002030010020A09A0208A49A020894
:1092B00090B585B000AFF860B9607A600AF08EF8BA
:1092C000074B1C68FDF708F80200FB682100180036
:1092D00019F0D4FD00231800BD4605B090BDC0466E
:1092E0003401002090B58BB000AFF860B9607A60AF
:1092F0002723FB1800221A7000237B6100233B61A7
:109300001423FA187B68012118000EF0BBFD03003E
:109310003B623B6A1B785BB2702B09D13B6A01331D
:10932000180018F030FA02002623FB181A7003E028
:109330002723FB1868221A701023FA187B68022171
:1093400018000EF09FFD0300FB61FB69180018F088
:109350001AFA0300BB612723FB181B78682B07D17F
:109360000E4B1A68FB681100180019F026FF0FE079
:10937000BA6926243B191B78110018000AF0BAFDBF
:10938000074B19683B191B78BA69F86819F076FD24
:1093900000231800BD460BB090BDC0463801002028
:1093A0003C01002090B587B000AFF860B9607A60EA
:1093B0001B4B1A681B49FB68180019F05FFD172347
:1093C000FB1800221A7011E017243B191B789B0030
:1093D000154A944663441B68FA681449F86819F002
:1093E0004DFD3B191A783B1901321A701723FB18EF
:1093F0001B78022BE8D9FB681800F6F78FFE0300F4
:109400001A00FB689A180A4B1000190003231A006F
:1094100019F0DBFE00231800BD4607B090BDC04622
:1094200040010020A89A02089075FF1FAC9A02081C
:10943000B49A020890B587B000AFF860B9607A605E
:1094400016243B1900221A8011F012FF02003B196A
:109450001A803B191B88114A934207D1104B196897
:10946000104AFB68180019F009FD07E00C4B196859
:109470000D4AFB68180019F001FDC0460B4B1C6833
:1094800011F0EAFE03001B0BFA68F868210019F0DE
:10949000F5FC00231800BD4607B090BD670400002E
:1094A00044010020B89A0208C49A0208480100202A
:1094B00080B584B000AFF860B9607A60074B196876
:1094C000074B1B681B041A0CFB68180019F0D6FC2C
:1094D00000231800BD4604B080BDC0464C010020EA
:1094E000E075FF1FF0B58FB004AFF860B9607A6027
:1094F0001823FB18B54A13CA13C312881A80B44B39
:109500001C78B44B1D68B34B1B681800F6F706FEB9
:1095100003009AB201235B4200933223290020000A
:109520000AF052FC2723FB1801221A702623FB188D
:1095300000221A7036E126203B181A78A64913003B
:109540009B009B189B005B5C002B1AD0A34B1C68F4
:109550002723FB181D783B181A789F4913009B009E
:109560009B189B00CB1810331B7819001823FA188E
:109570000B00DB005B1AD318F8682A00210019F0F1
:109580007DFC2623FB181A78934913009B009B1837
:109590009B005B5C012B03D0032B00D175E0BBE08B
:1095A0002623FB181A788C4913009B009B189B00FC
:1095B000CB1803331B78072B45D064DC052B02D076
:1095C000062B20D05FE0864B1C6826203B181A78BB
:1095D000814913009B009B189B00CB1802331B781A
:1095E0001D003B181A787C4913009B009B189B00B8
:1095F000CB180C331B68FA68F86800932B00210025
:1096000019F03CFC40E0774B1C6826203B181A7888
:10961000714913009B009B189B00CB1802331B78E9
:109620001D003B181A786C4913009B009B189B0087
:10963000CB180C331B68FA68F86800932B002100E4
:1096400019F01CFC20E0684B1C6826203B181A7897
:10965000614913009B009B189B00CB1802331B78B9
:109660001D003B181A785C4913009B009B189B0057
:10967000CB180C331B68FA68F86800932B002100A4
:1096800019F0FCFB00E0C04646E026243B191A789E
:1096900013009B009B189B004F4A9B18991D142395
:1096A000FB180422180019F090FD504B1D68200093
:1096B0003B181A78484913009B009B189B00CB1855
:1096C00003331B785A1E4A4913005B009B189B000A
:1096D000CB1808331E683B181A783F4913009B00CB
:1096E0009B189B00CB1801331B785A1E13005B009C
:1096F0009B18404A9C187B69181CF9F7CDFA0200A8
:109700000B00F968F86802920393009433000A0092
:10971000290019F0B3FBC04610E0374B1968374BEE
:10972000FA68F86819F0AAFB344B1800F6F7F6FC53
:109730000200324B0021180019F01FFC26257B196E
:109740001A78254913009B009B189B00CB180C33FB
:109750001B682A4A11001800FDF766FE031EDCD1C3
:10976000274B1A68FB681100180019F00EFC184B03
:109770001C78FB681800F6F7D1FC03009AB2F96870
:1097800001235B420093322320000AF01DFB2722B5
:10979000BB18BA18127801321A707B191A787B1923
:1097A00001321A70174B1B782622BA1812789A4287
:1097B00000D2C0E6144B1A68FB681100180019F0BB
:1097C000FCFC00231800BD460BB0F0BDCC9A02088B
:1097D000380A002050010020481B002054010020BE
:1097E000580100205C01002060010020640100207D
:1097F00038300020748A020868010020341D0020DF
:109800006C0100203D0A00207001002080B588B066
:1098100000AFF860B9607A6000233B611F23FB183A
:1098200000221A701023FA187B68012118000EF02C
:1098300029FB0300BB61BB69180017F09EFF020003
:1098400017217B181A700A00BB181B78002B05D053
:10985000184B1B78BA1812789A4203D91F23FB18A9
:10986000FF221A701F23FB181B78002B16D1172319
:10987000FB181B785A1E104913009B009B189B0075
:10988000CB18103301221A7006F0A8FE0B4B1A6891
:10989000FB681100180019F090FC06E0084B1A68EC
:1098A000FB681100180019F088FC00231800BD4661
:1098B00008B080BD3D0A0020481B00207401002034
:1098C0007801002080B588B000AFF860B9607A6098
:1098D00000233B611F23FB1800221A701023FA1883
:1098E0007B68012118000EF0CDFA0300BB61BB6953
:1098F000180017F042FF020017217B181A700A00A7
:10990000BB181B78002B05D0184B1B78BA1812789F
:109910009A4203D91F23FB18FF221A701F23FB183A
:109920001B78002B16D11723FB181B785A1E1049E1
:1099300013009B009B189B00CB18103300221A7059
:1099400006F04CFE0B4B1A68FB681100180019F06A
:1099500034FC06E0084B1A68FB681100180019F087
:109960002CFC00231800BD4608B080BD3D0A002035
:10997000481B00207C0100208001002090B589B0A8
:1099800000AFF860B9607A6000233B611F23FB18C9
:1099900000221A701023FA187B68012118000EF0BB
:1099A00071FA0300BB61BB69180017F0E6FE020004
:1099B00017217B181A700A00BB181B78002B05D0E2
:1099C0005F4B1B78BA1812789A4203D91F23FB18F1
:1099D000FF221A701F23FB181B78002B00D096E083
:1099E00017243B191B785A1E564913009B009B18DD
:1099F0009B0000225A543B191B785A1E51491300F0
:109A00009B009B189B00CB18013300221A703B1956
:109A10001B785A1E13009B009B189B00494A9B18F9
:109A2000023304220021180019F0A7FA3B191B7811
:109A30005A1E444913009B009B189B00CB181033FF
:109A400000221A703B191B785A1E3E4913009B00D6
:109A50009B189B00CB180C331B68180017F0A4FE52
:109A600020003B181B785A1E364913009B009B1898
:109A70009B00CB180C3300221A601E23FB183A18E7
:109A800012781A7034E01E203B181A782D49130002
:109A90009B009B189B005B5C002B23D001007B1874
:109AA0001B785A1E13009B009B189B00254A981890
:109AB0000C007B181A7813009B009B189B00214A0E
:109AC0009B181422190019F080FB3B191A78130017
:109AD0009B009B189B001B4A9B1814220021180016
:109AE00019F04BFA1E217B181A787B1801321A7074
:109AF000134B1B781E22BA1812789A42C3D3104B0C
:109B00001B78013BDAB20E4B1A7006F067FD1F237B
:109B1000FB181B78002B07D10B4B1A68FB68110050
:109B2000180019F04AFB06E0084B1A68FB681100A0
:109B3000180019F042FB00231800BD4609B090BD83
:109B40003D0A0020481B00208401002088010020DD
:109B500090B58BB000AFF860B9607A600023BB614C
:109B600000237B612723FB1800221A701823FA18A0
:109B70007B68012118000EF085F903003B623B6A07
:109B80001B785BB2702B09D13B6A0133180017F0C8
:109B9000FAFD02002623FB181A7003E02723FB18A6
:109BA00067221A701423FA187B68022118000EF03D
:109BB00069F90300FB61FB691B785BB2702B09D16B
:109BC000FB690133180017F0DEFD02002523FB18A6
:109BD0001A7003E02723FB1867221A702722BB188C
:109BE0001B78002B0DD1BC182523FB181A782623CF
:109BF000FB181B7811001800FCF79CFB0300237076
:109C000003E02723FB1867221A702723FB181B7811
:109C1000002B0BD1124B19682623FB181A78252329
:109C2000FB181B78F86819F029F913E02723FB18B3
:109C30001B78672B07D10B4B1A68FB6811001800C3
:109C400019F0BBFA06E0084B1A68FB68110018000F
:109C500019F0B3FA00231800BD460BB090BDC04602
:109C60008C010020900100209401002090B58BB061
:109C700000AFF860B9607A600023BB6100237B61AC
:109C80002723FB1800221A701823FA187B68012179
:109C900018000EF0F7F803003B623B6A1B785BB2DA
:109CA000702B09D13B6A0133180017F06CFD0200DC
:109CB0002623FB181A7003E02723FB1867221A706B
:109CC0001423FA187B68022118000EF0DBF8030059
:109CD000FB61FB691B785BB2702B09D1FB69013317
:109CE000180017F050FD02002523FB181A7003E03E
:109CF0002723FB1867221A702722BB181B78002B1A
:109D00000DD1BC182523FB181A782623FB181B78C5
:109D100011001800FCF734FB0300237003E0272335
:109D2000FB1867221A702723FB181B78002B0BD116
:109D3000124B19682623FB181A782523FB181B7869
:109D4000F86819F09BF813E02723FB181B78672BA2
:109D500007D10B4B1A68FB681100180019F02DFA97
:109D600006E0084B1A68FB681100180019F025FA84
:109D700000231800BD460BB090BDC04698010020DE
:109D80009C010020A0010020B0B58EB002AFF860A9
:109D9000B9607A600023FB612F23FB1800221A7040
:109DA0001823FB18A54A12781A700023BB621C23E3
:109DB000FA187B68012118000EF064F803007B623A
:109DC0009F4A7B6A11001800F6F79EF9031E00D027
:109DD000AEE0BB6A002B00D02BE12E23FB18012242
:109DE0001A709EE0974B1B782E243A1912789A42EB
:109DF00000D190E017F002FF0300DAB218257B19BA
:109E00001A7079193B191878642300930A230122E8
:109E100009F0DAFF3B191B7818000AF08BF80300F1
:109E20001B685B6ADAB214217B181A707B191A78E6
:109E30007B181B789A4204D12F23FB1800221A703A
:109E400003E02F23FB1806221A702F23FB181B7820
:109E5000002B18D17C4B19682E23FB181A78FB684D
:109E6000180019F00BF8774B1C78FB681800F6F710
:109E700055F903009AB2F968642300930A2320007D
:109E800009F0A2FF1CE02F23FB181B78062B17D12B
:109E90006E4B19682E23FB181A78FB68180018F00F
:109EA000EDFF684B1C78FB681800F6F737F90300E4
:109EB0009AB2F968642300930A23200009F084FF12
:109EC000634B1A68FB681100180019F076F95D4BB6
:109ED0001C78FB681800F6F721F903009AB2F968BC
:109EE000642300930A23200009F06EFF02E00120A2
:109EF00011F08EF9534B1B785A1EBB6A591C5548FA
:109F000013005B009B189B01C3185B5C002BEED019
:109F1000BB6A0133BB622E217B181A787B18013291
:109F20001A702E23FB181B78052B00D85AE780E007
:109F30007B6A1B785BB2702B00D073E07B6A0133C5
:109F4000180017F020FC020023243B191A703B195B
:109F50001B78002B37D03B191B78052B33D82F23C8
:109F6000FB181B78002B1CD117F048FE0300DAB257
:109F700018217B181A7079183B19187864230093FC
:109F80003223012209F020FF2E23FB181B78180032
:109F900009F0D0FF03001B685B6ADAB21423FB18D8
:109FA0001A701823FB181A781423FB181B789A428E
:109FB00004D12F23FB1800221A7008E02F23FB186E
:109FC00006221A7003E02F23FB1866221A702F2333
:109FD000FB181B78002B09D11B4B19682323FB1896
:109FE0001A78FB68180018F049FF22E02F23FB18AD
:109FF0001B78662B07D1184B1A68FB6811001800F4
:10A0000019F0DBF815E02F23FB181B78062B10D175
:10A010000E4B19682323FB181A78FB68180018F0F8
:10A020002DFF06E00D4B1A68FB681100180019F0AF
:10A03000C4F800231800BD460CB0B0BDDC9A02087D
:10A0400024990208380A0020A4010020A801002059
:10A05000AC010020B81D0020B0010020B401002098
:10A06000B0B58CB000AFF860B9607A600023FB61D6
:10A070000023BB6100237B611C23FA187B6801214C
:10A0800018000DF0FFFE0300BB621823FA187B686E
:10A09000022118000DF0F6FE03007B622F4ABB6A16
:10A0A00011001800F6F730F8031E07D02C4ABB6ADF
:10A0B00011001800F6F728F8031E42D0BB6A0133DE
:10A0C000180017F05AFB02002323FB181A70254AC8
:10A0D0007B6A11001800F6F717F8031E04D12F232E
:10A0E000FB1800221A700BE01F4A7B6A110018004F
:10A0F000F6F70AF8031E03D12F23FB1801221A706A
:10A1000023243B191B78180008F0A0F914257A19AC
:10A110002F23FB1819783B191B78180008F0E2F977
:10A120007A19FB681100180019F047F87B69181CB0
:10A13000F8F7B2FD02000B000C49F86818F09EFE1B
:10A1400006E00B4B1A68FB681100180019F035F88F
:10A1500000231800BD460CB0B0BDC046E09A02080E
:10A16000E49A0208E89A0208EC9A0208F49A0208B3
:10A17000B801002090B587B000AFF860B9607A6090
:10A1800000237B6100233B611023FA1814243B1940
:10A190001100180008F076FA3A19FB68110018004F
:10A1A00019F00BF87B69181CF8F776FD02000B001C
:10A1B0000449F86818F062FE00231800BD4607B095
:10A1C00090BDC046109B020890B587B000AFF86004
:10A1D000B9607A6000237B6100233B611023FA1889
:10A1E00014243B191100180008F04CFA3A19FB68C6
:10A1F0001100180018F0E1FF3B69181CF8F74CFD3E
:10A2000002000B000449F86818F038FE002318001B
:10A21000BD4607B090BDC046349B020890B58DB0D6
:10A2200000AFF860B9607A600023FB610023BB6176
:10A2300000237B611C23FA187B68012118000DF0B4
:10A2400021FE0300BB621823FA187B680221180064
:10A250000DF018FE03007B622C4ABB6A1100180047
:10A26000F5F752FF031E07D0294ABB6A11001800F8
:10A27000F5F74AFF031E3CD0BB6A0133180017F004
:10A280007CFA02002323FB181A70224A7B6A110011
:10A290001800F5F739FF031E04D12F23FB18002205
:10A2A0001A700BE01C4A7B6A11001800F5F72CFFAE
:10A2B000031E03D12F23FB1801221A7023243B19FC
:10A2C0001B78180008F0C2F81423FA182F23FB1883
:10A2D00019783B191B78180008F0C2FA7B69181C22
:10A2E000F8F7DAFC02000B000C49F86818F0C6FD1C
:10A2F00006E00B4B1A68FB681100180018F05DFFB0
:10A3000000231800BD460DB090BDC046E09A02087B
:10A31000E49A0208E89A0208EC9A0208609B020894
:10A32000BC010020B0B586B000AFF860B960BB1DBD
:10A330001A8017257C19FB68180006F01DFC030025
:10A3400023707B191B78204AD35C002B0BD07B1920
:10A350001B781D4AD35C012B05D07B191B781A4A48
:10A36000D35C032B22D117243B191B78180006F06D
:10A3700017FE20003B181B785A1E144B9200B96838
:10A38000D1503B181B78104A0221D1543B181B783E
:10A390005A1E0F4B92000021D150BB1D1A88B9687C
:10A3A000FB68180006F028FD002309E01723FB18BE
:10A3B0001B78054AD35C022B01D1172300E0172339
:10A3C0001800BD4606B0B0BD480A00207821002024
:10A3D0008C21002080B584B000AF0200FB1D1A70F4
:10A3E000FB1D1B783B4AD35C022B09D0FB1D1B785D
:10A3F0005A1E394B9200D358180012F025FD64E024
:10A40000FB1D1B785A1E344B9200D358180012F0D3
:10A410001BFDFB1D1B785A1E304B9200D358002B9E
:10A4200009D0FB1D1B78013B2D4A99008A58511C0D
:10A430002B4A9B009950FB1D1B785A1E284B9200FB
:10A44000D258FB1D1B78591E244B8900CB589A42C9
:10A4500008D2FB1D1B785A1E224B5200D35ADBB286
:10A460000D2B32D1FB1D1B785A1E1E4B5200D35AA6
:10A470001B0A9AB20F217B181A70FB1D1B785A1EFB
:10A48000184B5200D25A0E23FB181A707B181B78F7
:10A49000002B03D07B181B78012B08D1FB1D1B78E8
:10A4A000180006F0A7FD104B01221A700DE0FB1DED
:10A4B0001B78180006F09EFD0E23FB181B78180071
:10A4C00006F098FD084B01221A70C046BD4604B044
:10A4D00080BDC046480A002094300020A021002002
:10A4E0008C210020F8220020C001002080B500AFA0
:10A4F0000B4B1B6808221A620A4B1B6808221A625F
:10A50000094B1B6808221A62084B1B6808221A6252
:10A51000074B1B6808221A62C046BD4680BDC04674
:10A52000D82B00206C2C0020942D0020282E0020F9
:10A53000BC2E002080B58CB002AFFA239A00694986
:10A5400069486A4B01930323009300230EF059FEE0
:10A55000FA239A0066496748674B019305230093E5
:10A5600000230EF04EFEFA239A0064496448654BBE
:10A5700001930323009300230EF043FEFCF7DCFF5E
:10A58000FA239A0060496148614B019303230093C9
:10A5900000230EF036FEFA239A005E495E485F4BB8
:10A5A00001930423009301230EF02BFEFA239A005B
:10A5B0005B4959485B4B01930423009302230EF03F
:10A5C00020FEFA239A0058495348584B019304231C
:10A5D000009303230EF015FEFA239A0054494E48C7
:10A5E000544B01930423009304230EF00AFEFA2334
:10A5F0009A0051494848514B019304230093052385
:10A600000EF0FFFD00237B622423FB1801211800BC
:10A610000DF0CCFA02004A4B5A6000233B62202323
:10A62000FB18012118000DF0C1FA0200454B5A60D9
:10A630000023FB611C23FB18012118000DF0B6FA62
:10A6400002003F4B9A600023BB611823FB180121D5
:10A6500018000DF0ABFA02003A4B9A6000237B61C0
:10A660001423FB18012118000DF0A0FA0200344B4E
:10A67000DA6000233B611023FB18012118000DF064
:10A6800095FA02002F4BDA600023FB600C23FB18C5
:10A69000012118000DF08AFA0200294B1A610023EB
:10A6A000BB600823FB18012118000DF07FFA02009F
:10A6B000244B1A6100237B603B1D012118000DF023
:10A6C00075FA02001E4B5A6100233B603B000121DA
:10A6D00018000DF06BFA02001A4B5A61C046BD46D5
:10A6E0000AB080BDF4A4020849A70008282200206F
:10A6F00000A5020871B90008302200200CA502084C
:10A70000BB1602082C22002018A502084565000887
:10A710003422002020A5020829C5000814220020A8
:10A720002CA502081822002038A502081C220020AF
:10A7300044A502082022002050A50208242200205F
:10A74000382200205422002080B582B000AF78600B
:10A750003A4B1B78032B2FD043DC012B02D0022B6A
:10A7600015D03EE0A023DB0501224021180013F0A4
:10A770001EF850200DF006FAA023DB050022402130
:10A78000180013F014F82D4B00221A702AE0A023B1
:10A79000DB0501224021180013F009F864200DF0B8
:10A7A000F1F9A023DB0500224021180012F0FFFF81
:10A7B000224B00221A7015E0A023DB050122402164
:10A7C000180012F0F4FF1E200DF0DCF9A023DB05C9
:10A7D00000224021180012F0EAFF184B00221A70E4
:10A7E00000E0C04607F0D6F8FCF7B0FD144B1B782C
:10A7F000002B15D005F0E0FC114B00221A70A023AD
:10A80000DB0501224021180012F0D1FFC82010F012
:10A81000FFFCA023DB0500224021180012F0C7FF37
:10A82000084B1B7801225340DBB2002B02D0064BB1
:10A8300000221A700DF094FD8AE7C0463A0A002003
:10A840000C220020213100202031002080B500AFF3
:10A85000064B1B6806491800F5F77CFC03001A003C
:10A86000044B1A60C046BD4680BDC046C8010020EA
:10A87000102700001022002080B588B000AF002310
:10A88000FB610023BB6100237B611E4B1B68FA2226
:10A8900091001800F5F75EFC0300013B3B611A4B89
:10A8A000FB601A4BBB608023DB047B60FB681B688A
:10A8B0003A69D31AFB610EF0DDFF0300BB61BB6890
:10A8C0001B687A68134007D0BB690133BB61FB6822
:10A8D0001B683A69D31AFB61BA6913009B009B1885
:10A8E0005B007B610A4B1B681900F869F5F732FCC5
:10A8F00003001A007B699B187B617B691800BD46C9
:10A9000008B080BDC801002018E000E004ED00E0C0
:10A9100010220020F0B589B002AFB9607A6019004A
:10A920000F23FB18021C1A700E203B180A1C1A7009
:10A9300000237B6101007B181A78282308201B184C
:10A94000DB191B789A4207D17B181B781A00DD4B64
:10A95000022199546723B0E10E23FB181B78002BCA
:10A9600006D0282308229B18DB191B78002B01D165
:10A970006723A2E10F23FB181B78002B5BD128254E
:10A980000826AB19DB191B780D2B18D10E23FB18E9
:10A990001B78180009F0CEFA0400AB19DB191B78FC
:10A9A000180009F0C7FA0100BB689BB21A0020002A
:10A9B000FFF7B8FC0300172B1BD117237DE10E23F3
:10A9C000FB181B78180009F0B5FA040028230822A8
:10A9D0009B18DB191B78180009F0ACFA0300012260
:10A9E00019002000FFF79EFC0300172B01D117234D
:10A9F00063E17A6813005B019B1A9B009B18DB00E4
:10AA00001A00FA2399001000F5F7A4FB03001900BF
:10AA10000E243A19AC48AD4B00931300002210F0FD
:10AA20006DF803007B613B191B785A1EA84B9200FE
:10AA3000B968D150C1E00F23FB181B78012B3DD121
:10AA4000282308229B18DB191B78180009F072FADA
:10AA500004000E23FB181B78180009F06BFA0300A2
:10AA6000012219002000FFF75DFC0300172B01D124
:10AA7000172322E17A6813005B019B1A9B009B1845
:10AA8000DB001A00FA2399001000F5F763FB0300BE
:10AA90001900282408256319DB198B488B4A00927A
:10AAA000002210F02BF803007B616319DB191B787F
:10AAB0005A1E874B9200B968D1507EE00F23FB18D5
:10AAC0001B78022B77D10E23FB181B78180009F096
:10AAD00031FA0400282308229B18DB191B78180080
:10AAE00009F028FA0300012219002000FFF71AFCE0
:10AAF0000300172B01D11723DFE07A6813005B01F5
:10AB00009B1A9B009B18DB001A00FA239900100087
:10AB1000F5F720FB030019000E257A196A486B4BE4
:10AB20000093130000220FF0E9FF03007B617B1903
:10AB30001B785A1E664B9200B968D1502823082210
:10AB40009B18DB191B78180009F0F4F904007B1935
:10AB50001B78180009F0EEF903000122190020000B
:10AB6000FFF7E0FB0300172B01D11723A5E07A685C
:10AB700013005B019B1A9B009B18DB001A00FA2351
:10AB800099001000F5F7E6FA0300190028240825BB
:10AB90006319DB194C484D4A009200220FF0AEFFBA
:10ABA00003007B616319DB191B785A1E484B920026
:10ABB000B968D15001E067237FE00F22BB181B78F2
:10ABC000002B14D1BB181B789BB21B0299B228230F
:10ABD00008229B18DB191B7818000E23FB181B7822
:10ABE0005A1E0B1899B23B4B5200D15244E00F222F
:10ABF000BB181B78012B14D1BB181B789BB21B020E
:10AC000099B20E23FB181B781800282308229B18E2
:10AC1000DB191B785A1E0B1899B22E4B5200D152D9
:10AC20002AE00F243B191B78022B25D13B191B78F6
:10AC30009BB21B0299B228250823EA18D3191B7866
:10AC400018000E26BB191B785A1E0B1899B2214BFF
:10AC50005200D1523B191B789BB21B0299B2BB190F
:10AC60001B7818000823EB18DB191B785A1E0B18E9
:10AC700099B2184B5200D1520F23FB181B781A04BB
:10AC8000282308215B18DB191B781B02D3180E221E
:10AC9000BA1812789B181A000F4B1A607B69002BA8
:10ACA0000AD00EF0D9FD0200786901235B420093BF
:10ACB000002301210FF072FF00231800BD4607B0EA
:10ACC000F0BDC046480A002064A50208DDAC0008BB
:10ACD000A0210020F82200200423002090B585B098
:10ACE00000AF78600F203B1800221A700E243B1929
:10ACF00000221A700D217B1800221A701E4B1B684F
:10AD00001A0C7B181A701C4B1B681A0A3B191A7014
:10AD1000194B1A683B181A707B181B78022B16D037
:10AD200025DC002B02D0012B07D020E00F23FB18DD
:10AD30001B78180006F05EF91AE00E23FB181B784A
:10AD4000180006F057F90D4B01221A7010E00F237E
:10AD5000FB181B78180006F04DF90E23FB181B7822
:10AD6000180006F047F9054B01221A7000E0C046B2
:10AD7000C046BD4605B090BD04230020C0010020A0
:10AD8000F0B587B002AF0200FB1D1A700F23FB184D
:10AD900000221A700E243B1900221A700D257B190F
:10ADA00000221A70164B00221A70FB1D1B785A1EC7
:10ADB000791914481300DB009B1ADB001B5C0B7035
:10ADC000114B1A7826003C197B191B7819001000CA
:10ADD000FAF7E2F803002370FB1D1B789BB27A1987
:10ADE0001178BA191078009300230A00002100F0AE
:10ADF000AFF90F23FB181B781800BD4605B0F0BD56
:10AE00009A090020500A0020941A002080B586B0CC
:10AE100002AF0200FB1D1A70BB1D0A1C1A700F2323
:10AE2000FB1800221A70134B00221A70124BFA1DE5
:10AE300012781A70FB1D1B78FF2B0AD1BB1D1B78E3
:10AE40009BB200930023FF220021002000F080F934
:10AE500009E0BB1D1B789BB200930023FE2200215A
:10AE6000002000F075F90F23FB181B781800BD4671
:10AE700004B080BD9A0900207800002080B582B01F
:10AE800000AF0200FB1D1A70FB1D1B78052B2CD890
:10AE90009A00184BD3181B689F46174B186800235D
:10AEA000022200210FF022FC20E0144B186800233E
:10AEB000022200210FF01AFC18E0114B1868002341
:10AEC000022200210FF012FC10E00E4B1868002344
:10AED000022200210FF00AFC08E00B4B1868002347
:10AEE000022200210FF002FC00E0C046C046BD4631
:10AEF00002B080BD70A50208142200201822002094
:10AF00001C2200202022002024220020B0B584B082
:10AF100002AF05000C0010001900FB1D2A1C1A705E
:10AF2000BB1D221C1A703B1D021C1A80BB1C0A1C74
:10AF30001A80184B01221A70174BBA1D12781A701A
:10AF4000BB1D1B78FF2B0CD13B1D1A88FB1D1978EC
:10AF5000BB1C1B8800931300FF22002000F0F8F8B0
:10AF60000BE03B1D1A88FB1D1978BB1C1B88009346
:10AF70001300FE22002000F0EBF8BB1C1A88074BE0
:10AF80000021180017F0F9FF00231800BD4602B099
:10AF9000B0BDC0469A09002078000020680B002050
:10AFA000B0B586B002AF040008001100FB1D221CE2
:10AFB0001A703B1D021C1A80BB1C0A1C1A800F232E
:10AFC000FB1800221A700E257B1900221A70FB1D37
:10AFD0001B78FF2B20D0194B1A787C19FB1D1B788E
:10AFE00019001000F9F7D8FF03002370134B1978EC
:10AFF0003B1D1C88FB1D1A787B191878BB1C1B880D
:10B000000093230000F0A4F8BB1C1A880C4B00210D
:10B01000180017F0B2FF09E0084B1878BB1C19881C
:10B020003B1D1A880B00FF21FFF770FF0F23FB1851
:10B030001B781800BD4604B0B0BDC046941A00206D
:10B04000680B0020F0B587B000AF04000800BA60BC
:10B0500019000F257B19221C1A700C23FB18021CE7
:10B060001A80BB1D0A1C1A801623FB18BA1D1288F1
:10B070001A801423FB1800221A801223FB180022C6
:10B080001A8011217B1800221A701023FB1800224D
:10B090001A702C4B1A787C187B191B781900100039
:10B0A000F9F77AFF0300237041E01223FA18162300
:10B0B000FB181B8899B22E2900D92E231380142443
:10B0C0003B191B88BA68D11812257B191A881E4BA8
:10B0D000180018F07AF81626BB19B91928003A1882
:10B0E000098812888A1A1A803B1939193A1809886E
:10B0F00012888A181A80BB191B88002B06D0134BA4
:10B100001A78802149420A431A7004E00F4B1A78DA
:10B110007F210A401A701223FB181A880C23FB188F
:10B1200019880F23FB181B781800FFF739FF162327
:10B13000FB181B88002BB8D100231800BD4607B0B0
:10B14000F0BDC046941A0020680B0020B41A0020FD
:10B15000B0B586B000AF05000C0010001900FB1D53
:10B160002A1C1A70BB1D221C1A707B1D021C1A702F
:10B17000BB1C0A1C1A801023FB1800221A700F2314
:10B18000FB1800221A700E23FB1800221A701723D6
:10B19000FB1800221A701623FB1800221A701523C0
:10B1A000FB1800221A70FB1D1B78002B03D17B1D9E
:10B1B0001B78002B17D0FB1D1B78002B07D17B1DA4
:10B1C0001B78FF2B03D07B1D1B78FE2B0BD1FB1DA7
:10B1D0001B78002B09D0BB1D1B78002B05D07B1DD5
:10B1E0001B78002B01D1672318E200200EF0C6F96E
:10B1F0000300BB60052100200EF0DAF9CA4B48229B
:10B200001A70C94B5A225A70FB1D1B78002B0BD1A8
:10B21000BB1D1B78002B07D17B1D1B78FF2B07D094
:10B220007B1D1B78FE2B03D0BB1C1B88002B18D169
:10B2300028203B181B885A1E16243B19BB498A5CE0
:10B240001A703B181B885A1E1300DB009B1ADB0088
:10B25000B74A99183B191A78B64B180017F0B5FF82
:10B2600029E1BB1D1B78002B03D1BB1DB24A12780C
:10B270001A70B24B1B7801221340DBB2002B05D0B1
:10B280001722BB18BA18127801321A70BB1C1B881F
:10B29000FF2B04D9A94B1A7802210A431A70A24B3A
:10B2A0001622BA1812789A709F4B7A1D1278DA70AB
:10B2B0009D4BBA1D12781A71A04B1A789A4B5A718D
:10B2C00017203B181B780633BA1C1288D1B2964A55
:10B2D000D1549A4B1B7802221340DBB2002B0ED0C4
:10B2E0003B183A18127801321A70BB1C1B881B0AD3
:10B2F0009AB23B181B780633D1B28B4AD15428241A
:10B300003B191B882E2B1AD817257B191B78DA1DA1
:10B31000854BD0188A4B1B881A008A4BD1183B19D1
:10B320001B881A0017F051FF3B191B88DAB27B19F2
:10B330001B78D318DAB21623FB1804321A70824B2A
:10B340001B78002B00D1B6E0804B1B78FF2B52D02E
:10B350001223FB1801221A8035E012203B181B88AB
:10B360005A1E7B4B5200D35A1A00784B1B781A4155
:10B3700013000122134020D015217B187A1812786F
:10B3800001321A7028243B191A887B181B78D318AD
:10B390002C2B10DC1723FB181B78DA1D3B191B889C
:10B3A000D2187B181B78D318013B3A181288D1B2F7
:10B3B0005D4AD15401E0692330E112217B181A88DB
:10B3C0007B1801321A80634B1B781A001223FB187A
:10B3D0001B889342C1D91723FB181B78DA1D282339
:10B3E000FB181B88D21815217B181B78D3184E4ADE
:10B3F00079180978D154554B1B78FF2B16D1282189
:10B400007B181B882C2B11D8534B1B780133DAB2D5
:10B41000514B1A701723FB181B78DA1D7B181B88F9
:10B42000D3184D4A1178404AD1542EE0474B1B782F
:10B43000FF2B01D16923F1E0444B1B78FF2B1ED079
:10B4400028217B181A8815203B181B78D3182B2B22
:10B4500015DC414B1B780133DAB23F4B1A701723CE
:10B46000FB181B78DA1D7B181B88D2183B181B7839
:10B47000D3180133384A11782B4AD15405E0334BA5
:10B480001B78FF2B01D06923C8E0304B1B78FF2BC2
:10B4900006D11622BB18BA18127801321A700AE0C7
:10B4A0001523FA1816217B1812781B78D318DAB2F4
:10B4B0007B1802321A701C4B16257A1912789A7072
:10B4C0007B191B7803331A001749244B180017F017
:10B4D0007CFE7B191B789BB203339AB27B191B78D5
:10B4E000DC1C1E4B1100180005F022FE03001A00A0
:10B4F0000D4B1A55194B38220021180017F03DFD4D
:10B500007B1D1B78FF2B2BD07B1D1B78FE2B27D0A0
:10B510007B191B789BB204339AB20349FB1D187840
:10B52000322308F0A7FC6AE0000A0020400A00204D
:10B53000500A0020030A0020941A0020B41A0020A8
:10B5400036230020680B00209A0900207800002094
:10B550002C1A00207C000020390A0020C022002084
:10B56000BB1C1B88002B07D1BB1D1B78002B03D1F4
:10B57000BB1D2C4A12791A70BB1D1B781800F9F7F5
:10B5800033FB1123FB1801221A7033E0264B1B7882
:10B590005A1E264B5200D35A1A0011203B181B7812
:10B5A000013B1A411300012213401AD016243B1903
:10B5B0001B789BB204339AB21A493B18187832238D
:10B5C00008F058FC1A4B1B78002B0AD03B191B784B
:10B5D0009BB204339AB21349FB1D1878322308F04A
:10B5E00049FC0A2008F014F811217B181A787B18FE
:10B5F00001321A701123FB181B78052BC6D9BB68C2
:10B60000190000200DF0D4FF0A4B1B78002B02D04C
:10B61000084B02221A701023FB181B781800BD4635
:10B6200006B0B0BD000A0020941A0020C01500200A
:10B6300099090020B51A0020F0B58BB006AF0500BF
:10B640000C0010001900FB1D2A1C1A70BB1D221CC7
:10B650001A707B1D021C1A703B1D0A1C1A700B24E9
:10B660003B1900221A700F23FB1800221A700E23B8
:10B67000FB1800221A700D23FB1800221A70B04B21
:10B680001B78BA1D12789A4248D0FB6ADAB2AD4BE9
:10B690001A70FB6A1B0ADAB2AA4B5A70FB6A1B0CBF
:10B6A000DAB2A84B9A70FB6A1B0EDAB2A54BDA70BD
:10B6B0003B6BDAB2A34B1A713B6B1B0ADAB2A14B9C
:10B6C0005A713B6B1B0CDAB29E4B9A713B6B1B0E93
:10B6D000DAB29C4BDA719B4A202308215B18DB19F4
:10B6E0001B781372974BFA1D12785A72954B3A1DBC
:10B6F00012789A72934B7A1D1278DA722C235B18A7
:10B70000DB191A788F4B1A73BB1D1B780D221C2175
:10B710001800FFF745FC3B191B780CE10C23FB18C4
:10B7200000221A70B6E03B1D1A78BB1D1B78110071
:10B730001800F9F731FC0C217B181B78824AD35C86
:10B74000002B00D1A0E07B181B7801337E4AD35C2C
:10B75000002B10D07B181B787B4AD05C7B181B78A1
:10B760000133794AD35C0E22BC181900F9F714FC96
:10B77000030023700EE00C23FB181B78724AD25C86
:10B780000E23FC18BB1D1B7819001000F9F704FCF0
:10B79000030023703B1D1A78BB1D1B781100180095
:10B7A000F9F7FAFB0C23FB181B78674AD35C3A1DA8
:10B7B00012789A4205D10D23FB187A1D12781A705F
:10B7C00010E00C217B181B785F4AD05C7B181B783B
:10B7D000013B5D4AD35C0D22BC181900F9F7DCFB74
:10B7E00003002370FB6ADAB2564B1A70FB6A1B0A1D
:10B7F000DAB2544B5A70FB6A1B0CDAB2514B9A7096
:10B80000FB6A1B0EDAB24F4BDA703B6BDAB24D4B70
:10B810001A713B6B1B0ADAB24A4B5A713B6B1B0C19
:10B82000DAB2484B9A713B6B1B0EDAB2454BDA71B8
:10B83000444A202308215B18DB191B781372414B03
:10B840000E22BA1812785A723E4B0D22BA1812788C
:10B850009A722C235B18DB191A783A4BDA723B1D6B
:10B860001A78BB1D1B7811001800F9F795FB0C2303
:10B87000FB181B78344AD35C0C221B211800FFF7FD
:10B880008FFB0A200CF07EF90C217B181A787B18AC
:10B8900001321A700C23FB181B78192B00D842E7D1
:10B8A000FB1D1B780D2B43D0BA1D3B1D12781B7856
:10B8B0009A4205D10F23FB187A1D12781A700BE0FB
:10B8C0000F23FC183B1D1A78BB1D1B7811001800B4
:10B8D000F9F762FB03002370FB1D1C783A6BF96AD1
:10B8E000202508202B18DB1918780F26BB191B7888
:10B8F00000932300FFF70EF82C2308201B18DB19F8
:10B900001B78002B14D0FB1D1C783A6BF96A2B189E
:10B91000DB19187800230493002303930023029378
:10B9200000230193BB191B7800932300F8F728F933
:10B930000B23FB181B781800BD4605B0F0BDC046B0
:10B94000941A0020680B00201C23002080B500AF53
:10B95000BFF34F8FC046044B044ADA60BFF34F8FEA
:10B96000C046C046FDE7C04600ED00E00400FA0511
:10B97000F0B58BB000AF78602723FB1800221A7057
:10B980001023FB1800221A6000221A710823FB18EA
:10B9900000221A6000221A711A23FB1800221A7062
:10B9A00001235B42190001200EF05EFED54B002200
:10B9B0001A7000F0A8FD1923FB18D24A12781A70E9
:10B9C000D04B1B781A00D04B9200D3581B68DBB2C7
:10B9D000CC4A1278110040225242D31ADAB2CB4B31
:10B9E0005A54C84B1B781A00C84B9A5CC54B1B783D
:10B9F0001900C74B5B5C9A4200D125E2C14B1A7813
:10BA000018243B1901321A703B191B785A1EBD4B82
:10BA10001B781900BE4B5B5C1800BE4913005B002D
:10BA20009B189B01CB181B5C0D2B4BD13B191B7832
:10BA3000B94AD35C002B45D100233B620DE0B64AE6
:10BA40003B6AD3181B78032B04D1B34A3B6AD31843
:10BA500000221A703B6A01333B623B6A052BEEDD24
:10BA600018203B181B78AC4A0321D154AB4B3A1831
:10BA700012781A70AA4B3A1812781A703B181B7871
:10BA80005A1EA04B1B781900A14B5B5C1800A14902
:10BA900013005B009B189B01CB181A5CA14B1A701A
:10BAA000A14B18680023022200210EF01FFE9F4BBD
:10BAB0001B78012B02D19E4B01221A709B4B012255
:10BAC0001A70ABE118217B181B78934AD35C032BC7
:10BAD00015D17B181B785A1E8A4B1B7819008C4B8A
:10BAE0005B5C18008B4913005B009B189B01CB1813
:10BAF0001A5C8C4B1A708E4B01221A708EE118243E
:10BB00003B191B785A1E7F4B1B781900804B5B5CDE
:10BB10001800804913005B009B189B01CB181B5C2D
:10BB2000482B0BD13B191B787B4AD35C002B05D1EA
:10BB30003B191B78784A0721D1546FE118243B192F
:10BB40001B785A1E6F4B1B781900714B5B5C1800F9
:10BB5000704913005B009B189B01CB181B5C5A2B90
:10BB60000BD13B191B786C4AD35C072B05D13B19D1
:10BB70001B78694A0821D15450E118243B191B78DD
:10BB80005A1E604B1B781900614B5B5C18006149C1
:10BB900013005B009B189B01CB181B5C5A2B0BD02E
:10BBA0003B191B785C4AD35C072B05D13B191B78EA
:10BBB000594A0021D15431E11826BB191B78564A45
:10BBC000D35C082B4CD1BB191B78534A0121D154AB
:10BBD000BB191B785A1E4B4B1B7819004C4B5B5CF6
:10BBE0001D0019243B1919783B191B785148C35C77
:10BBF0001C00484813005B009B189B01C3185D5D47
:10BC00004D482300DB001B1BDB000A00920052188A
:10BC1000D100891ACA0011005B18C31802332A1C0C
:10BC20001A7019243B191B780822BA180321D15421
:10BC3000BB191B785A1E334B1B781900344B5B5CC5
:10BC40001800344913005B009B189B01CB181A5C49
:10BC50003B191B780132D1B21022BA18D154DDE061
:10BC600018217B181B782C4AD35C012B00D0D5E01F
:10BC700019203B181B781022BA18D35C012B5DD910
:10BC80007B181B785A1E1F4B1B781900204B5B5CDE
:10BC90001E003B18197805003B181B782548C35C2B
:10BCA0001C007B191B7808257819C35C1D001948F6
:10BCB00013005B009B189B01C3189E5D1E48230068
:10BCC000DB001B1BDB000A0092005218D100891A0E
:10BCD000CA0011005B18C318321C5A5519203B18B2
:10BCE0001B7808243A19D25C0132D1B23A19D154E6
:10BCF0003B181B7810203A18D25C013AD1B23A189E
:10BD0000D1548BE06A2900206C16002064290020A1
:10BD10005C290020B81D0020480A0020380A0020B5
:10BD2000B91A00206929002034220020C8230020ED
:10BD30003E0A0020D4230020DC2300201823FB1817
:10BD40001B785A1EE04B1B781900E04B5B5C1E0011
:10BD500019257B1919787B191B78DD48C35C1C00F9
:10BD60007B191B7808203818C35C1D00D9481300C4
:10BD70005B009B189B01C3189E5DD7482300DB0026
:10BD80001B1BDB000A0092005218D100891ACA005E
:10BD900011005B18C318321C5A5519203B181B7828
:10BDA00008243A19D25C0132D1B23A19D1543B1865
:10BDB0001B7810243A19D25C013AD1B23A19D15405
:10BDC0003B181B78C24AD25C0132D1B2C04AD1546E
:10BDD0003B181B78BE4AD35C052B04D13B181B785B
:10BDE000BB4A0021D154BD4B1B781900BC4B182213
:10BDF000BA1812785A54B94B1B780133DAB2B74BE0
:10BE00001A70B64B1B78052B02D1B44B00221A7066
:10BE10001823FB181B78B34A0021D154AA4B1B7876
:10BE2000AA4AD25C0132D1B2A84AD154A64B1B789F
:10BE30001A00A64B9B5CC02B18D1A34B1B781A0091
:10BE4000A24B0021995411E09F4B1B781A00A64B7E
:10BE50009A5C9D4B1B7819009C4B5B5C9A4205D108
:10BE6000994B1B780133DAB2974B1A709B4B1A78B7
:10BE70009E4B1B789A4200D145E39C4B1B781900DE
:10BE800018203B18964A525C1A7019257B193A18EB
:10BE90001278013A1A707B1919787B191B78944A29
:10BEA000D35C1A008C481300DB009B1ADB000A00ED
:10BEB00092005218D100891ACA0011005B1848225A
:10BEC0001A547B1919787B191B78894AD35C1A009C
:10BED00081481300DB009B1ADB000A009200521815
:10BEE000D100891ACA0011005B18C31801335A2205
:10BEF0001A707B1919787B191B787D4AD35C1A005C
:10BF000017243819744C1300DB009B1ADB000A005D
:10BF100092005218D100891ACA0011005B18E31868
:10BF200002331B7803707B1919787B191B78704AD0
:10BF3000D35C1A001626B819674C1300DB009B1A55
:10BF4000DB000A0092005218D100891ACA001100C1
:10BF50005B18E31803331B780370664B1B78BA1920
:10BF600012789A4263D0BB191B78002B5FD0BB19A3
:10BF70001B78FF2B5BD0BB191B78FE2B57D07B198E
:10BF80001B785D4A172439190978D1547B191A781E
:10BF90001300DB009B1ADB00584A98187B191978AC
:10BFA0007B191B78524AD35C1A001300DB009B1AE2
:10BFB000DB000A0092005218D100891ACA00110051
:10BFC0005B18DA1C444BD1183B191B781A0017F088
:10BFD000FCF818203B181B785A1E48491300DB0058
:10BFE0009B1ADB00CB1802331B789B08DBB21A1CB0
:10BFF00001231340DAB2424B01210A4090001A7823
:10C0000004218A43111C021C0A431A703C4B1B7802
:10C0100004221340DBB2002B02D03A4B03221A70E9
:10C020001823FB181B781800FEF7AAFE4AE2192411
:10C030003B1919783B191B782D4AD35C1A00264806
:10C040001300DB009B1ADB000A0092005218D1009B
:10C05000891ACA0011005B181A5C2B4B1A703B1925
:10C0600019783B191B78224AD35C1A001A4813002E
:10C07000DB009B1ADB000A0092005218D100891ADB
:10C08000CA0011005B18C31801331A781E4B5A708E
:10C090003B1919783B191B78154AD35C1A000E48D6
:10C0A0001300DB009B1ADB000A0092005218D1003B
:10C0B000891ACA0011005B18C31802331A78124B90
:10C0C0009A700023FB6141E06A2900205C2900206E
:10C0D000D4230020B81D0020DC2300205A29002092
:10C0E00054290020480A00206429002059290020F2
:10C0F000CC230020941A0020400A0020500A00207F
:10C10000B41A00203A0A0020902300201922BB18FC
:10C110001978BB181B78DE4AD35C1A00FB69DC1C5B
:10C12000FB69D81CDB4D1300DB009B1ADB000A0007
:10C1300092005218D100891ACA0011005B18EB183E
:10C140001A5DD54B1A54FB690133FB611726BB19E5
:10C150001B78FA699A42D9DBBB191B789BB203336F
:10C160009AB21523FC18CC4B1100180004F0E0FF24
:10C1700003002370C94B1B8801339AB2C74B1A8046
:10C1800019257B1919787B191B78C14AD35C1A00D1
:10C19000BB191B78D81CBF4C1300DB009B1ADB00BB
:10C1A0000A0092005218D100891ACA0011005B18C7
:10C1B000E3181B5C1522BA1812789A4200D07BE172
:10C1C000B74B1B8801339AB2B54B1A807B191B7889
:10C1D000B44A3400B9190978D1547B191A7813007C
:10C1E000DB009B1ADB00B04A98187B1919787B1981
:10C1F0001B78A74AD35C1A001300DB009B1ADB00F4
:10C200000A0092005218D100891ACA0011005B1866
:10C21000DA1CA04BD1183B191B781A0016F0D5FF79
:10C220002723FB1800221A701622BB181B78FF2B3D
:10C2300004D0BB181B78FE2B00D01CE11623FB1882
:10C240001B78FF2B42D118243B191B785A1E3B192F
:10C250001B78013B9349CB5C591E93481300DB00CC
:10C260009B1ADB00C3185A5C904B1B78DBB29A42D6
:10C270002CD03B191B785A1E3B191B78013B89496E
:10C28000CB5C591E88481300DB009B1ADB00C318E7
:10C290005A5C864B111C1970854B1A703B191B7820
:10C2A0001900FF20FEF7B2FD3B191B785A1E3B19FF
:10C2B0001B78013B7B49CB5C591E7B481300DB009C
:10C2C0009B1ADB00C31800225A541EE01623FB18E9
:10C2D0001B78FF2B19D118217B181B785A1E7B184D
:10C2E0001B78013B6F49CB5C591E6F481300DB0084
:10C2F0009B1ADB00C3185A5C6C4B1B78DBB29A426A
:10C3000003D12723FB1803221A701623FB181B786E
:10C31000FE2B00D090E018243B191B785A1E3B19C5
:10C320001B78013B5F49CB5C591E5F481300DB0063
:10C330009B1ADB00C3185A5C5C4B1B78DBB29A4239
:10C3400000D179E03B191B785A1E3B191B78013B41
:10C350005449CB5C591E54481300DB009B1ADB0088
:10C36000C3185A5C514B111C1970514B1A703B1970
:10C370001B781900FE20FEF749FD3B191B785A1E59
:10C380003B191B78013B4749CB5C591E46481300BB
:10C39000DB009B1ADB00C31800225A543B191B78A0
:10C3A0005A1E3B191B78013B3E49CB5C981E1A2351
:10C3B000F9183D4C1300DB009B1ADB00E3181B5CF3
:10C3C0000B702723FB1866221A701B23FB18002210
:10C3D0001A7028E018217B181B785A1E7B181B78CE
:10C3E000013B3049CB5C991E1A23FB181B78C91AF4
:10C3F0001B23FB181B78C9182B481300DB009B1A62
:10C40000DB00C3185A5C2B4B1B789A4205D12723BB
:10C41000FB1800221A70C0462DE01B217B181A78E9
:10C420007B1801321A701B23FA181A23FB18127892
:10C430001B789A42CED31EE01623FB181B78FE2BE6
:10C4400019D118217B181B785A1E7B181B78013BC9
:10C450001449CB5C591E14481300DB009B1ADB0007
:10C46000C3185A5C114B1B78DBB29A4203D12723C5
:10C47000FB1803221A702723FB181B78002B21D1ED
:10C480001823FB181B781800FEF7F8FC1AE0C046CA
:10C49000CC230020DC2300209023002070290020E2
:10C4A0006C290020400A0020500A00205B2900204F
:10C4B000390A0020941A0020174B1B8801339AB2C6
:10C4C000154B1A8019203B181B78144AD25C013294
:10C4D000D1B2124AD1543B181B78104AD35C052BB9
:10C4E00004D13B181B780D4A0021D1540C4B1B780A
:10C4F0000133DAB20A4B1A70094B1B78052B02D1B3
:10C50000074B00221A70074B1B78042B01D8FFF74A
:10C5100052FAFFF745FAC0466E290020CC230020CE
:10C52000592900206A290020B0B586B000AF786094
:10C530001723FB1800221A701123FB1800221A700F
:10C540007A681023FB181A701723FB1800221A7040
:10C5500001235B42190001200EF086F810243B19DC
:10C560001B78013BEB4AD35C002B00D123E33B1942
:10C570001B785A1E0F23F918E7481300DB009B1A9B
:10C58000DB001B5C0B703B191B785A1E1623F91835
:10C59000E1481300DB009B1ADB00C31801331B7852
:10C5A0000B7015257B1900221A703B191B785A1E37
:10C5B000DA49D9481300DB009B1ADB00C3180233A9
:10C5C0001B780B70D54B1B7801221340DBB2002B7C
:10C5D00008D01123FB1801221A707B197A191278DE
:10C5E00001321A70CD4B1B7802221340DBB2002BB4
:10C5F00029D010257B191B785A1E15243B191B784E
:10C60000191DC5481300DB009B1ADB00C3185B5CD7
:10C610001B0299B27B191B785A1E25003B191B7807
:10C62000D81CBD4C1300DB009B1ADB00E3181B5C1D
:10C630001A001223FB188A181A807B197A191278AB
:10C6400001321A7011E01023FB181B785A1E1523B3
:10C65000FB181B78D91CB0481300DB009B1ADB00C9
:10C66000C3185A5C1223FB181A80AC4B1B780822A3
:10C670001340DBB2002B0CD0A84B1A7808218A4358
:10C680001A701623FB181B7800222C211800FEF7C5
:10C6900087FC1522BB18BA18127804321A701723B7
:10C6A000FB181B78002B00D085E21223FB181B8897
:10C6B000312B0ADC002B00DA68E2312B00D965E26D
:10C6C0009A00974BD3181B689F46964A93425BD0BB
:10C6D0005CE21723FC181523FB181A781023FB18AB
:10C6E00019781623FB181B78180000F0CDFA030008
:10C6F000237060E21723FC181523FB181A78102307
:10C70000FB1819781623FB181B78180000F0F6FAAE
:10C71000030023704FE2A023DB0501224021180013
:10C7200011F045F847E2A023DB0500224021180064
:10C7300011F03DF83FE2A023DB054021180011F085
:10C7400053F838E21723FC181523FB181A78102326
:10C75000FB1819781623FB181B78180000F038FB1B
:10C760000300237027E21723FC181523FB181A78FF
:10C770001023FB1819781623FB181B78180000F0FB
:10C78000AFFB0300237016E21723FC181523FB18D8
:10C790001A781023FB1819781623FB181B78180039
:10C7A00000F002FC0300237005E21723FC18152398
:10C7B000FB181A781023FB1819781623FB181B781E
:10C7C000180000F0E5FD03002370F4E11723FC18C6
:10C7D0001523FB181A781023FB1819781623FB1859
:10C7E0001B78180000F046FE03002370E3E11723D6
:10C7F000FC181523FB181A781023FB181978162338
:10C80000FB181B78180000F0B3FE03002370D2E180
:10C810001723FC181523FB181A781023FB18197816
:10C820001623FB181B78180000F008FF0300237084
:10C83000C1E11723FC181523FB181A781023FB18E5
:10C8400019781623FB181B78180000F06DFF030001
:10C850002370B0E11723FC181623FB181B7818006F
:10C8600007F072FC03002370A5E11723FC181523C1
:10C87000FB181A781023FB1819781623FB181B785D
:10C88000180000F0E7FF0300237094E11723FC1861
:10C890001523FB181A781023FB1819781623FB1898
:10C8A0001B78180001F03EF80300237083E1172382
:10C8B000FC181523FB181A781023FB181978162377
:10C8C000FB181B78180001F0F5F80300237072E1E3
:10C8D0001723FC181523FB181A781023FB18197856
:10C8E0001623FB181B78180001F00AF903002370C7
:10C8F00061E11723FC181523FB181A781023FB1885
:10C9000019781623FB181B78180001F021F9030091
:10C91000237050E1400A0020500A0020B41A002081
:10C9200090A50208B20500001723FC181523FB1878
:10C930001A781023FB1819781623FB181B78180097
:10C9400001F0DAF90300237035E11723FC181523F1
:10C95000FB181A781023FB1819781623FB181B787C
:10C96000180001F053FA0300237024E11723FC1888
:10C970001523FB181A781023FB1819781623FB18B7
:10C980001B78180001F066FA0300237013E11723E7
:10C99000FC181523FB181A781023FB181978162396
:10C9A000FB181B78180001F09FFA0300237002E1C6
:10C9B0001723FC181523FB181A781023FB18197875
:10C9C0001623FB181B78180001F030FD03002370BC
:10C9D000F1E01723FC181523FB181A781023FB1815
:10C9E00019781623FB181B78180001F0C5FD030009
:10C9F0002370E0E01723FC181523FB181A78102386
:10CA0000FB1819781623FB181B78180002F00EF893
:10CA100003002370CFE01723FC181523FB181A78A6
:10CA20001023FB1819781623FB181B78180002F046
:10CA3000ABF903002370BEE01723FC181523FB1885
:10CA40001A781023FB1819781623FB181B78180086
:10CA500002F050FE03002370ADE01723FC181523ED
:10CA6000FB181A781023FB1819781623FB181B786B
:10CA7000180002F06BFE030023709CE01723FC18E3
:10CA80001523FB181A781023FB1819781623FB18A6
:10CA90001B78180002F0AEFE030023708BE0172312
:10CAA000FC181523FB181A781023FB181978162385
:10CAB000FB181B78180002F003FF030023707AE0D4
:10CAC0001723FC181523FB181A781023FB18197864
:10CAD0001623FB181B78180002F016FF03002370C2
:10CAE00069E01723FC181523FB181A781023FB188C
:10CAF00019781623FB181B78180002F023FF030097
:10CB0000237058E01723FC181523FB181A781023FC
:10CB1000FB1819781623FB181B78180002F030FF59
:10CB20000300237047E01723FC181523FB181A781D
:10CB30001023FB1819781623FB181B78180003F034
:10CB4000FFF90300237036E01723FC181523FB18A8
:10CB50001A781023FB1819781623FB181B78180075
:10CB600003F028FA0300237025E01723FC1815238F
:10CB7000FB181A781023FB1819781623FB181B785A
:10CB8000180003F051FA0300237014E01723FC1877
:10CB90001523FB181D781223FB181A881023FB1885
:10CBA00019781623FB1818782B0003F0AFFA03004E
:10CBB000237000E0C04617243B191B78012B0AD1D3
:10CBC0001623FB181B78002200211800FEF7E8F955
:10CBD0003B1900221A7010217B181B785A1E130073
:10CBE000DB009B1ADB00164A98180C007B181B7898
:10CBF000013B144AD35C1A00002116F0BEF93B1920
:10CC00001B78013B0F4A0021D1543B191B780E4A77
:10CC1000D35C022B10D03B191B780B4AD35C032B3F
:10CC20000AD03B191B78084AD35C042B04D03B196B
:10CC30001B78054A0021D1540BF092FB84E4C046D6
:10CC4000500A0020400A0020480A0020B0B584B0F5
:10CC500000AF05000C0010001900BB1D2A1C1A8033
:10CC60007B1D221C1A703B1D021C1A70FB1C0A1C27
:10CC70001A700F217B1801221A707B181B7818007C
:10CC8000BD4604B0B0BD000090B585B000AF040053
:10CC900008001100FB1D221C1A70BB1D021C1A701B
:10CCA0007B1D0A1C1A700F23FB1800221A70114BEF
:10CCB00001221A70104B1B7860221340DBB2602BEC
:10CCC00006D00D4B1B7860221340DBB2202B0AD11B
:10CCD0000F23FC18FB1D1B78002202211800FEF711
:10CCE0005FF9030023700F23FB181B781800BD4663
:10CCF00005B090BD3A0A0020B41A002090B587B064
:10CD000002AF040008001100FB1D221C1A70BB1D9D
:10CD1000021C1A707B1D0A1C1A700F23FB180022BC
:10CD20001A70244B1B78002B3AD1234B1B78190027
:10CD3000224A0B009B005B185B009B5C002B07D119
:10CD4000FB1D1A781E491F4B180016F097F80EE0CD
:10CD5000FB1D1C78FB1D1A7813009B009B185B00C1
:10CD6000164A9B1818491748220016F087F8114BED
:10CD70001C78144B1800F3F7D1F903009AB211494B
:10CD800001235B4200933223200007F01DF8031EAD
:10CD900006D00F217B18FF221A707B181B7805E044
:10CDA0000A4B00221A700F23FB181B781800BD468F
:10CDB00005B090BD380A0020941A00200019002008
:10CDC00058A60208402300206CA60208B51A0020CD
:10CDD000B0B586B002AF040008001100FB1D221C94
:10CDE0001A70BB1D021C1A707B1D0A1C1A700F25BD
:10CDF0007B1900221A70FB1D1B789BB21B0299B293
:10CE0000BB1D1B785A1E7B1D1B78981C2F4C1300D2
:10CE1000DB009B1ADB00E3181B5C1800BB1D1B78B2
:10CE20005A1E0B1899B22A4B9200D152BB1D1B7887
:10CE30005A1E7B1D197825481300DB009B1ADB0066
:10CE4000C3185B5C1B0299B2BB1D1B785A1E7B1D6D
:10CE50001B78581C1D4C1300DB009B1ADB00E318E9
:10CE60001B5C1A00BB1D1B78013B8A1891B2184A43
:10CE70009B00D31802330A1C1A80164B02221A7028
:10CE8000154B1B881B0A9BB2DAB2144B1A70124B5B
:10CE90001B88DAB2114B5A70104BBA1D12789A7077
:10CEA00002200AF06FFE7C19BB1D18780323009343
:10CEB0000B2300220021FEF74BF9030023707B199E
:10CEC0001B781800BD4604B0B0BDC046500A002013
:10CED000981500203A0A00207A000020680B0020F4
:10CEE000B0B584B000AF040008001100FB1D221C87
:10CEF0001A70BB1D021C1A707B1D0A1C1A700F25AC
:10CF00007B1900221A70FB1D1B789BB21B0299B281
:10CF1000BB1D1B785A1E7B1D1B78981C1F4C1300D1
:10CF2000DB009B1ADB00E3181B5C1800BB1D1B78A1
:10CF30005A1E0B1899B21A4B9200D152BB1D1B7886
:10CF40005A1E7B1D197815481300DB009B1ADB0065
:10CF5000C3185B5C1B0299B2BB1D1B785A1E7B1D5C
:10CF60001B78581C0D4C1300DB009B1ADB00E318E8
:10CF70001B5C1A00BB1D1B78013B8A1891B2084A42
:10CF80009B00D31802330A1C1A80064B00221A7029
:10CF90007B191B781800BD4604B0B0BD500A0020B4
:10CFA00098150020B51A002090B585B000AF040098
:10CFB00008001100FB1D221C1A70BB1D021C1A70F8
:10CFC0007B1D0A1C1A700F243B1900221A70BB1D0E
:10CFD0001B785A1E7B1D1978EB481300DB009B1A47
:10CFE000DB00C3185A5CE94B1A70BB1D1B785A1E34
:10CFF0007B1D1B78591CE4481300DB009B1ADB00E7
:10D00000C3185A5CE14B5A70BB1D1B785A1E7B1D1E
:10D010001B78991CDC481300DB009B1ADB00C3184B
:10D020005A5CDA4B9A70BB1D1B785A1E7B1D1B780D
:10D03000D91CD5481300DB009B1ADB00C3185A5CCF
:10D04000D24BDA70BB1D1B785A1E7B1D1B78191D35
:10D05000CD481300DB009B1ADB00C3185A5CCB4B96
:10D060001A71BB1D1B785A1E7B1D1B78591DC648A3
:10D070001300DB009B1ADB00C3185A5CC34B5A71C8
:10D08000BB1D1B785A1E7B1D1B78991DBE481300C3
:10D09000DB009B1ADB00C3185A5CBC4B9A71BB1DAA
:10D0A0001B785A1E7B1D1B78D91DB7481300DB0067
:10D0B0009B1ADB00C3185A5CB44BDA71BB1D1B789A
:10D0C0005A1E7B1D1B7808331900AF481300DB0084
:10D0D0009B1ADB00C3185A5CAC4B1A72BB1D1B7841
:10D0E0005A1E7B1D1B7809331900A7481300DB006B
:10D0F0009B1ADB00C3185A5CA44B5A72BB1D1B78E9
:10D100005A1E7B1D1B780A3319009F481300DB0051
:10D110009B1ADB00C3185A5C9C4B9A72BB1D1B7890
:10D120005A1E7B1D1B780B33190097481300DB0038
:10D130009B1ADB00C3185A5C944BDA72BB1D1B7838
:10D140005A1E7B1D1B780C3319008F481300DB001F
:10D150009B1ADB00C3185A5C8C4B1A73BB1D1B78DF
:10D160005A1E7B1D1B780D33190087481300DB0006
:10D170009B1ADB00C3185A5C844B5A73BB1D1B7887
:10D180005A1E7B1D1B780E3319007F481300DB00ED
:10D190009B1ADB00C3185A5C7C4B9A73BB1D1B782F
:10D1A0005A1E7B1D1B780F33190077481300DB00D4
:10D1B0009B1ADB00C3185A5C744BDA73BB1D1B78D7
:10D1C0005A1E7B1D1B78103319006F481300DB00BB
:10D1D0009B1ADB00C3185A5C6C4B1A74BB1D1B787E
:10D1E0005A1E7B1D1B781133190067481300DB00A2
:10D1F0009B1ADB00C3185A5C644B5A74BB1D1B7826
:10D200005A1E7B1D1B78123319005F481300DB0088
:10D210009B1ADB00C3185A5C5C4B9A74BB1D1B78CD
:10D220005A1E7B1D1B781333190057481300DB006F
:10D230009B1ADB00C3185A5C544BDA74BB1D1B7875
:10D240005A1E7B1D1B78143319004F481300DB0056
:10D250009B1ADB00C3185A5C4C4B1A75BB1D1B781C
:10D260005A1E7B1D1B781533190047481300DB003D
:10D270009B1ADB00C3185A5C444B5A75BB1D1B78C4
:10D280005A1E7B1D1B78163319003F481300DB0024
:10D290009B1ADB00C3185A5C3C4B9A75BB1D1B786C
:10D2A0005A1E7B1D1B781733190037481300DB000B
:10D2B0009B1ADB00C3185A5C344BDA75BB1D1B7814
:10D2C0005A1E7B1D1B78183319002F481300DB00F2
:10D2D0009B1ADB00C3185A5C2C4B1A76BB1D1B78BB
:10D2E0005A1E7B1D1B781933190027481300DB00D9
:10D2F0009B1ADB00C3185A5C244B5A76BB1D1B7863
:10D300005A1E7B1D1B781A3319001F481300DB00BF
:10D310009B1ADB00C3185A5C1C4B9A76BB1D1B780A
:10D320005A1E7B1D1B781B33190017481300DB00A6
:10D330009B1ADB00C3185A5C144BDA76BB1D1B78B2
:10D340005A1E7B1D1B781C3319000F481300DB008D
:10D350009B1ADB00C3185A5C0C4B1A77BB1D1B7859
:10D360005A1E7B1D1B781D33190007481300DB0074
:10D370009B1ADB00C3185A5C044B5A773B191B7885
:10D380001800BD4605B090BD500A00208829002035
:10D39000B0B584B000AF040008001100FB1D221CD2
:10D3A0001A70BB1D021C1A707B1D0A1C1A700D23FB
:10D3B000FB1800221A700F23FB1800221A70BB1DE5
:10D3C0001B781800F7F7C8FB274B02221A7032208F
:10D3D0000AF0D8FB0E23FB1801221A702AE00E2156
:10D3E0007B181B785A1E214B9200D35A002B1BD05E
:10D3F0000F243B191B781E4A0D0079180978D15467
:10D400003B191B785A1C1A4BD0187B191B78013B0F
:10D410009A00164BD3180422190015F0D6FE3B19BA
:10D420003A19127805321A700E217B181A787B1877
:10D4300001321A700E23FB181B78052BCFD90F234E
:10D44000FB181B789AB20D257C19FB1D1B780D214A
:10D450001800FDF7A5FD030023707B191B78180049
:10D46000BD4604B0B0BDC0463A0A00209815002061
:10D47000680B0020B0B584B000AF040008001100B4
:10D48000FB1D221C1A70BB1D021C1A707B1D0A1C7E
:10D490001A700E23FB1800221A700D203B18002270
:10D4A0001A70BB1D1B78013B2D4AD15C0C257B19E2
:10D4B0007A1D12788A1A1A703C187B191B7805217C
:10D4C0001800F2F747FE030023700F23FB18002219
:10D4D0001A7033E0BB1D1B785A1E7B1D18780F2570
:10D4E0007B1919780B009B005B18C1181D481300AD
:10D4F000DB009B1ADB00C3185B5C013B9A001A4BF4
:10D50000D418BB1D1B785A1E7B1D1B78581C7B1919
:10D5100019780B009B005B18C1181300DB009B1AE5
:10D52000DB005A180F4BD31804221900200015F005
:10D530004CFE7B191A787B1901321A700F23FA18E6
:10D540000D23FB1812781B789A42C3D3074B002295
:10D550001A700E23FB181B781800BD4604B0B0BD2E
:10D56000400A0020500A0020AC150020B51A002007
:10D57000B0B584B000AF040008001100FB1D221CF0
:10D580001A70BB1D021C1A707B1D0A1C1A700E2318
:10D59000FB1800221A700F23FB1801221A7026E0D4
:10D5A0000F257A19BB1D12781B789A4219D07B1966
:10D5B0001B78180006F0BEFC0400BB1D1B785A1E29
:10D5C0007B1D19787B191B78CB18591E1A4813003C
:10D5D000DB009B1ADB00C3185B5C1900200006F01F
:10D5E000D3FC0F217B181A787B1801321A700F2395
:10D5F000FB181B78052BD3D9BB1D1B78180006F030
:10D6000099FC0400BB1D1B785A1E7B1D1B780A3336
:10D61000190009481300DB009B1ADB00C3185B5C90
:10D620001900200006F0B0FC0E23FB181B78180030
:10D63000BD4604B0B0BDC046500A002090B587B0CA
:10D6400002AF040008001100FB1D221C1A70BB1D54
:10D65000021C1A707B1D0A1C1A700F23FB18002273
:10D660001A70BB1D1B785A1E7B1D19782B4813009E
:10D67000DB009B1ADB00C3185B5C002B0FD1BB1DCA
:10D680001B785A1E7B1D1B78591C24481300DB0095
:10D690009B1ADB00C3185A5C214B1A7037E0BB1D84
:10D6A0001B785A1E7B1D19781C481300DB009B1A3F
:10D6B000DB00C3185B5C012B29D11A4B00221A70C6
:10D6C000BB1D1B785A1E7B1D1B78591C1348130069
:10D6D000DB009B1ADB00C3185A5C124B5A70BB1D4F
:10D6E0001B785A1E7B1D1B78991C0C481300DB000D
:10D6F0009B1ADB00C318585C0F23FC18032300930C
:10D70000102300220021FDF723FD030023700F23C7
:10D71000FB181B781800BD4605B090BD500A0020CC
:10D72000941A0020680B002090B585B000AF04006B
:10D7300008001100FB1D221C1A70BB1D021C1A7070
:10D740007B1D0A1C1A700F23FB1800221A70BB1DC8
:10D750001B78013B374AD15C0E243B197A1D1278A5
:10D760008A1A1A70344B1B787F229343DBB2002B4A
:10D770001FD0324B1B881A00314BD018BB1D1B78B1
:10D780005A1E7B1D19781300DB009B1ADB005A1808
:10D790002C4BD1183B191B781A0015F016FD3B19BC
:10D7A0001B789AB2254B1B88D3189AB2234B1A8048
:10D7B00038E0224B1B881A00214BD018BB1D1B7868
:10D7C0005A1E7B1D19781300DB009B1ADB005A18C8
:10D7D0001C4BD1180E243B191B781A0015F0F5FCD0
:10D7E0003B191B789AB2154B1B88D3189AB2134B6E
:10D7F0001A80124B1B8816211800F2F7ABFC0300AD
:10D800009BB2DAB2104B1A700C4B1B881A000C49F1
:10D810000E4B180015F0D9FC084B00221A800C4B57
:10D8200002221A700F23FB181B781800BD4605B0A2
:10D8300090BDC046400A0020B41A0020EE2A002005
:10D84000D0290020500A00207C0000208C160020E7
:10D850003A0A0020B0B584B000AF040008001100FF
:10D86000FB1D221C1A70BB1D021C1A707B1D0A1C9A
:10D870001A700E23FB1800221A70BB1D1B78013B87
:10D88000244AD15C0D23FB187A1D12788A1A1A706B
:10D890000F23FB1800221A702AE0FB1D1B785A1E6A
:10D8A0001D4B5200D35A19B2BB1D1B785A1E7B1D4B
:10D8B00018780F257B191B78C018184C1300DB0053
:10D8C0009B1ADB00E3181B5C013B802212021A4109
:10D8D00013001BB20B4319B2FB1D1B785A1E89B2F1
:10D8E0000D4B5200D1527B191A787B1901321A70F4
:10D8F0000F23FA180D23FB1812781B789A42CCD309
:10D90000074B00221A700E23FB181B781800BD4627
:10D9100004B0B0BD400A0020601A0020500A002068
:10D92000B51A0020B0B586B000AF040008001100A1
:10D93000FB1D221C1A70BB1D021C1A707B1D0A1CC9
:10D940001A701523FB1800221A70BB1D1B78013BAF
:10D95000564AD15C1423FB187A1D12788A1A1A7061
:10D9600000233B610F23FB1800221A70BB1D1B789C
:10D970005A1E7B1D19784E481300DB009B1ADB00F2
:10D98000C3185B5C1906BB1D1B785A1E7B1D1B78D8
:10D99000581C474C1300DB009B1ADB00E3181B5C90
:10D9A0001B04C918BB1D1B785A1E7B1D1B78981CB5
:10D9B0003F4C1300DB009B1ADB00E3181B5C1B02CF
:10D9C000C918BB1D1B785A1E7B1D1B78D81C384CF0
:10D9D0001300DB009B1ADB00E3181B5CCB183B61D8
:10D9E000BB1D1B785A1E7B1D1B78191D3048130068
:10D9F000DB009B1ADB00C3185B5CFF2B18D11723DD
:10DA0000FB1801221A700DE03A6917243B191B78A4
:10DA10001100180006F06EFA21007B181A787B18A6
:10DA200001321A701723FB181B78052BECD935E04F
:10DA30001623FB1800221A7028E0BB1D1B785A1E03
:10DA40007B1D1B78191D1623FB181B78C8180F2582
:10DA50007919174C1300DB009B1ADB00E3181B5CE1
:10DA60000B707B191B78002B0AD07B191B78052BB8
:10DA700006D83A697B191B781100180006F03AFAAB
:10DA800016217B181A787B1801321A701623FA189F
:10DA90001423FB1812781B789A42CED31523FB1857
:10DAA0001B781800BD4606B0B0BDC046400A002035
:10DAB000500A0020B0B584B000AF04000800110087
:10DAC000FB1D221C1A70BB1D021C1A707B1D0A1C38
:10DAD0001A700F257B1900221A7002F0A1FC7C1924
:10DAE000F5F7AAFF03002370044B01221A707B197B
:10DAF0001B781800BD4604B0B0BDC0463A0A0020ED
:10DB0000B0B584B000AF040008001100FB1D221C5A
:10DB10001A70BB1D021C1A707B1D0A1C1A700F257F
:10DB20007B1900221A707C19F6F7F2F803002370B3
:10DB300002F050FE64200AF025F8044B02221A700D
:10DB40007B191B781800BD4604B0B0BD3A0A00200E
:10DB5000B0B588B000AF040008001100FB1D221C06
:10DB60001A70BB1D021C1A707B1D0A1C1A701F2321
:10DB7000FB1800221A701C23FB1800221A80BB1D00
:10DB80001B78013B564AD15C1B243B197A1D127845
:10DB90008A1A1A70BB1D1B785A1E1A25791951480A
:10DBA0001300DB009B1ADB001B5C0B700AF062F9B0
:10DBB00003007B617B191B78FF2B14D1BB1D1B78E5
:10DBC0005A1E7B1D19781300DB009B1ADB005A18C4
:10DBD000444BD1183B191B78013B1A00424B1800EB
:10DBE00015F0F3FA31E01A23FB181B78FE2B19D13C
:10DBF000BB1D1B785A1E7B1D19781300DB009B1A76
:10DC0000DB005A18374BD1181B23FB181A78132343
:10DC1000FB181B78D31A023B1A00334B180015F07F
:10DC2000D4FA12E0BB1D1B785A1E7B1D1978130015
:10DC3000DB009B1ADB005A182A4BD1181B23FB1858
:10DC40001A78294B180015F0C0FA13243B19274AFB
:10DC500012781A70254BBA1D12781A7099239A00FF
:10DC60007969214B18000AF077F80300FB601F4B1D
:10DC70003A1912781A701E4B1B7860221340DBB2DF
:10DC8000602B1DD17B691800F2F748FA0200796910
:10DC9000184B180015F099FA7B691800F2F73EFA54
:10DCA000030099B21F23FC187A69FB1D18780B003A
:10DCB0001821FDF7C7F9030023700A2009F062FF5D
:10DCC000FB68002BC1D1084B32220021180015F04F
:10DCD00054F91F23FB181B781800BD4608B0B0BDCF
:10DCE000400A0020500A0020F02A0020380A0020B4
:10DCF000B41A0020680B0020B0B586B000AF040055
:10DD000008001100FB1D221C1A70BB1D021C1A709A
:10DD10007B1D0A1C1A701723FB1800221A7014248A
:10DD20003B1900221A80BB1D1B78013B324AD15C93
:10DD300013257B197A1D12788A1A1A700AF09AF83C
:10DD40000300FB60FB681800F2F7E8F90200FB68CB
:10DD50000021180015F011F9284B1B787F229343FE
:10DD6000DBB2002B1DD03B191B88FA68D018BB1DF5
:10DD70001B785A1E7B1D19781300DB009B1ADB00F1
:10DD80005A181F4BD1187B191B781A0015F01DFA71
:10DD90007B191B7899B23B193A1912888A181A8094
:10DDA00023E014243B191B88FA68D018BB1D1B788C
:10DDB0005A1E7B1D19781300DB009B1ADB005A18D2
:10DDC0000F4BD1181323FB181B781A0015F0FDF91F
:10DDD0003B1900221A800B4B00221A700A4B18685C
:10DDE0000023002200210CF081FC1723FB181B7874
:10DDF0001800BD4606B0B0BD400A0020B41A00208D
:10DE0000500A0020B51A00203422002090B585B0B9
:10DE100000AF040008001100FB1D221C1A70BB1D7E
:10DE2000021C1A707B1D0A1C1A700F23FB1800229B
:10DE30001A70054B054A1A60054B01221A700A2018
:10DE400009F0A0FEFDF782FDF03F0220EFBEADDE3F
:10DE50003A0A0020B0B586B002AF040008001100F5
:10DE6000FB1D221C1A70BB1D021C1A707B1D0A1C94
:10DE70001A700F257B1900221A70BB1D1B785A1EC1
:10DE80007B1D197816481300DB009B1ADB00C318B2
:10DE9000585C00230093192300220021FDF758F954
:10DEA000642009F06FFE0F4B1C78BB1D1B785A1EB7
:10DEB0007B1D19780A481300DB009B1ADB00C3188E
:10DEC000595CBB1D1A78FB1D18780B00210002F06D
:10DED0009DFC7B191B781800BD4604B0B0BDC04640
:10DEE000500A0020941A0020F0B589B002AF040057
:10DEF00008001100FB1D221C1A70BB1D021C1A70A9
:10DF00007B1D0A1C1A701623FB1800221A70BB1DF9
:10DF10001B78013BB64AD15C15257B197A1D127816
:10DF20008A1A1A70BB1D1B785A1E7B1D1B780B3377
:10DF300018001726B919AF4C1300DB009B1ADB0041
:10DF4000E3181B5C0B707B191B780F2B0FD1BB1DCB
:10DF50001B785A1E7B1D1B780D331800B919A54C70
:10DF60001300DB009B1ADB00E3181B5C0B7015230E
:10DF7000FB181B78112B10D1BB1D1B785A1E7B1D63
:10DF80001B780F3318001723F9189A4C1300DB0085
:10DF90009B1ADB00E3181B5C0B70BB1D1B785A1E21
:10DFA0007B1D19781300DB009B1ADB005A18914B7C
:10DFB000D1181023FB1805221800F8F781FABB1DB1
:10DFC0001B785A1E7B1D1B78191D1300DB009B1A42
:10DFD000DB005A18874BD1180C23FB1805221800B8
:10DFE000F8F76EFA1723FB181B78002B00D003E11B
:10DFF000BB1D1B785A1E7B1D1B78093319007D48F9
:10E000001300DB009B1ADB00C3185B5C002B43D0C2
:10E01000BB1D1B785A1E7B1D1B780A3319007548DF
:10E020001300DB009B1ADB00C3185B5C002B33D0B2
:10E03000BB1D1B785A1E7B1D1B78083319006D48C9
:10E040001300DB009B1ADB00C3185C5C3D69FE68B3
:10E05000BB1D1B785A1E7B1D1B78093319006548B0
:10E060001300DB009B1ADB00C3185B5C9C46BB1DE6
:10E070001B785A1E7B1D1B780A3319005D4813005C
:10E08000DB009B1ADB00C3185B5C00936346320025
:10E0900029002000FCF73EFCBB1D1B785A1E7B1D8F
:10E0A0001B780B33190053481300DB009B1ADB006D
:10E0B000C3185B5C002B43D0BB1D1B785A1E7B1D15
:10E0C0001B780C3319004B481300DB009B1ADB0054
:10E0D000C3185B5C002B33D0BB1D1B785A1E7B1D05
:10E0E0001B780833190043481300DB009B1ADB0040
:10E0F000C3185C5C3D69FE68BB1D1B785A1E7B1D06
:10E100001B780B3319003B481300DB009B1ADB0024
:10E11000C3185B5C9C46BB1D1B785A1E7B1D1B787D
:10E120000C33190033481300DB009B1ADB00C318C3
:10E130005B5C00936346320029002000FCF7EAFB99
:10E14000BB1D1B785A1E7B1D1B780D3319002948F7
:10E150001300DB009B1ADB00C3185B5C002B00D1B3
:10E160005BE1BB1D1B785A1E7B1D1B780E3319000B
:10E1700020481300DB009B1ADB00C3185B5C002BFC
:10E1800000D14AE1BB1D1B785A1E7B1D1B7808334A
:10E19000190018481300DB009B1ADB00C3185C5CF5
:10E1A0003D69FE68BB1D1B785A1E7B1D1B780D3315
:10E1B000190010481300DB009B1ADB00C3185B5CDE
:10E1C0009C46BB1D1B785A1E7B1D1B780E33190005
:10E1D00008481300DB009B1ADB00C3185B5C00934C
:10E1E0006346320029002000FCF794FB15E1C0468D
:10E1F000400A0020500A0020BB1D1B785A1E7B1DC0
:10E200001B780833190088481300DB009B1ADB00D9
:10E21000C3185B5C1900E42003F092F8BB1D1B7867
:10E220005A1E7B1D197880481300DB009B1ADB0007
:10E23000C3185B5C1B0299B2BB1D1B785A1E7B1D69
:10E240001B78581C784C1300DB009B1ADB00E3188A
:10E250001B5CCB189BB21900E52003F071F8BB1DC5
:10E260001B785A1E7B1D1B78991C6F481300DB001E
:10E270009B1ADB00C3185B5C1B0299B2BB1D1B78A9
:10E280005A1E7B1D1B78D81C674C1300DB009B1AA1
:10E29000DB00E3181B5CCB189BB21900E62003F0EF
:10E2A0004FF8BB1D1B785A1E7B1D1B78191D5E483D
:10E2B0001300DB009B1ADB00C3185B5C1B0299B2E6
:10E2C000BB1D1B785A1E7B1D1B78581D564C130016
:10E2D000DB009B1ADB00E3181B5CCB189BB2190018
:10E2E000E72003F02DF8BB1D1B785A1E7B1D1B7801
:10E2F000991D4D481300DB009B1ADB00C3185B5CC3
:10E300001B0299B2BB1D1B785A1E7B1D1B78D81DA2
:10E31000454C1300DB009B1ADB00E3181B5CCB1899
:10E320009BB21900E82003F00BF8BB1D1B785A1EA6
:10E330007B1D1B78093319003B481300DB009B1A37
:10E34000DB00C3185B5C1B0299B2BB1D1B785A1E15
:10E350007B1D1B780A331800334C1300DB009B1A1B
:10E36000DB00E3181B5CCB189BB21900E92002F01C
:10E37000E7FF1523FB181B78132B23D1BB1D1B783C
:10E380005A1E7B1D1B780B33190027481300DB0036
:10E390009B1ADB00C3185B5C1B0299B2BB1D1B7888
:10E3A0005A1E7B1D1B780C3318001F4C1300DB001A
:10E3B0009B1ADB00E3181B5CCB189BB21900EA2008
:10E3C00002F0BEFF1523FB181B78152B23D1BB1DB4
:10E3D0001B785A1E7B1D1B780D3319001248130041
:10E3E000DB009B1ADB00C3185B5C1B0299B2BB1DF0
:10E3F0001B785A1E7B1D1B780E3318000A4C130025
:10E40000DB009B1ADB00E3181B5CCB189BB21900E6
:10E41000EB2002F095FFFDF799FA1623FB181B7805
:10E420001800BD4607B0F0BD500A0020F0B5D64632
:10E430004F464646C0B58AB004AF0400080011003C
:10E44000FB1D221C1A70BB1D021C1A707B1D0A1CAE
:10E450001A701723FB1800221A70BB1D1B785A1E56
:10E460007B1D19781300DB009B1ADB005A18404B08
:10E47000D1181022BB1805221800F8F721F8BB1D8F
:10E480001B785A1E7B1D1B78191D1300DB009B1A7D
:10E49000DB005A18364BD1180C22BB180522180085
:10E4A000F8F70EF8BB1D1B785A1E7B1D1B78190050
:10E4B00009312F481300DB009B1ADB00C3185A5C9C
:10E4C00094462C4B1A789046BB1D1B785A1E7B1D18
:10E4D0001B7819000B3126481300DB009B1ADB0068
:10E4E000C3185A5C9146BB1D1B785A1E7B1D1B78B6
:10E4F00019000A311E481300DB009B1ADB00C31809
:10E500005A5C9246BB1D1B785A1E7B1D1B78190056
:10E51000083117481300DB009B1ADB00C318595C55
:10E520003869FC68BB1D1B785A1E7B1D1B781D00BB
:10E530000C350F4E1300DB009B1ADB00F3185B5DFC
:10E540005A1E9341DBB2039302940190009153460B
:10E550004A4641466046FDF76FF81723FB181B78C3
:10E560001800BD4606B0E0BCBA46B146A846F0BDAC
:10E57000500A0020941A0020B0B586B000AF040005
:10E5800008001100FB1D221C1A70BB1D021C1A7012
:10E590007B1D0A1C1A701723FB1800221A70BB1D62
:10E5A0001B785A1E7B1D1978EB481300DB009B1A61
:10E5B000DB00C3185B5C002B00D0AFE0BB1D1B78F9
:10E5C0005A1E7B1D1B78991CE3481300DB009B1A25
:10E5D000DB00C3185B5C1906BB1D1B785A1E7B1D34
:10E5E0001B78D81CDC4C1300DB009B1ADB00E31803
:10E5F0001B5C1B04C918BB1D1B785A1E7B1D1B7896
:10E60000181DD54C1300DB009B1ADB00E3181B5CC4
:10E610001B02C918BB1D1B785A1E7B1D1B78581D79
:10E62000CD4C1300DB009B1ADB00E3181B5CCB18FE
:10E630003B61BB1D1B785A1E7B1D1B78591CC648AD
:10E640001300DB009B1ADB00C3185B5C082B00D9AE
:10E65000DCE19A00C14BD3181B689F463B691A78CE
:10E66000BF4B1A70FB1D1B7801221F211800FCF7FD
:10E6700097FCD0E13B691B785BB2DAB2B84B1A70F9
:10E68000FB1D1B7801221F211800FCF789FCC2E149
:10E690003B69B34903221800F7F7D0FEFB1D1B7836
:10E6A00002221F211800FCF77BFCB4E13B69AC4956
:10E6B00004221800F7F7C2FEFB1D1B7802221F215F
:10E6C0001800FCF76DFCA6E13B69A549052218007E
:10E6D000F7F7B4FEFB1D1B7804221F211800FCF77E
:10E6E0005FFC98E13B699E4906221800F7F7A6FEF9
:10E6F000FB1D1B7804221F211800FCF751FC8AE146
:10E700003B69974907221800F7F798FEFB1D1B7815
:10E7100008221F211800FCF743FC7CE1BB1D1B787D
:10E720005A1E7B1D19788C481300DB009B1ADB00F6
:10E73000C3185B5C022B00D0B2E0BB1D1B785A1ED5
:10E74000BB1D1B78013B8749CB5C591E82481300D7
:10E75000DB009B1ADB00C31800225A54BB1D1B7838
:10E760005A1E7B1D1B78591C1300DB009B1ADB0013
:10E770005A18794BD3180F257C191800F5F77EFB32
:10E78000030023707B191B78002B07D1FB1D1B781E
:10E7900001221F211800FCF703FC3CE10F203B186D
:10E7A0001B785A1E704913005B009B189B005B5836
:10E7B0003B613B181B785A1E6B4913005B009B188A
:10E7C0009B00CB1804331A78654B1A70644B1B7886
:10E7D000082B00D91CE19A00644BD3181B689F4694
:10E7E0003B691A785E4B5A70FB1D1B7802221F2171
:10E7F0001800FCF7D5FB0EE13B691B785BB2DAB27F
:10E80000574B5A70FB1D1B7802221F211800FCF782
:10E81000C7FB00E13B69564903221800F7F70EFEDB
:10E82000FB1D1B7803221F211800FCF7B9FBF2E047
:10E830003B694F4904221800F7F700FEFB1D1B78C7
:10E8400003221F211800FCF7ABFBE4E03B694849B9
:10E8500005221800F7F7F2FDFB1D1B7805221F218A
:10E860001800FCF79DFBD6E03B69414906221800E1
:10E87000F7F7E4FDFB1D1B7805221F211800FCF7AC
:10E880008FFBC8E03B693A4907221800F7F7D6FD2D
:10E89000FB1D1B7809221F211800FCF781FBBAE041
:10E8A000BB1D1B785A1E7B1D19782B481300DB00FB
:10E8B0009B1ADB00C3185B5C022B00D8ABE0BB1DCE
:10E8C0001B785A1E7B1D197823481300DB009B1A06
:10E8D000DB00C3185B5C1A1F264B9200D358DBB2D7
:10E8E0000F221340DAB21E4B1A701D4B1B78002BFF
:10E8F00007D1FB1D1B7801221F211800FCF750FBDC
:10E9000089E0BB1D1B785A1E7B1D19781248130025
:10E91000DB009B1ADB00C3185B5C1A1F154B9200CF
:10E92000D3581B0C144A944663443B610C4B1B7830
:10E93000082B6FD89A00114BD3181B689F463B6970
:10E940001A78074B5A70FB1D1B7802221F211800F2
:10E95000FCF726FB5FE0C046500A002088A60208AC
:10E96000680B0020400A002038300020ACA60208C6
:10E97000690B0020F415002000000120D0A6020839
:10E980003B691B785BB2DAB2264B5A70FB1D1B78D1
:10E9900002221F211800FCF703FB3CE03B692249DF
:10E9A00003221800F7F74AFDFB1D1B7803221F21E5
:10E9B0001800FCF7F5FA2EE03B691B490422180009
:10E9C000F7F73CFDFB1D1B7803221F211800FCF705
:10E9D000E7FA20E03B69144905221800F7F72EFDFD
:10E9E000FB1D1B7805221F211800FCF7D9FA12E045
:10E9F0003B690D4907221800F7F720FDFB1D1B7826
:10EA000009221F211800FCF7CBFA04E0C04602E0FF
:10EA1000C04600E0C0461723FB181B781800BD460F
:10EA200006B0B0BD680B0020690B0020F0B58BB0BC
:10EA300000AF0600080011001F23FB18321C1A70DB
:10EA40001E23FB18021C1A701D23FB180A1C1A70C7
:10EA50000F2318229B18DB1900221A70C34B1A6867
:10EA60005B68032A01D1002B08D0C04B1A685B6891
:10EA7000022A00D0C6E0002B00D0C3E01E257B197F
:10EA80001B785A1E1D243B191978B9481300DB0066
:10EA90009B1ADB00C3185A5CB64B1A707B191B78A3
:10EAA0005A1E3B191978B2481300DB009B1ADB0091
:10EAB000C3185B5C082B00D9A2E09A00AE4BD318B8
:10EAC0001B689F46AD4B10221A709AE01E23FB185C
:10EAD0001B785A1E1D23FB181B78591CA4481300D1
:10EAE000DB009B1ADB00C3185B5C3B6100237B618E
:10EAF0009E4B39697A6919605A6082E01E23FB18BF
:10EB00001B785A1E1D23FB181B78591C98481300AC
:10EB1000DB009B1ADB00C3185B5C5BB2BB60DB17DE
:10EB2000FB60924BB968FA6819605A6069E01E236D
:10EB3000FB181B785A1E1D23FB181B78591C130049
:10EB4000DB009B1ADB005A18894BD118874B032234
:10EB50001800F7F7B5FC54E01E23FB181B785A1E6B
:10EB60001D23FB181B78591C1300DB009B1ADB00CC
:10EB70005A187F4BD1187D4B04221800F7F7A0FCE0
:10EB80003FE01E23FB181B785A1E1D23FB181B7821
:10EB9000591C1300DB009B1ADB005A18744BD11868
:10EBA000724B05221800F7F78BFC2AE01E23FB1896
:10EBB0001B785A1E1D23FB181B78591C1300DB0001
:10EBC0009B1ADB005A186A4BD118684B06221800B2
:10EBD000F7F776FC15E01E23FB181B785A1E1D2341
:10EBE000FB181B78591C1300DB009B1ADB005A181A
:10EBF0005F4BD1185D4B07221800F7F761FC00E06E
:10EC0000C046A2E0594B1A685B681100194300D056
:10EC10009BE05B4B1B78082B00D995E09A00594B81
:10EC2000D3181B689F461E23FB181B785A1E1D23F2
:10EC3000FB1819784E481300DB009B1ADB00C31841
:10EC40005B5C3B6000237B60484B39687A681960E5
:10EC50005A607AE01E23FB181B785A1E1D23FB18EE
:10EC6000197843481300DB009B1ADB00C3185B5C78
:10EC70005BB21C00DB171D003C4B1C605D6064E058
:10EC80001E23FB181B785A1E1D23FB18197813002E
:10EC9000DB009B1ADB005A18354BD118334B03228B
:10ECA0001800F7F70DFC50E01E23FB181B785A1EC6
:10ECB0001D23FB1819781300DB009B1ADB005A1880
:10ECC0002B4BD118294B04221800F7F7F9FB3CE035
:10ECD0001E23FB181B785A1E1D23FB1819781300DE
:10ECE000DB009B1ADB005A18214BD1181F4B052261
:10ECF0001800F7F7E5FB28E01E23FB181B785A1EC7
:10ED00001D23FB1819781300DB009B1ADB005A182F
:10ED1000174BD118154B06221800F7F7D1FB14E05A
:10ED20001E23FB181B785A1E1D23FB18197813008D
:10ED3000DB009B1ADB005A180D4BD1180B4B072236
:10ED40001800F7F7BDFB00E0C0460C4B1B78102BFA
:10ED500002D00A4B00221A700F2318229B18DB19CD
:10ED60001B781800BD460BB0F0BDC04680160020D1
:10ED7000500A00207D000020F4A60208B51A0020E9
:10ED80008816002018A70208F0B585B000AF06006D
:10ED900008001100FB1D321C1A70BB1D021C1A70EA
:10EDA0007B1D0A1C1A700B23FB1800221A70DB4B08
:10EDB00000221A70BB1D1B785A1E7B1D1978D8487B
:10EDC0001300DB009B1ADB00C3185B5C002B00D137
:10EDD0003CE3BB1D1B785A1E7B1D1978D0481300DD
:10EDE000DB009B1ADB00C3185B5C1E2B00D91EE303
:10EDF000BB1D1B785A1E7B1D1978C9481300DB0008
:10EE00009B1ADB00C3185B5C5A1EC64B9200D3589A
:10EE10001B0CC54A94466344FB60BB1D1B785A1EFD
:10EE20007B1D1B78591CBE481300DB009B1ADB00BE
:10EE3000C3185B5C082B00D991E29A00BB4BD31836
:10EE40001B689F46BB1D1B785A1E7B1D1978B44852
:10EE50001300DB009B1ADB00C3185B5C5A1EB14B2E
:10EE60009200D3580F22134030D1012012F092FCAF
:10EE70000300FB60FB68002B25D0FB68E022120634
:10EE8000944663441904BB1D1B785A1E7B1D1B78D6
:10EE9000581CA34C1300DB009B1ADB00E3181B5C1F
:10EEA0001D00BB1D1B785A1E7B1D18789C4C13003F
:10EEB000DB009B1ADB00E3181B5C5A1E4919994BB7
:10EEC0009200D15002E0954B12221A70934B1B789E
:10EED000122B00D145E2BB1D1B785A1E7B1D1B78EF
:10EEE000981CF9688E4C1300DB009B1ADB00E318BA
:10EEF0001B5C0B7035E2BB1D1B785A1E7B1D1978FD
:10EF000087481300DB009B1ADB00C3185B5C5A1EAA
:10EF1000844B9200D3580F22134030D1012012F0BD
:10EF200039FC0300FB60FB68002B25D0FB68E02266
:10EF30001206944663441904BB1D1B785A1E7B1DA0
:10EF40001B78581C764C1300DB009B1ADB00E3187F
:10EF50001B5C1D00BB1D1B785A1E7B1D1878704C56
:10EF60001300DB009B1ADB00E3181B5C5A1E4919D7
:10EF70006C4B9200D15002E0684B12221A70674B22
:10EF80001B78122B00D1EEE1BB1D1B785A1E7B1D96
:10EF90001B78991C62481300DB009B1ADB00C31826
:10EFA0005A5CFB6852B21A70DDE1BB1D1B785A1E19
:10EFB0007B1D19785A481300DB009B1ADB00C3182D
:10EFC0005B5C5A1E574B9200D3580F22134030D12E
:10EFD000022012F0DFFB0300FB60FB68002B25D052
:10EFE000FB68E0221206944663441904BB1D1B789B
:10EFF0005A1E7B1D1B78581C494C1300DB009B1AC2
:10F00000DB00E3181B5C1D00BB1D1B785A1E7B1D1B
:10F010001878434C1300DB009B1ADB00E3181B5CE1
:10F020005A1E49193F4B9200D15002E03B4B12222D
:10F030001A703A4B1B78122B00D196E1F868BB1D71
:10F040001B785A1E7B1D1B78991C1300DB009B1A32
:10F05000DB005A18324BD31803221900F7F730FAA5
:10F0600083E1BB1D1B785A1E7B1D19782C481300A9
:10F07000DB009B1ADB00C3185B5C5A1E294B920015
:10F08000D3580F22134030D1022012F083FB03002B
:10F09000FB60FB68002B25D0FB68E022120694463B
:10F0A00063441904BB1D1B785A1E7B1D1B78581C1A
:10F0B0001B4C1300DB009B1ADB00E3181B5C1D00DC
:10F0C000BB1D1B785A1E7B1D1878154C1300DB00E6
:10F0D0009B1ADB00E3181B5C5A1E4919114B920066
:10F0E000D15002E00D4B12221A700C4B1B78122BE0
:10F0F00000D13CE1F868BB1D1B785A1E7B1D1B78B4
:10F10000991C1300DB009B1ADB005A18044BD31820
:10F1100004221900F7F7D4F929E1C046B51A0020F6
:10F12000500A0020F4150020000001203CA702082E
:10F13000BB1D1B785A1E7B1D1978BF481300DB00CE
:10F140009B1ADB00C3185B5C5A1EBC4B9200D35861
:10F150000F22134030D1042012F01CFB0300FB608F
:10F16000FB68002B25D0FB68E0221206944663441E
:10F170001904BB1D1B785A1E7B1D1B78581CAE4CF6
:10F180001300DB009B1ADB00E3181B5C1D00BB1D9A
:10F190001B785A1E7B1D1878A74C1300DB009B1AA6
:10F1A000DB00E3181B5C5A1E4919A44B9200D15096
:10F1B00002E0A34B12221A70A14B1B78122B00D134
:10F1C000D7E0F868BB1D1B785A1E7B1D1B78991C65
:10F1D0001300DB009B1ADB005A18974BD31805224B
:10F1E0001900F7F76DF9C4E0BB1D1B785A1E7B1D93
:10F1F000197891481300DB009B1ADB00C3185B5C95
:10F200005A1E8E4B9200D3580F22134030D1042047
:10F2100012F0C0FA0300FB60FB68002B25D0FB68EE
:10F22000E0221206944663441904BB1D1B785A1E43
:10F230007B1D1B78581C804C1300DB009B1ADB00E5
:10F24000E3181B5C1D00BB1D1B785A1E7B1D187824
:10F25000794C1300DB009B1ADB00E3181B5C5A1E81
:10F260004919764B9200D15002E0754B12221A7068
:10F27000734B1B78122B00D17DE0F868BB1D1B7807
:10F280005A1E7B1D1B78991C1300DB009B1ADB00A8
:10F290005A18694BD31806221900F7F711F96AE0DA
:10F2A000BB1D1B785A1E7B1D197863481300DB00B9
:10F2B0009B1ADB00C3185B5C5A1E604B9200D3584C
:10F2C0000F22134030D1042012F064FA0300FB60D7
:10F2D000FB68002B25D0FB68E022120694466344AD
:10F2E0001904BB1D1B785A1E7B1D1B78581C524CE1
:10F2F0001300DB009B1ADB00E3181B5C1D00BB1D29
:10F300001B785A1E7B1D18784B4C1300DB009B1A90
:10F31000DB00E3181B5C5A1E4919484B9200D15080
:10F3200002E0474B12221A70454B1B78122B24D057
:10F33000BB1D1B785A1E7B1D1B78991C1300DB001C
:10F340009B1ADB005A183C4BD1183E4B0722180081
:10F35000F7F7B6F83B4AFB6812681A600DE0C04642
:10F360000CE0C0460AE0C04608E0C04606E0C046E1
:10F3700004E0C04602E0C04600E0C046BB1D1B786A
:10F380005A1E7B1D19782C481300DB009B1ADB00EA
:10F39000C3185B5C5A1E294B9200D3580F221340AE
:10F3A0001900BB1D1B785A1E7B1D1B78581C224C54
:10F3B0001300DB009B1ADB00E3181B5C994200D1B1
:10F3C00069E1BB1D1B785A1E7B1D19781A48130072
:10F3D000DB009B1ADB00C3185B5C5A1E174B9200C4
:10F3E000D158BB1D1B785A1E7B1D1B78581C124C14
:10F3F0001300DB009B1ADB00E3181B5C124A9446E7
:10F4000063441D00BB1D1B785A1E7B1D18780A4CD7
:10F410001300DB009B1ADB00E3181B5C5A1E29401B
:10F42000064B9200D150064B14221A7033E1044B64
:10F4300013221A702FE1C046500A0020F415002054
:10F44000B51A002080160020F0FF0000BB1D1B78BD
:10F450005A1E7B1D1B78991C9F481300DB009B1ACA
:10F46000DB00C3185B5C1906BB1D1B785A1E7B1D95
:10F470001B78D81C984E1300DB009B1ADB00F31896
:10F480001B5C1B04C918BB1D1B785A1E7B1D1B78F7
:10F49000181D914E1300DB009B1ADB00F3181B5C58
:10F4A0001B02C918BB1D1B785A1E7B1D1B78581DDB
:10F4B000894E1300DB009B1ADB00F3181B5CCB1892
:10F4C000FB60FA6880239B059A4200D2E0E0FB686B
:10F4D000824A934200D9DBE0BB1D1B785A1E7B1D7C
:10F4E0001B78591C7C481300DB009B1ADB00C318F7
:10F4F0005B5C082B00D9C9E09A00794BD3181B68D4
:10F500009F46BB1D1B785A1E7B1D1B78981DF968F2
:10F51000714C1300DB009B1ADB00E3181B5C0B70C3
:10F52000B5E0BB1D1B785A1E7B1D1B78991D6A48D0
:10F530001300DB009B1ADB00C3185A5CFB6852B255
:10F540001A70A4E0F868BB1D1B785A1E7B1D1B783F
:10F55000991D1300DB009B1ADB005A185E4BD31871
:10F5600003221900F6F7ACFF91E0BB1D1B785A1E71
:10F570007B1D1B78991D58481300DB009B1ADB008C
:10F58000C3185B5C1C00BB1D1B785A1E7B1D1B78BF
:10F59000D91D51481300DB009B1ADB00C3185B5CCC
:10F5A0001B029BB2E3189AB2FB6812B21A806EE09B
:10F5B000F868BB1D1B785A1E7B1D1B78991D130014
:10F5C000DB009B1ADB005A18434BD31805221900A5
:10F5D000F6F776FF5BE0F868BB1D1B785A1E7B1DB3
:10F5E0001B78991D1300DB009B1ADB005A183A4B5D
:10F5F000D31806221900F6F763FF48E0BB1D1B78FD
:10F600005A1E7B1D1B78991D33481300DB009B1A83
:10F61000DB00C3185B5C1E00BB1D1B785A1E7B1DE4
:10F620001B78D91D2C481300DB009B1ADB00C31884
:10F630005B5C1B02F118BB1D1B785A1E7B1D1B78DF
:10F6400008331800244E1300DB009B1ADB00F3186C
:10F650001B5C1B04C918BB1D1B785A1E7B1D1B7825
:10F66000093318001C4E1300DB009B1ADB00F31853
:10F670001B5C1B06CB181C0000231D00194B1C60D3
:10F680005D60184AFB6812681A6000E0C04602E03C
:10F69000154B15221A70154B1B7860221340DBB2F4
:10F6A000602B06D0114B1B7860221340DBB2202B5D
:10F6B0000AD10D4B1A780E4B1A70FB1D1B780122D4
:10F6C00021211800FBF76CFC0B23FB181B7818009A
:10F6D000BD4605B0F0BDC046500A0020FFFF012026
:10F6E00060A7020880160020B51A0020B41A002076
:10F6F000680B002090B585B000AF04000800110031
:10F70000FB1D221C1A70BB1D021C1A707B1D0A1CDB
:10F710001A700F243B1900221A70BB1D1B785A1E49
:10F720007B1D197807481300DB009B1ADB00C31808
:10F730005A5C054B1A703B191B781800BD4605B082
:10F7400090BDC046500A0020B51A0020B0B586B062
:10F7500002AF040008001100FB1D221C1A70BB1D23
:10F76000021C1A707B1D0A1C1A700F243B19002200
:10F770001A70BB1D1B78013B1C4AD15C0E257B19FE
:10F780007A1D12788A1A1A70BB1D1B785A1E7B1DAF
:10F79000197817481300DB009B1ADB00C318585C6C
:10F7A000BB1D1B785A1E7B1D1B78591C1300DB00E8
:10F7B0009B1ADB005A180E4BD1187B191B789BB291
:10F7C000013B9AB20A2300930A2304F0FDFA031EB8
:10F7D00005D03B19FF221A703B191B7802E00F235A
:10F7E000FB181B781800BD4604B0B0BD400A0020CD
:10F7F000500A002090B585B000AF04000800110049
:10F80000FB1D221C1A70BB1D021C1A707B1D0A1CDA
:10F810001A700F23FB1800221A70BB1D1B785A1E8A
:10F820007B1D197822481300DB009B1ADB00C318EC
:10F830005B5C1A001F4B1A80BB1D1B785A1E7B1D78
:10F840001B78591C1A481300DB009B1ADB00C318F5
:10F850005B5C1A00184B1A80174B1B88002B0ED1CB
:10F86000144B1B88DBB2180002F0F0FD114B1B8813
:10F87000DBB2124A0021180002F034FE11E00E4BF8
:10F880001B88012B0DD10B4B1B88DBB2180002F03B
:10F89000DDFD084B1B88DBB2084A0121180002F08D
:10F8A00021FE0F23FB181B781800BD4605B090BD44
:10F8B000500A002074290020762900207829002091
:10F8C00090B585B000AF040008001100FB1D221C9C
:10F8D0001A70BB1D021C1A707B1D0A1C1A700F24A3
:10F8E0003B1900221A70064A064B1100180002F05C
:10F8F000C9FE3B191B781800BD4605B090BDC04637
:10F90000842900208029002090B585B000AF040034
:10F9100008001100FB1D221C1A70BB1D021C1A706E
:10F920007B1D0A1C1A700F217B1800221A70044BD1
:10F9300001221A707B181B781800BD4605B090BDD7
:10F940009809002090B585B000AF040008001100B0
:10F95000FB1D221C1A70BB1D021C1A707B1D0A1C89
:10F960001A700F217B1800221A70044B01221A70A2
:10F970007B181B781800BD4605B090BD9909002082
:10F9800090B585B000AF040008001100FB1D221CDB
:10F990001A70BB1D021C1A707B1D0A1C1A700F23E3
:10F9A000FB1800221A70D84B01221A70BB1D1B785D
:10F9B0005A1E7B1D1B78D91CD4481300DB009B1AF0
:10F9C000DB00C3185B5C19B2BB1D1B785A1E7B1D84
:10F9D0001B78181DCD4C1300DB009B1ADB00E318CD
:10F9E0001B5C1B021BB20B431AB20C23FB181A80C0
:10F9F000BB1D1B785A1E7B1D1978C4481300DB0001
:10FA00009B1ADB00C3185B5C082B00D986E29A00C6
:10FA1000BF4BD3181B689F46BB1D1B785A1E7B1D0E
:10FA20001B78591CB9481300DB009B1ADB00C31874
:10FA30005B5C002B07D10F23FB1800221A70B54B1B
:10FA400010221A706BE20F23FB18FF221A7066E275
:10FA5000BB1D1B785A1E7B1D1B78591CAB4813001D
:10FA6000DB009B1ADB00C3185B5C002B22D10F2349
:10FA7000FB1800221A70BB1D1B785A1E7B1D1B78B9
:10FA8000991CA2481300DB009B1ADB00C3185A5CC8
:10FA9000A14B1A70BB1D1B785A1E7B1D1B78591D6C
:10FAA0009A481300DB009B1ADB00C3185A5C9B4B7F
:10FAB0001A6034E20F23FB18FF221A702FE2BB1DDD
:10FAC0001B785A1E7B1D1B78591C90481300DB00C5
:10FAD0009B1ADB00C3185B5C002B40D10F23FB1883
:10FAE00000221A70BB1D1B785A1E7B1D1B78991CA7
:10FAF00086481300DB009B1ADB00C3185A5C864B58
:10FB00001A70BB1D1B785A1E7B1D1B78591D7F4820
:10FB10001300DB009B1ADB00C3185A5C7F4B1A6092
:10FB2000BB1D1B785A1E7B1D1B78991D774813003F
:10FB3000DB009B1ADB00C3185A5C794B1A60BB1DB3
:10FB40001B785A1E7B1D1B78D91D70481300DB00E3
:10FB50009B1ADB00C3185A5C724B1A60DFE10F235B
:10FB6000FB18FF221A70DAE1BB1D1B785A1E7B1DA1
:10FB70001B78591C65481300DB009B1ADB00C31877
:10FB80005B5C002B22D10F23FB1800221A70BB1DD7
:10FB90001B785A1E7B1D1B78991C5C481300DB00E8
:10FBA0009B1ADB00C3185A5C5B4B1A70BB1D1B7899
:10FBB0005A1E7B1D1B78591D54481300DB009B1AED
:10FBC000DB00C3185A5C554B1A60A8E10F23FB18E1
:10FBD000FF221A70A3E1BB1D1B785A1E7B1D1B78E8
:10FBE000591C4A481300DB009B1ADB00C3185B5CFE
:10FBF000002B4AD10F23FB1800221A70BB1D1B7863
:10FC00005A1E7B1D1B78991C40481300DB009B1A71
:10FC1000DB00C3185A5C404B1A70BB1D1B785A1E80
:10FC20007B1D1B78591D1300DB009B1ADB005A1843
:10FC3000364BD118394B03221800F6F741FCBB1D97
:10FC40001B785A1E7B1D1B78D91D1300DB009B1AE5
:10FC5000DB005A182D4BD118314B03221800F6F750
:10FC60002FFCBB1D1B785A1E7B1D1B780933190006
:10FC70001300DB009B1ADB005A18244BD118294BC8
:10FC800003221800F6F71CFC49E10F23FB18FF22A2
:10FC90001A7044E1BB1D1B785A1E7B1D1B78591C32
:10FCA0001A481300DB009B1ADB00C3185B5C002BB7
:10FCB00025D10F23FB1800221A70BB1D1B785A1E7A
:10FCC0007B1D1B78991C11481300DB009B1ADB007D
:10FCD000C3185A5C104B1A70BB1D1B785A1E7B1D33
:10FCE0001B78591D1300DB009B1ADB005A18074BC9
:10FCF000D1180A4B03221800F6F7E2FB0FE10F239D
:10FD0000FB18FF221A700AE108230020500A002085
:10FD100084A70208B51A0020092300200C23002024
:10FD20001023002014230020BB1D1B785A1E7B1DAE
:10FD30001B78591C7D481300DB009B1ADB00C3189D
:10FD40005B5C002B25D10F23FB1800221A70BB1D12
:10FD50001B785A1E7B1D1B78991C74481300DB000E
:10FD60009B1ADB00C3185A5C714B1A70BB1D1B78C1
:10FD70005A1E7B1D1B78591D1300DB009B1ADB00EC
:10FD80005A186A4BD1186B4B05221800F6F798FBEE
:10FD9000C5E00F23FB18FF221A70C0E0BB1D1B78C3
:10FDA0005A1E7B1D1B78591C60481300DB009B1AF0
:10FDB000DB00C3185B5C002B4BD10F23FB18002228
:10FDC0001A70BB1D1B785A1E7B1D1B78991C574847
:10FDD0001300DB009B1ADB00C3185A5C544B1A70EB
:10FDE000BB1D1B785A1E7B1D1B78591D1300DB00A1
:10FDF0009B1ADB005A184D4BD1184E4B05221800A8
:10FE0000F6F75EFBBB1D1B785A1E7B1D1B78093362
:10FE100019001300DB009B1ADB005A18434BD11862
:10FE2000454B05221800F6F74BFBBB1D1B785A1EED
:10FE30007B1D1B780D3319001300DB009B1ADB00C0
:10FE40005A183A4BD1183D4B05221800F6F738FBEB
:10FE500065E00F23FB18FF221A7060E0BB1D1B78C2
:10FE60005A1E7B1D1B78591C30481300DB009B1A5F
:10FE7000DB00C3185B5C002B4BD10F23FB18002267
:10FE80001A70BB1D1B785A1E7B1D1B78991C2748B6
:10FE90001300DB009B1ADB00C3185A5C244B1A705A
:10FEA000BB1D1B785A1E7B1D1B78591D1300DB00E0
:10FEB0009B1ADB005A181D4BD1181E4B0522180047
:10FEC000F6F7FEFABB1D1B785A1E7B1D1B78093303
:10FED00019001300DB009B1ADB005A18134BD118D2
:10FEE000154B05221800F6F7EBFABB1D1B785A1EBE
:10FEF0007B1D1B780D3319001300DB009B1ADB0000
:10FF00005A180A4BD1180D4B05221800F6F7D8FAEB
:10FF100005E00F23FB18FF221A7000E0C0460F23F4
:10FF2000FB181B781800BD4605B090BD500A002094
:10FF3000092300200C23002010230020142300207C
:10FF400090B585B000AF040008001100FB1D221C15
:10FF50001A70BB1D021C1A707B1D0A1C1A700F241C
:10FF60003B1900221A70BB1D1B785A1E7B1D197885
:10FF70000E481300DB009B1ADB00C3185A5C0C4BC5
:10FF80001A700B4B1B78180000F070F903001A0070
:10FF90003B191B78934202D03B19FF221A700F23A2
:10FFA000FB181B781800BD4605B090BD500A002014
:10FFB0007229002090B585B000AF04000800110040
:10FFC000FB1D221C1A70BB1D021C1A707B1D0A1C13
:10FFD0001A700F243B1900221A70BB1D1B785A1E81
:10FFE0007B1D19780E481300DB009B1ADB00C31839
:10FFF0005A5C0C4B1A700B4B1B78180000F092F9EE
:020000040801F1
:1000000003001A003B191B78934202D03B19FF22D0
:100010001A700F23FB181B781800BD4605B090BD61
:10002000500A00207329002090B585B000AF04006D
:1000300008001100FB1D221C1A70BB1D021C1A7047
:100040007B1D0A1C1A700F23FB1800221A70BB1D9F
:100050001B78013B264AD15C0E243B197A1D12788D
:100060008A1A1A70234B1B881A00234BD018BB1D09
:100070001B785A1E7B1D19781300DB009B1ADB00CE
:100080005A181E4BD1183B191B781A0013F09DF813
:100090003B191B789AB2174B1B88D3189AB2154B91
:1000A0001A80174B1B787F229343DBB2002B18D1A9
:1000B000BB1D1B78013B5A02124BD0180D4B1B88FD
:1000C0001A000D4B190013F080F80B4B642200212D
:1000D000180012F052FF074B00221A800A4B02222E
:1000E0001A700F23FB181B781800BD4605B090BD91
:1000F000400A0020222B0020242B0020500A002040
:10010000B41A0020980B00203A0A0020F0B587B0FE
:1001100002AF05000C0010001900FB1D2A1C1A700C
:10012000BB1D221C1A703B1D021C1A80FB1C0A1CE2
:100130001A700F203B1800221A70BB1D1B785A1E24
:100140001C491300DB009B1ADB005A5C0C217B1856
:100150001A807B181B88DDB206003C18FB1D1A783C
:10016000BB1D19783B1D1888FB1C1B7800932B00C6
:10017000FCF76CFD03002370BB191B78012B12D117
:100180000C217B181B88DDB2BC19FB1D1A78BB1D26
:1001900019783B1D1888FB1C1B7800932B0000F07E
:1001A000C9FC030023700F23FB181B781800BD4601
:1001B00005B0F0BD500A002090B595B000AF1424F2
:1001C0003B1918003C231A00002112F0D6FE3B1DFB
:1001D000180010231A00002112F0CFFE80239B008C
:1001E00018000DF0B1FB3B1903221A603B19802265
:1001F00052025A603B1980225200DA6021007B18BB
:1002000000221A617B1840225A617B1802221A626E
:100210007B1803225A627B1800229A627B181022F4
:10022000DA627B18802292021A637B188022920481
:100230005A637B18802292059A637B1818000DF090
:10024000CFFB3B1D07221A603B1D02225A603B1D5B
:1002500000229A603B1D0022DA603B1D022118003B
:100260000DF01EFFC046BD4615B090BD80B586B0EE
:1002700000AF0200FB1D1A70FB1D1B78180003F075
:1002800059FE03007B617B691B68234A934209D0B6
:100290007B691B68214A934204D07B691B68204A12
:1002A000934234D1C0467B691B68DA6980235B02C4
:1002B0001A4080235B029A42F5D0C0467B691B68D6
:1002C000DA698023DB031A408023DB039A42F5D1ED
:1002D0000C217B18802292031A607B1878691968B8
:1002E0005A6810F075FF7B691B689A687B691B6808
:1002F0008021C9030A439A607B69180010F0D0FF7F
:100300008023DB01012118000DF0BEFA00E0FF237D
:100310001800BD4606B080BD0038014000440040D2
:100320000048004080B582B000AF0200FB1D1A708B
:10033000124B134A9A61FB1D1B78042B15D89A00A7
:10034000104BD3181B689F4601200DF069FA0CE092
:1003500008200DF065FA08E020200DF061FA04E0B5
:1003600002200DF05DFA00E0C0460DF0DFFA0DF05E
:10037000C3FA00231800BD4602B080BD00700040E3
:100380003F000100B0A7020880B582B000AF0200B4
:10039000FB1D1A701F4B1A6980235B001A408023D3
:1003A0005B009A4230D11B4B1B4A9A61FB1D1B78A4
:1003B000042B15D89A00194BD3181B689F460120AF
:1003C0000DF04EFA0CE008200DF04AFA08E020206B
:1003D0000DF046FA04E002200DF042FA00E0C046BB
:1003E000A023DB050122402118000DF0E0F9FA23DB
:1003F0009B0018000AF00CFFA023DB05002240211F
:1004000018000DF0D4F900E000231800BD4602B03A
:1004100080BDC0460070004000010100C4A7020872
:10042000F0B585B000AF0B26BB1900221A700E2361
:10043000FB1808221A800823FB1800221A800CF0EF
:10044000C9FE7623FF331A0080231B021100180017
:100450000CF0F8FFBE19FA239B0018000CF000FF07
:10046000030033700B26BB191B78002B03D0554BB0
:100470005B68DBB2A2E0544B5A69534B02218A43BA
:100480005A61524B1B78002B00D195E0504B1B78E2
:100490001B029AB24D4B1B78190008203B185218CA
:1004A0001A803B181B889BB23B6000237B60494944
:1004B0003A687B6801200CF03FFE0B23FE18FA23FC
:1004C0009B0018000CF0CCFE030033700B23FB18CC
:1004D0001B78002B03D03B4B5B68DBB26EE03A4BE2
:1004E0005A69394B01218A435A610D23FB180122B5
:1004F0001A705AE00C23FB1800221A704AE00D20F3
:100500003B181B785A1E344B16214A43D35A002BF2
:100510003AD00E23FB181B882E4A9E183B181B78D6
:100520005A1E0C23FB1818782B4913009B009B18AC
:100530005B009B181B185B005B5A1C0000231D000E
:1005400022002B00310001200CF0F6FD0B23FE18D9
:10055000FA239B0018000CF083FE030033700B237A
:10056000FB181B78002B03D0164B5B68DBB225E031
:10057000154B5A69144B01218A435A610E22BB184C
:10058000BA18128808321A800C217B181A787B1846
:1005900001321A700C23FB181B780A2BAFD90D21DE
:1005A0007B181A787B1801321A70094B1B780D22C0
:1005B000BA1812789A429DD90CF030FE1800BD4648
:1005C00005B0F0BD989A012000200240941A002046
:1005D0007C00002000A807088C160020B0B588B069
:1005E00000AF18243B1900221A703B0000221A6049
:1005F000043311220021180012F0BFFC0CF0EAFDB8
:10060000BB235A0080231B02110018000CF01AFFB4
:1006100025003C19FA239B0018000CF021FE030072
:1006200023707B191B78002B03D0654B5B68DBB212
:10063000C1E0644B5A69634B02218A435A61624BA1
:10064000FB611B23FB1800221A70AAE01B203B1839
:100650001A785E4913009B009B189B005B5C002B83
:1006600000D198E03B00FE221A703B181A78130064
:100670009B009B189B00554A99183B00013314229C
:10068000180012F0A2FD1A23FB1800221A702BE0AA
:10069000F9691A23FB181B78DB003A00D3181A6893
:1006A0005B6801200CF048FD18257C19FA239B009B
:1006B00018000CF0D5FD030023707B191B78002B6C
:1006C00003D03F4B5B68DBB275E03E4B5A693D4B54
:1006D00001218A435A61FB690833FB611A217B18A7
:1006E0001A787B1801321A701A23FB181B78042B16
:1006F000CED91923FB1800221A7036E0F8691B23A3
:10070000FB181A78314913009B009B189B00CB18EB
:100710000C331B681922BA18127892009B181A68B9
:100720005B68010001200CF007FD18257C19FA23F5
:100730009B0018000CF094FD030023707B191B78BC
:10074000002B03D01E4B5B68DBB234E01D4B5A69B3
:100750001C4B01218A435A61FB690833FB61192153
:100760007B181A787B1801321A701923FB181C7831
:100770001B23FB181A78154913009B009B189B003C
:10078000CB180C331B681800EFF7C8FC03000133CB
:100790009B089C42B2D31B217B181A787B1801322C
:1007A0001A700B4B1B781B22BA1812789A4200D28F
:1007B0004CE70CF033FD1800BD4608B0B0BDC04694
:1007C000989A01200020024000B00708481B002032
:1007D0003D0A002080B500AF8F239A00084B00210E
:1007E000180012F0CAFB074B01221A70064B0022B8
:1007F0001A70FFF715FE03001800BD4680BDC04605
:100800008C1600207C000020941A0020F0B589B0DE
:1008100004AF05000C0010001900FB1D2A1C1A7003
:10082000BB1D221C1A707B1D021C1A703B1D0A1C6A
:100830001A700F257B1900221A700E26BB19002290
:100840001A704A4B1A787C19BB1D1B7819001000CE
:10085000F4F7A2FB030023703B1D1B78002B0ED086
:10086000424B1B78BA1D12789A4208D17B193A1D67
:1008700012781A70BB193D4A12781A701BE03B1DA2
:100880001B78002B17D1BB1D1B78013B384AD35C6A
:10089000012B05D10E23FB18344A12781A700AE096
:1008A000BB1D1B78013B324AD35C5A1E0E23FB183A
:1008B00030498A5C1A702D4B1B78FA1D12789A42C7
:1008C0002FD107F0D7FA0300BB603B1D1B78002B2C
:1008D00008D1294B1968BB1D1A78BB68180012F0A3
:1008E000CDFA08E0254B1968BB1D1A783B1D1B7813
:1008F000B86812F0C3FA224B1A68BB6811001800DE
:1009000012F043FBBB681800EFF708FC03009AB233
:10091000B9687B1D1878322303F0ACFA64200AF022
:1009200077FC7B1D1B78180000F02CF80F257B1935
:100930001B78180000F026F80C4B19780B4B1C782C
:100940007B191A787B1D18780023039301235B42DF
:10095000029301235B420193022300932300FAF7E1
:100960006BFEC046BD4605B0F0BDC046941A0020DF
:10097000C81800201C2300206C00002074000020F8
:100980007000002080B584B000AF0200FB1D1A701B
:10099000FB1D1B78180003F0CDFA0300FB60FB6819
:1009A00018000EF057FDFB688022D2001A61FB6828
:1009B000802252019A60FB6818000EF0F5FCFB687B
:1009C0001B681A68FB681B6820210A431A60C0462E
:1009D000BD4604B080BD000080B584B000AF474B79
:1009E0005A6B464B02210A435A63444B5B6B02220B
:1009F0001340BB60BB68414B5A6B404B01210A431B
:100A00005A633E4B5B6B012213407B607B6802F0B4
:100A100047FE02F083FE02F0BFFE02F0EDFE02F0A0
:100A20001BFF0123FB6061E0FB68DBB2180003F0F1
:100A300081FA0200324B9A4206D1FB685A1E314BB2
:100A400092003149D1504EE0FB68DBB2180003F050
:100A500071FA02002D4B9A4206D1FB685A1E294BAF
:100A600092002B49D1503EE0FB68DBB2180003F046
:100A700061FA0200274B9A4206D1FB685A1E214BAD
:100A800092002549D1502EE0FB68DBB2180003F03C
:100A900051FA0200214B9A4206D1FB685A1E194BAB
:100AA00092001F49D1501EE0FB68DBB2180003F032
:100AB00041FA02001B4B9A4206D1FB685A1E114BA9
:100AC00092001949D1500EE0FB68DBB2180003F028
:100AD00031FA0200154B9A4205D1FB685A1E094BA8
:100AE00092001349D150FB680133FB60FB68052B72
:100AF0009ADDC046C046BD4604B080BD001002402D
:100B0000D82B00206C1600200C0002406C2C00201A
:100B100020000240002D002034000240942D0020CF
:100B200048000240282E00205C000240BC2E00201D
:100B300070000240B0B584B000AF05000C0010009A
:100B40001900BB1D2A1C1A807B1D221C1A703B1D1C
:100B5000021C1A70FB1C0A1C1A700F217B18002241
:100B60001A707B1801221A70C0467B181B78180077
:100B7000BD4604B0B0BD000080B582B000AF786063
:100B80007B681B68164A934201D1012323E07B68EE
:100B90001B68144A934201D102231CE07B681B6846
:100BA000114A934201D1032315E07B681B680F4A69
:100BB000934201D104230EE07B681B680C4A9342E8
:100BC00001D1052307E07B681B68074A934201D1E6
:100BD000062300E000231800BD4602B080BDC046D9
:100BE000004C004000440040003C014000380140FF
:100BF0000050004080B500AFC046BD4680BD80B506
:100C000084B000AF02003960FB1D1A700F217B1801
:100C100000221A707B1867221A70C0467B181B7856
:100C20001800BD4604B080BD80B582B000AF1A4B3D
:100C30009A6B194B01210A439A63174B9B6B012254
:100C400013407B607B68144B9A6B134B02210A4361
:100C50009A63114B9B6B022213403B603B6800225E
:100C6000002109200BF08AFC09200BF09CFC0022DB
:100C700000210A200BF082FC0A200BF094FC0022D9
:100C800000210B200BF07AFC0B200BF08CFCC046F3
:100C9000BD4602B080BDC0460010024080B582B0A3
:100CA00000AFFB1D00221A70324B5B78002B0ED177
:100CB000314B1A68314B1100180000F069F8031E1F
:100CC00005D0FB1DFF221A70FB1D1B784DE0294B40
:100CD0009B78002B0ED1284B5A68294B1100180025
:100CE00000F056F8031E05D0FB1DFF221A70FB1DF5
:100CF0001B783AE01F4BDB78002B0ED11E4B9A6815
:100D0000204B1100180000F043F8031E05D0FB1D16
:100D1000FF221A70FB1D1B7827E0164B1B79002B56
:100D20000ED1154BDA68184B1100180000F030F89E
:100D3000031E05D0FB1DFF221A70FB1D1B7814E05B
:100D40000C4B5B79002B0ED10B4B1A690F4B11002A
:100D5000180000F01DF8031E05D0FB1DFF221A70BD
:100D6000FB1D1B7801E0FB1D1B781800BD4602B07F
:100D700080BDC046480A002094300020942D0020F9
:100D80006C2C0020BC2E0020D82B0020282E002008
:100D900090B585B000AF786039600F243B19002210
:100DA0001A707B681800FFF7E7FE03005A1E130055
:100DB0005B009B189B010F4A99187B68C0221800A2
:100DC00010F08CFB031E05D03B19FF221A703B1953
:100DD0001B780AE03B681B681A683B681B680421A3
:100DE0008A431A600F23FB181B781800BD4605B014
:100DF00090BDC046B81D0020F0B587B000AFF860C8
:100E0000B960BB1D1A8017257B1900221A7016269F
:100E1000BC19FB681800FFF7AFFE03002370152311
:100E2000FC18BB681800FFF7A7FE03002370BB196E
:100E30001B785A1E314B9200D3583B611523FB1887
:100E40001B78002B37D1FB681800FFF795FE0300D5
:100E5000013B2B4A0021D154FB681800FFF78CFEA0
:100E60000300013B5A02274BD31880229200002135
:100E7000180012F082F8FB681800FFF77DFE0300EF
:100E8000013B5A021F4BD118BB1D1A88FB68180082
:100E900010F024FB031E05D07B19FF221A707B196A
:100EA0001B7826E03B691B681A683B691B680421B4
:100EB0008A431A601AE0BB681B6828331900BB1DFF
:100EC0001A88FB68180010F009FB031E06D01721D2
:100ED0007B18FF221A707B181B780AE03B691B689D
:100EE0001A683B691B6804218A431A601723FB18A0
:100EF0001B781800BD4607B0F0BDC04694300020F6
:100F00005C290020980B002090B587B000AF02004C
:100F1000FB1D1A7017243B1900221A70FB1D1B7849
:100F2000180003F007F803003B61FB1D1B785A1EF5
:100F3000174B9200D358FB603B6918000EF01EFC63
:100F4000031E05D03B19FF221A703B191B781AE0CB
:100F5000FB681B6800225A60FB1D1B780D4AD35C9E
:100F6000022B0DD1FB1D1B785A1E0B4B920000214A
:100F7000D150FB1D1B785A1E084B92000021D15006
:100F80001723FB181B781800BD4607B090BDC0465C
:100F900094300020480A00208C210020A02100204D
:100FA00090B585B000AF0200FB1D1A700F243B19ED
:100FB00000221A70FB1D1B781800FFF7A5FF031E07
:100FC00005D03B19FF221A703B191B780DE0FB1D61
:100FD0001B78180002F0AEFF0300BB60BB6818006E
:100FE00002F06AFC0F23FB181B781800BD4605B001
:100FF00090BD000090B585B000AF0200FB1D1A70D7
:101000000F243B1900221A70FB1D1B781800FFF7F4
:101010007BFF031E05D03B19FF221A703B191B787A
:1010200040E0FB1D1B78180002F084FF0300BB604A
:10103000BB68180002F040FCFB1D1B785A1E1B4BBE
:101040009200D3589B6A1800FFF796FD03001A0020
:10105000174B00219954FB1D1B785A1E154B92000B
:101060000021D150FB1D1B78013B134A0021D154B4
:10107000FB1D1B78180002F05DFFFB1D1B785A1E3C
:101080000A4B9200D3581900FFF782FE031E06D0C8
:101090000F217B18FF221A707B181B7802E00F23A8
:1010A000FB181B781800BD4605B090BD9430002099
:1010B000480A0020782100205C29002080B500AF7C
:1010C0000D4B0E4A1A600C4B1022DA600A4B0022BC
:1010D0005A71094B00221A71074B00225A61064BC4
:1010E00000229A61044B03221A62034B18000BF092
:1010F00077FAC046BD4680BDAC30002000300240CB
:1011000080B584B000AF7860084B9A6B074B8021A4
:1011100049010A439A63054B9A6B80235B01134094
:10112000FB60FB68C046BD4604B080BD00100240B5
:1011300080B586B000AF78600A00BB1C1A80082317
:10114000FB1800221A607B68002B00D192E0BB1CC8
:101150001B88002B00D18DE0BB1C1B88032B33D8D0
:101160001623FB1800221A7000233B611BE0162295
:10117000BB181B78BA18591C11701A007B689B1891
:1011800019780823FA183B69D3180A1C1A70BB1C7B
:10119000BA1C1288013A1A80BB1C1B88002B06D08F
:1011A0003B6901333B613B69032BE0DD00E0C04656
:1011B0000823F918324B012218000BF0BEFA020086
:1011C0001723FB181A7051E0BB1C1B889B089BB2AD
:1011D0001A0079682A4B18000BF0AFFA02001723A7
:1011E000FB181A70BB1C1B88032213409BB2002BF8
:1011F0003CD0BB1C1B88DAB21623FB1803218A43A0
:101200001A70BB1CBA1C128803210A401A800023E2
:10121000FB601BE01622BB181B78BA18591C117012
:101220001A007B689B1819780823FA18FB68D318F2
:101230000A1C1A70BB1CBA1C1288013A1A80BB1C0B
:101240001B88002B06D0FB680133FB60FB68032B77
:10125000E0DD00E0C0460823F918094B0122180020
:101260000BF024FA02001723FB181A701723FB183F
:101270001B7800E000231800BD4606B080BDC046C4
:10128000AC30002080B500AFBFF34F8FC046044B99
:10129000044ADA60BFF34F8FC046C046FDE7C04640
:1012A00000ED00E00400FA0590B583B000AFFB1D2F
:1012B00000221A703B1D00221A800BF08BFF3C1D90
:1012C000002003F07BF8030023803B1D1B88022BCA
:1012D00007D03B1D1B880A2B03D03B1D1B880C2B02
:1012E00005D100F066F80BF099FFFFF7CBFF0BF08C
:1012F00095FFFB1D1B781800BD4603B090BD90B54F
:1013000085B000AF02003960BB1D1A800F243B1965
:1013100000221A703A68BB1D1B881100180004F0E7
:10132000DBFD031E05D03B190A221A703B191B78FE
:1013300002E00F23FB181B781800BD4605B090BDD6
:10134000B0B584B000AF0200BB1D1A803B1D0A1C63
:101350001A800F23FB1800221A700C257B1900221B
:101360001A800BF037FF7C193B1D1A88BB1D1B88A8
:101370001100180004F0E0FD030023807B191A8897
:1013800080235B009A4202D104F0FAFD08E00C23AE
:10139000FB181B88002B03D00BF040FF0A2304E04E
:1013A0000BF03CFF0F23FB181B781800BD4604B060
:1013B000B0BD80B582B000AFFB1D00221A700BF0EB
:1013C00009FF002004F034FC031E07D00BF026FFB9
:1013D000FB1D0A221A70FB1D1B7803E00BF01EFF99
:1013E000FB1D1B781800BD4602B080BD80B500AF64
:1013F000074B1B68074A934206D0FFF7DAFF031E2C
:1014000002D1034B034A1A60C046BD4680BDC046A8
:10141000F07F0020ADDEEFBE80B586B000AF214B7F
:101420005A6B204B04210A435A631E4B5B6B042208
:1014300013407B617B691B4B5A6B1A4B01210A439A
:101440005A63184B5B6B012213403B613B69154BA0
:101450005A6B144B08210A435A63124B5B6B0822E8
:101460001340FB60FB680F4B5A6B0E4B02210A4383
:101470005A630C4B5B6B02221340BB60BB68094B89
:101480005A6B084B20210A435A63064B5B6B2022A0
:1014900013407B607B6800F007F8C046BD4606B08D
:1014A00080BDC0460010024080B586B000AF3B1D35
:1014B00040221A603B1D01225A603B1D00229A60A7
:1014C0003B1D0222DA603A1DA023DB051100180043
:1014D0000BF0E4FFC046BD4606B080BDF0B593B04A
:1014E00002AF534B5A6B524B01210A435A63504B84
:1014F0005B6B012213403B613B694D4B5A6B4C4B7C
:1015000002210A435A634A4B5B6B02221340FB6081
:10151000FB68474B5A6B464B04210A435A63444BC2
:101520005B6B04221340BB60BB68414B5A6B404B62
:1015300008210A435A633E4B5B6B082213407B60D1
:101540007B682423F8181A257A192823F9181823F8
:10155000FB1800930300012000F06EF81C23F8181C
:101560001623FA182023F9181426BB190093030038
:10157000052000F061F82C217B1801225A607B18AD
:1015800000229A607B191B881A007B181A60BB6ABC
:101590001A000C007B18190010000BF07FFF2100CF
:1015A0007B1800225A607B1802229A60BB191B88A4
:1015B0001A007B181A60FB691A007B1819001000CA
:1015C0000BF06CFFBB6A18007B191B880022190006
:1015D0000CF0EDF8052002F03FF8FB691A00BB198A
:1015E0001B88190010000CF0C5F8031E17D1BB6A48
:1015F00018007B191B88012219000CF0D8F805206F
:1016000002F02AF8FB691A00BB191B8819001000A8
:101610000CF0B0F80300012B01D1012304E0054BCD
:10162000012252421A6000231800BD4611B0F0BDDD
:1016300000100240F07F002080B586B000AFB96096
:101640007A603B600F217B18021C1A701723FB186D
:1016500000221A707B181B78180002F06BFC030044
:101660003B613A69344B9A4210D1BB68A022D20543
:101670001A607B68802292001A803B68A022D20503
:101680001A603B6A8022D2001A804DE03A692B4BE7
:101690009A420ED1BB68A022D2051A607B68042250
:1016A0001A803B68A022D2051A603B6A08221A8081
:1016B0003AE03A69224B9A420ED1BB68A022D20589
:1016C0001A607B6801221A803B68A022D2051A604A
:1016D0003B6A02221A8027E03A691A4B9A420CD1DF
:1016E000BB68194A1A607B6808221A803B68164A50
:1016F0001A603B6A04221A8016E03A69134B9A4238
:101700000ED1BB68A022D2051A607B6810221A8015
:101710003B68A022D2051A603B6A20221A8003E0AF
:101720001723FB18FF221A701723FB181B781800C9
:10173000BD4606B080BDC046D82B00206C2C0020D2
:10174000942D0020282E0020000C0050BC2E0020DC
:1017500080B500AF1D4B1E4A1A601C4B802212063A
:101760005A601A4B00229A60184B0022DA60174B1D
:10177000802212061A61154B04225A61134B002273
:101780001A76124B00225A76104B01229A760F4B92
:101790002022002199540D4B00225A620B4B00224B
:1017A0009A620A4B2C2200219954084B00221A639A
:1017B000064B180009F0D2FE031E01D000F060F8BD
:1017C000044B01221A70C046BD4680BD90310020F6
:1017D000002401407231002090B58BB000AF7860DA
:1017E00014243B19180014231A00002111F0C5FB22
:1017F000214B1A6C204B802149030A431A641E4B6B
:101800001A6C80235B0313403B613B691A4B5A6B94
:10181000194B01210A435A63174B5B6B012213409A
:10182000FB60FB68154B1B78012B10D13B190C2278
:101830001A603B1903225A603B1900229A603A1938
:10184000A023DB05110018000BF028FE10E0142186
:101850007B1803221A607B1803225A607B1800222F
:101860009A607A18A023DB05110018000BF016FE11
:10187000C046BD460BB090BD001002407031002044
:1018800080B500AF642009F0C3FCC046BD4680BDF2
:1018900080B582B000AF78600A00FB1C1A707B68CC
:1018A0001B68174A934205D1FB1C1B78002B01D102
:1018B000144B20E07B681B68114A934205D1FB1C46
:1018C0001B78012B01D1104B15E07B681B680F4A78
:1018D000934205D1FB1C1B78002B01D101230AE0A8
:1018E0007B681B68094A934205D1FB1C1B78012BBE
:1018F00001D1074BFFE71800BD4602B080BDC046CE
:1019000000440040040000080800000C004C0040A7
:101910000200000480B582B000AF0200FB1D1A7007
:10192000BB1D0A1C1A70FB1D1B78012B07D1BB1DA8
:101930001B78002B03D1164B00221A7022E0FB1DEE
:101940001B78012B07D1BB1D1B78012B03D1104B3A
:1019500001221A7016E0FB1D1B78022B07D1BB1D5C
:101960001B78002B03D10A4B02221A700AE0FB1DE0
:101970001B78022B06D1BB1D1B78012B02D1044B17
:1019800003221A70024B1B781800BD4602B080BDBE
:101990007331002090B587B002AF0F23FB180022EF
:1019A0001A700E23FB1800221A700D23FB18012257
:1019B0001A705AE20D203B181A78C04913005B00D8
:1019C0009B18CB1801331B78002B00D147E2BC4B8E
:1019D0001B7801225340DBB2002B07D03B181A784A
:1019E000B64913005B009B1800225A543C1DBA1CD8
:1019F0000823F9180D23FB1818783B0000932300E7
:101A0000FFF71AFEBB681800BB1C1B8800221900D8
:101A10000BF0CDFE0A2001F0FBFD7B681A003B00B5
:101A20001B88190010000BF0A5FE031E16D1BB6821
:101A30001800BB1C1B88012219000BF0B8FE0A20FD
:101A400001F0E6FD7B681A003B001B880F217C1823
:101A5000190010000BF08EFE03002370BB68180005
:101A6000BB1C1B88002219000BF0A1FE0D23FB18E4
:101A70001A78924913005B009B18CB1801331B782E
:101A8000012B02D0022B14D02AE00F23FB181B7865
:101A9000012B04D10E23FB1804221A701DE00F2322
:101AA000FB181B78002B18D10E23FB1803221A7089
:101AB00013E00F23FB181B78012B04D10E23FB1816
:101AC00004221A700BE00F23FB181B78002B06D1A1
:101AD0000E23FB1803221A7001E0C04600E0C04646
:101AE0000E22BB181B78042B03D0BB181B78022BCB
:101AF00019D10D217B181A78724B9200D358724A73
:101B0000934209D87B181B786E4A99008A58511C59
:101B10006C4A9B00995006E00D23FB181A78694B1C
:101B200092000021D1500E22BB181B78032B03D04A
:101B3000BB181B78012B40D10D217B181A78634B01
:101B40009200D358604A934209D87B181B785F4AA9
:101B500099008A58511C5D4A9B00995006E00D235C
:101B6000FB181A78594B92000021D150584B1B7822
:101B7000022B11D10D217B181B78564AD25C564B93
:101B80005B799A4208D87B181B78524AD25C0132A2
:101B9000D1B2504AD15410E00D217B181B784D4A28
:101BA000D25C4D4B5B799A4207D9494B00221A709F
:101BB0007B181B78474A0021D1540D217B181A78D5
:101BC000404B9200D358444A1288934200D286E098
:101BD0007B181A783B4B9200D3583F4A12889342A5
:101BE00008D17B181B78374A99008A58511C354A0E
:101BF0009B0099500D217B181A78344B9200D358D2
:101C0000354A1288934205D97B181A782F4B9200D7
:101C10000021D1500D217B181A782A4B9200D358FD
:101C20002D4A528893422ED97B181A78254B920060
:101C3000D258FA235B009A4225D2254B1B78002B01
:101C400003D1234B01221A7048E0214B1B78022B51
:101C500044D10D217B181B781E4AD25C1E4B1B7988
:101C60009A423BD97B181B781A4AD25C1A4B5B7993
:101C70009A4233D2164B03221A707B181B78154AEE
:101C80000021D1542AE00D217B181A780D4B9200C7
:101C9000D258FA235B009A4221D37B181A78094B59
:101CA0009200D358084A934219D8094B1B78002B4D
:101CB00015D0074B00221A7011E0C0465C3100209D
:101CC000203100202C310020FEFF00004431002094
:101CD0000032002024310020981A0020C0460D2137
:101CE0007B181A78664B9200D358664A1288934242
:101CF0005DD37B181A78624B9200D358614A1288E0
:101D0000934211D108007B181A785F4913005B00D9
:101D10009B1807225A543B181B78594A99008A5835
:101D2000511C574A9B0099500D217B181A78574B2C
:101D30009200D358534A1288934205D97B181A78D7
:101D4000524B92000021D1500D217B181A784C4B38
:101D50009200D3584B4A5288934228D97B181A785C
:101D6000474B9200D258FA235B009A421FD2484B4D
:101D70001B78012B0BD17B181A78434913005B00A9
:101D80009B1805225A54424B02221A700FE0404B16
:101D90001B78032B0BD10D23FB181A783A4913003B
:101DA0005B009B1806225A54394B00221A700D23EF
:101DB000FB181A78344913005B009B185B5C072BF7
:101DC00005D047DC052B09D0062B25D042E00D239A
:101DD000FB181B78180000F079FD40E02D4B1B78B4
:101DE00001225340DBB2002B36D00D203B181A786D
:101DF000254913005B009B18CB1802331B781A008F
:101E00000123134028D0234B01221A703B181B7862
:101E1000180000F065FD1FE01E4B1B7801225340A7
:101E2000DBB2002B1AD00D203B181A78164913008C
:101E30005B009B18CB1802331B781A000223134057
:101E40000CD0144B01221A703B181B78180000F0BC
:101E500051FD03E0C04602E0C04600E0C0460D214F
:101E60007B181A787B1801321A700D23FB181B7827
:101E7000052B00D89EE5C046C046BD4605B090BDC6
:101E800044310020981A00205C3100202C310020C1
:101E90000032002020310020F0B58FB002AF0200E8
:101EA000FB1D1A70BB1D0A1C1A702F23FB18002281
:101EB0001A702E23FB1800221A708C4B1B78002BF3
:101EC0000FD0BB1D1A788A4B9200D358180005F02A
:101ED000DDFEBB1D1A78874B9200D358180005F021
:101EE000D5FEBB1D1B78844A0421D1547F4B1B783F
:101EF000002B08D0BB1D1B78180002F01BF8030054
:101F000018000DF0A7FA1023FC180E257A191423D7
:101F1000F918BB1D18780C26BB1900932300FFF796
:101F20008BFB7B191B881A0018243B191A603B197C
:101F300001225A603B1900229A603B190022DA60A4
:101F40007B691A003B19190010000BF0A7FABB19A6
:101F50001B881A003B191A603B1900225A603B1972
:101F600002229A603B691A003B19190010000BF01D
:101F700095FABB1D1A78614913005B009B18CB18BA
:101F80000133FA1D12781A70BB1D1B783A339BB2CD
:101F90009B009BB20A243A1911001800FFF7AFF911
:101FA00003001A002C217B181A807B181B88002B39
:101FB00057D13B191B881B0A9AB22E217B181A7025
:101FC0007B181B781B09DBB2BA1D12789A4209D123
:101FD0007B181B780F221A40FB1D1B789A4201D1F7
:101FE00000237FE0BB1D1B781B031AB2FB1D1B786F
:101FF0001B021BB213431BB29AB20A217B181A8030
:10200000BB1D1B783A339BB29B009AB27B181B888E
:1020100019001000FFF794F9BB1D1B783A339BB2EF
:102020009B009BB201339BB200211800FFF788F997
:10203000BB1D1B783A339BB29B009BB202339BB211
:1020400000211800FFF77CF9BB1D1B783A339BB2C7
:102050009B009BB203339BB200211800FFF770F97D
:102060003DE0BB1D1B781B031AB2FB1D1B781B0236
:102070001BB213431BB29AB20A217B181A80BB1DF4
:102080001B783A339BB29B009AB27B181B881900CD
:102090001000FFF755F9BB1D1B783A339BB29B002C
:1020A0009BB201339BB200211800FFF749F9BB1D19
:1020B0001B783A339BB29B009BB202339BB2002148
:1020C0001800FFF73DF9BB1D1B783A339BB29B000C
:1020D0009BB203339BB200211800FFF731F92F2385
:1020E000FB181B781800BD460DB0F0BD3B0A002060
:1020F0003822002054220020480A00205C310020B1
:1021000080B586B000AF0200FB1D1A701723FB18C4
:1021100000221A70FB1D1A78554913005B009B18AA
:10212000CB18013300221A70FB1D1A785049130096
:102130005B009B1800225A54FB1D1A784C4913006F
:102140005B009B18CB18023300221A70FB1D1B7812
:102150003A339BB29B009BB20E22BA1811001800B2
:10216000FFF7CDF803001A0014217B181A807B18A2
:102170001B88002B2DD1FB1D1B783A339BB29B0093
:102180009BB200211800FFF7DBF8FB1D1B783A33E8
:102190009BB29B009BB201339BB200211800FFF75A
:1021A000CFF8FB1D1B783A339BB29B009BB20233E6
:1021B0009BB200211800FFF7C3F8FB1D1B783A33D0
:1021C0009BB29B009BB203339BB200211800FFF728
:1021D000B7F8FB1D1B78180001F0ACFE03003B6153
:1021E0003B691B68234A934202D101F059FA28E067
:1021F0003B691B68204A934202D101F08FFA20E02C
:102200003B691B681D4A93421BD03B691B681C4AF3
:10221000934202D101F0C0FA13E03B691B68194AEE
:10222000934202D101F0E8FA0BE03B691B68164AC1
:10223000934202D101F010FB03E01723FB18FF22A9
:102240001A70FB1D1B78114A0021D154FB1D1B780D
:102250005A1E0F4B9200D2583B6911001800FEF72E
:1022600097FD1723FB181B781800BD4606B080BDEC
:102270005C3100200038014000440040004800402C
:10228000004C004000500040003C0140480A002043
:1022900094300020B0B584B000AF040008001100F5
:1022A000FB1D221C1A70BB1D021C1A707B1D0A1C10
:1022B0001A700F23FB1800221A70FB1D1A7862494E
:1022C00013005B009B18CB1801331B78002B01D146
:1022D0000B23B4E07B1D1B78012B07D07B1D1B78E3
:1022E000002B19D1BB1D1B78052B15D1FB1D1A78AE
:1022F000554913005B009B18CB1802331B78FA1D5D
:10230000127801210B43D8B24F4913005B009B1890
:10231000CB180233021C1A707B1D1B78012B07D0CF
:102320007B1D1B78002B19D1BB1D1B78062B15D1EB
:10233000FB1D1A78444913005B009B18CB1802332D
:102340001B78FA1D127802210B43D8B23E491300C4
:102350005B009B18CB180233021C1A707B1D1B7884
:10236000012B07D07B1D1B78002B19D1BB1D1B78BF
:10237000072B15D1FB1D1A78334913005B009B18FE
:10238000CB1802331B78FA1D127803210B43D8B205
:102390002D4913005B009B18CB180233021C1A70E6
:1023A000FB1D1B783A339BB29B009BB208243A1961
:1023B00011001800FEF7A3FF03001A000C217B1880
:1023C0001A807B181B88002B34D13B191B881B0AF1
:1023D0009AB20B257B191A703B191B88D9B2FB1DC9
:1023E0001A78194813005B009B18C31802331B7836
:1023F000994221D07B191B781B0219B2FB1D1A7858
:10240000114813005B009B18C31802331B781BB2E2
:102410000B431BB29AB23B191A80FB1D1B783A334F
:102420009BB29B009AB23B191B8819001000FEF763
:1024300087FF01E00B2302E00F23FB181B78180035
:10244000BD4604B0B0BDC0465C31002080B584B04C
:1024500000AF0200FB1D1A700F23FB1800221A7038
:10246000FB1D1B78022B03D0FB1D1B78012B22D1F7
:10247000FB1D1B78022B03D1164B01221A7002E0C0
:10248000144B01225A70FB1D1B78180001F052FDFD
:10249000030018000CF0DEFFFB1D1B780E4A06211E
:1024A000D1540E4B1B78002B0CD1FFF751F90C4B7C
:1024B00000221A7006E00F217B1819221A707B186F
:1024C0001B7802E00F23FB181B781800BD4604B0F0
:1024D00080BDC04670310020480A002072310020C3
:1024E0008C31002080B586B000AF3A60FB1D021C25
:1024F0001A70BB1D0A1C1A700F23FB1800221A70D9
:102500001723FB1800221A7000233B61FB1D1B7868
:10251000022B04D0FB1D1B78012B00D09CE0514BFB
:102520001B78012B00D07FE0FB1D1B78180001F009
:1025300001FD0200BB1D1B7819001000FFF7A8F970
:1025400003009AB2484B1A80BB1D1A78FB1D1B78FA
:1025500011001800FFF7DEF903001A00434B1A7050
:10256000414B1B881A00424B1A60414B01225A60B2
:102570003F4B06229A603E4A3E4B1100180009F07C
:10258000BFFA3C4B180009F051FE28E0394B180007
:1025900009F08CF9374B6421180009F011FA354B1A
:1025A000180009F0A1FA0100304B1B781A0089B21B
:1025B000314B5200D1522F4B180009F0C5F92B4B6B
:1025C0001B781A002C4B5200D35A1A003B699B18F7
:1025D0003B6117217B181A787B1801321A70172279
:1025E000BB181B78092BD1D9BB181B781900386987
:1025F000EDF7B0FD030019001C4B1B781A0089B2DF
:102600001D4B5200D152184B1B881A00184B1A60F0
:10261000174B02225A60164B06229A60144A154B39
:102620001100180009F06CFA104B1B781A00124BBD
:102630005200D35A1A00114B534311491800EDF7B9
:1026400013FE03001800EEF71FFC021C3B681A6023
:102650000F23FB181B7800E019231800BD4606B0B5
:1026600080BDC046723100207431002073310020DB
:10267000F43100209031002078310020E40C00007B
:10268000FF0F0000B0B582B000AF78603960634BD7
:102690001B78002B04D1FFF75BF8614B00221A7006
:1026A000604B614A1A605F4B01225A605D4B022207
:1026B0009A605C4A5D4B1100180009F021FA5B4BEF
:1026C000180009F0F3F8594B6421180009F078F963
:1026D000564B180009F008FA03009AB2544B1A80BE
:1026E000534B1B881800F0F785FA524A524BEFF70C
:1026F000BFFB02000B001000190000224F4BEEF749
:1027000073FF02000B00100019004D4A4D4BEFF70C
:1027100077FE02000B00100019004B4A4B4BEEF7FE
:1027200063FF02000B00100019000022484BEEF777
:10273000F7FB02000B0010001900F0F7F5FA021C7D
:102740007B681A60394B180009F0FEF8354B364AA1
:102750001A60344B02225A60324B02229A60314A8C
:10276000324B1100180009F0CBF92E4B394A1A6090
:102770002C4B01225A602B4B06229A60294A2B4B84
:102780001100180009F0BCF9284B180009F08EF868
:10279000264B6421180009F013F9244B180009F0A6
:1027A000A3F903009AB22C4B1A802C4B1B881800FB
:1027B000F0F720FA1F4A204BEFF75AFB02000B00FC
:1027C00014001D00244B1B881800F0F713FA0200B8
:1027D0000B0020002900EEF707FF02000B0010009D
:1027E0001900F0F7A1FA021C3B681A600F4B1800A1
:1027F00009F0AAF80B4B174A1A600A4B02225A60DA
:10280000084B02229A60074A084B1100180009F091
:1028100077F9C046BD4602B0B0BDC0467231002057
:102820008C310020F4310020001000B090310020E5
:10283000803100206666666666660A4000FEAF402C
:102840008FC2F5285C8FF63F333333333333114077
:1028500000003940002000B482310020AA75FF1F1B
:1028600090B585B000AF3A60FB1D021C1A70BB1D0D
:102870000A1C1A700F243B1900221A700023BB6037
:102880000823FA18BB1D1978FB1D1B781800FFF7E9
:1028900029FE031E10D1BB680A49181CEEF7B6F9D1
:1028A000031C0949181CEDF7CBFF031C1A1C3B68DD
:1028B0001A603B191B7800E019231800BD4605B0CB
:1028C00090BDC0460000C84200404E4580B582B071
:1028D00000AF0200FB1D1A70C046BD4602B080BDAD
:1028E00080B582B000AF0200FB1D1A70C046BD4625
:1028F00002B080BD80B582B000AF0200FB1D1A702F
:10290000C046BD4602B080BD80B500AFBFF34F8F5B
:10291000C046044B044ADA60BFF34F8FC046C0463E
:10292000FDE7C04600ED00E00400FA0580B500AF09
:1029300008F052FC05F0DCF9C046BD4680BD000041
:1029400080B584B002AF0B4B7B600B4B1878796875
:10295000FF230093FF23112201F036FA064B18786B
:10296000064B1968FF230093FF230F2201F02CFA76
:10297000FFF7CAFFF0A70208380A0020C4010020B0
:1029800080B584B000AF78600A00BB1C1A80144B7D
:10299000BA1C12881A80134B1B780133DAB2114B20
:1029A0001A707B681800FEF7E7F803001A000E4B58
:1029B0009B5C022B10D00023FB600C4B1B680C228D
:1029C000BA181100180007F0B3FFFB68002B03D002
:1029D000074B802252051A60C046BD4604B080BD38
:1029E0005432002056320020480A002030220020B5
:1029F00004ED00E080B58AB000AF00237B62264B77
:102A000018000CF04FFF244B1B681B6880221340FA
:102A1000802B36D1204B88229B58202B31D1EFF3CD
:102A200010837B607B683B620123BB60BB6883F3E0
:102A30001088C046184B1B681A68174B1B6880210A
:102A40008A431A603B6AFB60FB6883F31088C046C8
:102A5000EFF310833B613B69FB6101237B617B6981
:102A600083F31088C0460C4B1B681A680A4B1B681E
:102A700040210A431A60FB69BB61BB6983F310887C
:102A8000C0467B6A002B03D0044B802252051A609B
:102A9000C046BD460AB080BDD82B002004ED00E042
:102AA00080B58AB000AF00237B62264B18000CF083
:102AB000F9FE244B1B681B6880221340802B36D103
:102AC000204B88229B58202B31D1EFF310837B6061
:102AD0007B683B620123BB60BB6883F31088C04600
:102AE000184B1B681A68174B1B6880218A431A60B1
:102AF0003B6AFB60FB6883F31088C046EFF31083EA
:102B00003B613B69FB6101237B617B6983F3108837
:102B1000C0460C4B1B681A680A4B1B6840210A43CD
:102B20001A60FB69BB61BB6983F31088C0467B6A8E
:102B3000002B03D0044B802252051A60C046BD46CC
:102B40000AB080BD6C2C002004ED00E080B59AB086
:102B500000AF00237B66684B18000CF0A3FE664BA9
:102B60001B681B6880221340802B36D1624B882261
:102B70009B58202B31D1EFF310837B637B6B3B663B
:102B80000123BB63BB6B83F31088C0465A4B1B68A1
:102B90001A68594B1B6880218A431A603B6EFB639D
:102BA000FB6B83F31088C046EFF310833B643B6CF0
:102BB000FB6501237B647B6C83F31088C0464E4B1E
:102BC0001B681A684C4B1B6840210A431A60FB6D56
:102BD000BB64BB6C83F31088C046484B18000CF0F4
:102BE00061FE464B1B681B6880221340802B36D148
:102BF000424B88229B58202B31D1EFF31083FB618D
:102C0000FB69BB6501233B623B6A83F31088C046C6
:102C10003A4B1B681A68394B1B6880218A431A603B
:102C2000BB6D7B627B6A83F31088C046EFF3108331
:102C3000BB62BB6A7B650123FB62FB6A83F310887E
:102C4000C0462E4B1B681A682C4B1B6840210A4358
:102C50001A607B6D3B633B6B83F31088C046284B47
:102C600018000CF01FFE264B1B681B6880221340C7
:102C7000802B36D1224B88229B58202B31D1EFF369
:102C800010837B607B683B650123BB60BB6883F37B
:102C90001088C0461A4B1B681A68194B1B688021A4
:102CA0008A431A603B6DFB60FB6883F31088C04663
:102CB000EFF310833B613B69FB6401237B617B691C
:102CC00083F31088C0460E4B1B681A680C4B1B68B8
:102CD00040210A431A60FB6CBB61BB6983F3108817
:102CE000C0467B6E002B03D0064B802252051A6033
:102CF000C046BD461AB080BD942D0020282E00206D
:102D0000BC2E002004ED00E080B500AF054B18009C
:102D1000FDF732FF03001800F7F75CFBC046BD4625
:102D200080BDC046D82B002080B500AF084B1B6883
:102D300010221340102B07D1064B1800FDF71CFF83
:102D400003001800F7F746FBC046BD4680BDC046ED
:102D5000000002406C2C002080B500AF1A4B1A68AE
:102D600080235B011A4080235B019A4207D1174BF5
:102D70001800FDF701FF03001800F7F72BFB124BBB
:102D80001A6880235B021A4080235B029A4207D1B3
:102D90000F4B1800FDF7F0FE03001800F7F71AFBC1
:102DA000094B1A6880235B031A4080235B039A4215
:102DB00007D1084B1800FDF7DFFE03001800F7F7F6
:102DC00009FBC046BD4680BD00000240942D002096
:102DD000282E0020BC2E002080B584B000AF786083
:102DE0000023FB600C4B1B78002B02D10A4B012205
:102DF0001A707B681800FDF7BFFE03001A00074B2E
:102E00009200D3580C22BA181100180005F07FFE6A
:102E1000C046BD4604B080BDC00100205422002041
:102E2000B0B584B000AF78607B68882220219950CB
:102E30000F257C197B681800FDF79EFE03002370A8
:102E400029007B181B78254AD35C022B13D17B18F1
:102E50001B785A1E224B9200D3581B682833190046
:102E60007B6880229B581B685B689AB27B6818005D
:102E70000EF034FB2EE00F243B191B78013B194A5E
:102E80000021D1543B191B78013B174A0021D15432
:102E90003B191B785A1E13005B009B189B01134AB9
:102EA0009B18C0220021180010F067F83B191B780E
:102EB0005A1E13005B009B189B010C4A99187B68F3
:102EC000C02218000EF00AFB3B191B78013B084A90
:102ED0000121D154C046BD4604B0B0BD480A00200F
:102EE00078210020642900205C290020B81D0020E2
:102EF000B421002080B582B000AF7860C046BD46E6
:102F000002B080BD80B582B000AF7860104B012266
:102F10001A707B681B680F4A934203D17B681800C4
:102F20000EF0EFF97B681B680B4A934203D17B6874
:102F300018000EF0E6F97B681B68084A934203D13B
:102F40007B6818000EF0DDF9C046BD4602B080BDBA
:102F50000C2200200038014000440040004800409E
:102F600080B586B002AF786039600B4BFB600B4BCD
:102F70001878F968FF230093FF23102200F024FF44
:102F8000064B1878064B1968FF230093FF230F2286
:102F900000F01AFFFFF7B8FC04A80208380A002066
:102FA000C401002080B584B002AF0B4B7B600B4B9B
:102FB00018787968FF230093FF23142200F004FFA0
:102FC000064B1878064B1968FF230093FF230F2246
:102FD00000F0FAFEFFF798FC18A80208380A002053
:102FE000C401002080B500AF2F4B304A1A602E4B31
:102FF00000229A602C4B7F22DA602B4BFF221A6151
:10300000294B00225A61284B00229A61264B00224C
:10301000DA61254B8022D2051A62234B00225A62C4
:10302000214B882212025A601F4B180000F01EFA32
:103030001D4B002118000CF049F80300012B02D1B0
:10304000194B40229A60184B18000BF00FFC031E1E
:1030500001D0FF2325E0144B012118000CF036F8B5
:103060000300134A934202D000F028F811E0114BFC
:103070001A6E80231B05134002D00F4B00221A70DA
:103080000C4B1A6E8023DB04134002D00A4B012242
:103090001A70084B1A6E074B802109040A431A66FE
:1030A00000231800BD4680BDAC320020002800403F
:1030B000F232000000100240A8320020B0B58EB0FD
:1030C00000AF0C257B195A4A13CA13C33B00594A57
:1030D00003CA03C312781A707B19093318000EF063
:1030E0004CFB02003523FB181A707B1900229A71E1
:1030F0007B19043318000EF040FB02003423FB1848
:103100001A707B190022DA703623FB1800221A701D
:1031100019E036243B191A78474B9200D2580C23F9
:10312000FB1811001800ECF7EFFF031E05D1372341
:10313000FB183A19127801321A7036217B181A7866
:103140007B1801321A703623FB181B780B2BE0D941
:103150003B00063318000EF010FB02003323FB186F
:103160001A700C243B1900225A713B0003331800DB
:103170000EF003FB02003223FB181A703B190022E9
:103180009A703B0018000EF0F8FA02003123FB1889
:103190001A702C217B183522BA181278DA707B1835
:1031A0003722BA1812785A707B183422BA1812785B
:1031B0009A707B1801221A707918204B002218008F
:1031C0000BF096FD031E01D0FF232CE018217B1885
:1031D0003122BA1812781A707B183222BA18127873
:1031E0005A707B183322BA1812789A707B18002212
:1031F000DA70134B18225A737B180022DA607B189E
:1032000000221A6179180D4B002218000BF06CFC9B
:10321000031E01D0FF2306E00A4A084B01211800D3
:103220000BF037FF00231800BD460EB0B0BDC046FE
:1032300038A8020844A802081C000020AC32002074
:10324000981A0020F2320000B0B588B000AF050037
:103250000C0010001900FB1D2A1C1A70BB1D221C3B
:103260001A703B1D021C1A80FB1C0A1C1A703B1DA5
:103270001B88DBB23033DAB21C217B18DA707B1882
:10328000FA1D12785A707B18BA1D12789A707B1842
:10329000FA1C12781A7008243B1938217A1812780F
:1032A0001A703B193422BA1812785A703A1930231E
:1032B000FB181B7893703B1900221A613C23FB1802
:1032C0001B78012B1BD17B181B780C2B17D8404B7C
:1032D0000122002118000BF0DCFE3B190022DA70FD
:1032E0003C4B0C225A733A4B18000BF061FB384BE5
:1032F00040229A60364B18000BF0B8FA36E03C23B7
:10330000FB181B78022B1DD13823FB181B780C2BC4
:1033100018D82F4B0122002118000BF0BAFE082309
:10332000FB180122DA702B4B0C225A73284B180021
:103330000BF03EFB264B40229A60254B18000BF009
:1033400095FA13E0224B0022002118000BF0A1FE99
:10335000204B18225A731E4B18000BF029FB1C4BF4
:1033600000229A601A4B18000BF080FA0823F91813
:10337000174B002218000BF0B7FB031E01D0FF23F0
:1033800021E01C23F918124B002218000BF0B0FCAE
:10339000031E01D0FF2316E00E4B5B7B1B021AB20B
:1033A0000C4B1B791BB213431BB29AB28D235B00EB
:1033B00011001800FDF7C4FF074A054B0121180052
:1033C0000BF067FE00231800BD4608B0B0BDC04634
:1033D000AC320020981A0020F232000090B587B07D
:1033E00000AF39001F4B002218000BF025FC1424FD
:1033F00039191C4B002218000BF00CFD3B00DB7848
:10340000DB09DBB20133DAB2174BDA743B005B68DD
:103410005B089AB2144BDA813B009A78124B1A740B
:103420003B005A78104B5A743B001A780E4B9A7432
:103430003B199A780C4B5A753B195A780A4B9A7576
:103440003B191A78084B1A753B19DB78FA22D2001F
:10345000944663449AB2044B1A83C046BD4607B0F3
:1034600090BDC046AC320020981A002090B597B0AD
:1034700000AF78600C243B1918004C231A0000217F
:103480000FF07BFD7B681B68134A934220D13B19E8
:10349000802292021A603B19802292001A643B1922
:1034A00018000AF0A7FF0D4BDA6D0C4B80210902C2
:1034B0000A43DA65094BDA6B084B8021C9000A43DD
:1034C000DA63064BDA6B8023DB001340BB60BB681A
:1034D000C046BD4617B090BD002800400010024015
:1034E00080B582B000AF78607B681B68094A934260
:1034F0000BD1094BDA6D084B08490A40DA65064BD7
:10350000DA6B054B06490A40DA63C046BD4602B095
:1035100080BDC0460028004000100240FF7FFFFF32
:10352000FFFBFFFF80B582B000AF174B1A6C164B44
:10353000802189020A431A64134B1A6C80239B0270
:1035400013407B607B68114B114A1A600F4B2F228E
:103550005A600E4B00229A600C4B0E4ADA600B4BFD
:1035600000221A61094B00225A61084B00229A611D
:10357000064B18000BF0C5FD044B18000BF022FEA3
:10358000C046BD4602B080BD001002402833002076
:1035900000440140FFFF000080B582B000AF174B30
:1035A0001A6C164B8021C9020A431A64134B1A6C19
:1035B0008023DB0213407B607B68114B114A1A6049
:1035C0000F4B114A5A600E4B00229A600C4B0F4A67
:1035D000DA600B4B00221A61094B00225A61084B3A
:1035E00000229A61064B18000BF08BFD044B18006B
:1035F0000BF0E8FDC046BD4602B080BD00100240A1
:1036000074330020004801407FBB0000FFFF000032
:1036100080B584B000AF0200BB1D1A800023FB60A0
:1036200004F0AEFEBB1D1B88002B0DD0094B1B68A0
:103630005B6AFB60C046074B1B685A6AFB68D21A7C
:10364000BB1D1B889A42F6D904F0ACFEC046BD46AD
:1036500004B080BD2833002080B584B000AF0200E4
:10366000BB1D1A800023FB6004F08AFEBB1D1B8873
:10367000002B0DD0094B1B685B6AFB60C046074BF3
:103680001B685A6AFB68D21ABB1D1B889A42F6D97E
:1036900004F088FEC046BD4604B080BD74330020EF
:1036A00080B500AF1B4B1C4A1A601A4BE122120373
:1036B0005A60184B00229A60164B0022DA60154BB4
:1036C00000221A61134B0C225A61124B00229A619C
:1036D000104B0022DA610F4B00221A620D4B0022C0
:1036E0005A620C4B00229A620A4B18000BF05CFEE7
:1036F000084B002118000DF06FFE064B002118004A
:103700000DF0AAFE034B18000DF02CFEC046BD467E
:1037100080BDC046D82B00200038014080B500AFE6
:103720001B4B1C4A1A601A4BE12212035A60184BB9
:1037300000229A60164B0022DA60154B00221A61B3
:10374000134B0C225A61124B00229A61104B00223B
:10375000DA610F4B00221A620D4B00225A620C4BA9
:1037600000229A620A4B18000BF01EFE084B002143
:1037700018000DF031FE064B002118000DF06CFE14
:10378000034B18000DF0EEFDC046BD4680BDC0469F
:103790006C2C00200044004080B500AF144B154A4B
:1037A0001A60134BE12212035A60114B00229A60F7
:1037B0000F4B0022DA600E4B00221A610C4B0C22D8
:1037C0005A610B4B00229A61094B0022DA61084BC7
:1037D00000221A62064B00225A62054B00229A62AE
:1037E000034B18000BF0E0FDC046BD4680BDC0464F
:1037F000942D0020004C004080B500AF144B154ABA
:103800001A60134BE12212035A60114B00229A6096
:103810000F4B0022DA600E4B00221A610C4B0C2277
:103820005A610B4B00229A61094B0022DA61084B66
:1038300000221A62064B00225A62054B00229A624D
:10384000034B18000BF0B0FDC046BD4680BDC0461E
:10385000282E00200050004080B500AF144B154AC0
:103860001A60134BE12212035A60114B00229A6036
:103870000F4B0022DA600E4B00221A610C4B0C2217
:103880005A610B4B00229A61094B0022DA61084B06
:1038900000221A62064B00225A62054B00229A62ED
:1038A000034B18000BF080FDC046BD4680BDC046EE
:1038B000BC2E0020003C0140B0B5A4B000AF786041
:1038C0007C243B19180014231A0000210FF055FB2B
:1038D00030257B1918004C231A0000210FF04DFBF6
:1038E0007B681B68EA4A934274D17B1901221A60F3
:1038F0007B1902225A607B1918000AF07BFDE54B08
:103900001A6CE44B8021C9010A431A64E14B1A6C1A
:103910008023DB011340FB62FB6ADE4B5A6BDD4BFD
:1039200001210A435A63DB4B5B6B01221340BB62EC
:10393000BB6A3B19C022D2001A6021007B18022208
:103940005A607B1800229A607B180022DA607B188C
:1039500001221A617A18A023DB051100180009F072
:103960009DFDCD4BCD4A1A60CB4B32225A60CA4BDB
:1039700000229A60C84B0022DA60C74B80221A618D
:10398000C54B00225A61C44B00229A61C24B2022CF
:10399000DA61C14B00221A627B681800FDF7ECF86F
:1039A00003005A1EBE4B9200BB49D150BA4B1800BF
:1039B00009F050F87B688021B74A5A50B64B7A68B4
:1039C0009A62002200211B2008F0D8FD1B2008F07D
:1039D000EAFDEBE17B681B68B24A934274D1302167
:1039E0007B1802221A607B1808229A607B18180044
:1039F0000AF000FDA74BDA6BA64B802189020A432F
:103A0000DA63A44BDA6B80239B0213407B627B6AF0
:103A1000A04B5A6B9F4B01210A435A639D4B5B6B32
:103A2000012213403B623B6A7C217B180C221A6006
:103A30007B1802225A607B1800229A607B180022B1
:103A4000DA607B1801221A617A18A023DB051100C5
:103A5000180009F023FD944B944A1A60924B3422CB
:103A60005A60914B00229A608F4B0022DA608E4B95
:103A700080221A618C4B00225A618B4B00229A6182
:103A8000894B2022DA61884B00221A627B68180079
:103A9000FDF772F803005A1E814B92008249D15003
:103AA000814B180008F0D6FF7B6880217E4A5A506F
:103AB0007D4B7A689A62002200211C2008F05EFD8E
:103AC0001C2008F070FD71E17B681B68784A934206
:103AD00000D16BE17B681B68764A934269D16D4BDC
:103AE000DA6B6C4B802109030A43DA63694BDA6BAA
:103AF00080231B031340FB61FB69664B5A6B654BCC
:103B000001210A435A63634B5B6B01221340BB6183
:103B1000BB697C217B1803221A607B1802225A6041
:103B20007B1800229A607B180022DA607B1804223E
:103B30001A617A18A023DB051100180009F0AEFC09
:103B40005D4B5E4A1A605C4B38225A605A4B002229
:103B50009A60594B0022DA60574B80221A61564B0B
:103B600000225A61544B00229A61534B2022DA61A1
:103B7000514B00221A627B681800FCF7FDFF03001E
:103B80005A1E474B92004C49D1504B4B180008F03D
:103B900061FF7B688021484A5A50474B7A689A6295
:103BA000002200211D2008F0E9FC1D2008F0FBFC8C
:103BB000FCE07B681B68424A934200D088E0354BAA
:103BC000DA6B344B802149000A43DA63314BDA6BFC
:103BD00080235B0013407B617B692E4B5A6B2D4B1E
:103BE00008210A435A632B4B5B6B082213403B614D
:103BF0003B697C217B180C221A607B1802225A60D8
:103C00007B1800229A607B180022DA607B1803225E
:103C10001A617B182B4A1900100009F03FFC2A4B4F
:103C20002A4A1A60284B4A225A60274B00229A607F
:103C3000254B0022DA60244B80221A61224B00229D
:103C40005A61214B00229A611F4B2022DA611E4BE0
:103C500000221A627B681800FCF78EFF03005A1ED0
:103C60000F4B92001849D150174B180008F0F2FE84
:103C70007B688021144A5A50134B7A689A6200225A
:103C800000211D2008F07AFC1D2008F08CFC8DE03E
:103C9000003801400010024020340020080002409B
:103CA0009430002000440040803400201C0002407A
:103CB00000480040004C00404035002044000240D5
:103CC00000500040000C0050A03500205800024079
:103CD0007B681B68374A934268D1374BDA6B364BA7
:103CE000802189000A43DA63334BDA6B80239B001F
:103CF0001340FB60FB68304B5A6B2F4B02210A4389
:103D00005A632D4B5B6B02221340BB60BB687C2166
:103D10007B1830221A607B1802225A607B1800221E
:103D20009A607B180022DA607B1803221A617A18E5
:103D3000A023DB051100180009F0B0FB1F4B204A3F
:103D40001A601E4B4C225A601C4B00229A601B4B7F
:103D50000022DA60194B80221A61184B00225A6146
:103D6000164B00229A61154B2022DA61134B002278
:103D70001A627B681800FCF7FFFE03005A1E114B05
:103D800092000E49D1500D4B180008F063FE7B687D
:103D900080210A4A5A50094B7A689A62002200210F
:103DA0001D2008F0EBFB1D2008F0FDFBC046BD46C2
:103DB00024B0B0BD003C014000100240003600209D
:103DC0006C00024094300020B0B586B000AFB960FE
:103DD00011007B600F243B19021C1A700C23FB1886
:103DE0000A1C1A801723FB1801221A703B191B7832
:103DF000180000F09FF8031E32D03B191A781C4BB4
:103E00009200D3587A681100180003F0F5FE031EE3
:103E100026D113E00F23FB181B78180000F08AF856
:103E200005001723FC18B86A0C23FB181A88B96818
:103E3000030028000BF056FB030023701722BB1869
:103E40001B78002B03D0BB181B78032BE2D10F2368
:103E5000FB181A78064B9200D358180003F016FF8F
:103E60001723FB181B781800BD4606B0B0BDC0462E
:103E700054220020F0B587B000AFB96011007B601C
:103E80000F243B19021C1A700C257B190A1C1A807E
:103E90001726BB1901221A703B191B78180000F075
:103EA00049F8031E19D03B191A78114B9200D358C8
:103EB0007A681100180003F09FFE031E0DD13B1914
:103EC0001B78180000F036F8BC197B191A88BB68FB
:103ED00019000BF0ABFB03002370052007F098F9E5
:103EE0001723FB181B781800BD4607B0F0BDC0466D
:103EF0005422002090B585B000AF02003960FB1D50
:103F00001A700F243B1900221A70FB1D1B78180031
:103F100000F010F80300BB60BB683A685A60BB68E9
:103F200018000BF041FA3B191B781800BD4605B08C
:103F300090BD000080B582B000AF0200FB1D1A707A
:103F4000FB1D1B78052B0ED89A00094BD3181B6854
:103F50009F46084B08E0084B06E0084B04E0084B7E
:103F600002E0084B00E000231800BD4602B080BD0F
:103F700058A80208942D00206C2C0020BC2E002094
:103F8000D82B0020282E002080B582B000AF7860AA
:103F90000A00FB1C1A707B68002B76D0FB1C1B7878
:103FA000012B37D17B681800FCF7E6FD0300013BCD
:103FB000802212021A411100364B1B785A1E364BD2
:103FC0005200D35A1AB20BB2134319B2314B1B78B9
:103FD0005A1E89B2304B5200D1527B6808229A6235
:103FE0007B68802212029A637B6818000BF0DCF970
:103FF0007B681800FCF7C0FD03005A1E13005B002D
:104000009B189B01254A99187B68C02218000DF067
:1040100065FA3AE0FB1C1B78002B36D17B68180050
:10402000FCF7AAFD0300013B802212021A41130093
:10403000D943184B1B785A1E174B5200D35A1BB248
:104040000AB2134019B2134B1B785A1E89B2124B95
:104050005200D1527B6808229A627B6800229A63E0
:104060007B6818000BF0A0F97B681800FCF784FD52
:1040700003005A1E13005B009B189B01074A991806
:104080007B68C02218000DF029FAC046BD4602B078
:1040900080BDC046941A0020601A0020B81D002080
:1040A00080B582B000AFFB1D00221A70BB1D01223B
:1040B0001A7035E0204B1B78BA1D12789A4211D045
:1040C000BB1D1B78002213211800F6F769FF322070
:1040D000FFF7C2FA194B1B78002B1CD0FB1D0222E4
:1040E0001A7018E07B1D01221A7010E0124B1B7829
:1040F000591E114B1B785A1E114B4900C95A104BBF
:104100005200D1527B1D1A787B1D01321A707B1D23
:104110001B78052BEAD9BB1D1A78BB1D01321A701A
:10412000084B1B78BA1D12789A42C3D9FB1D1B7825
:104130001800BD4602B080BD941A0020B51A0020B8
:10414000601A00207C00002080B586B000AF02001D
:10415000FB1D1A700F23FB1800221A701623FB1880
:1041600000221A8001233B6118E03B69DBB2180092
:10417000FFF7E0FE03009A6B80231B029A420AD1EC
:104180001622BB181B88BA18591C11801A003B69EB
:10419000D9B20C4B99543B6901333B613B69052B08
:1041A000E3DD1623FB181A88FB1D1B781421180069
:1041B000F6F7F6FE0F23FB181B781800BD4606B075
:1041C00080BDC046680B002080B582B000AFBB1D2B
:1041D00000221A70FB1D01221A7029E0194B1B786E
:1041E0005A1E194B5200D35A1900FB1D1B78013B74
:1041F000802212021A4113000B400AD1FB1D1B78CA
:104200001800FFF797FE030000211800FFF7BCFE1F
:1042100009E0FB1D1B781800FFF78CFE030001214D
:104220001800FFF7B1FEFB1D1A78FB1D01321A7052
:10423000FB1D1B78052BD1D9BB1D1B781800BD4673
:1042400002B080BD941A0020601A002017488546ED
:1042500000F045F816481749174A002302E0D458E1
:10426000C4500433C4188C42F9D3144A144C0023AC
:1042700001E013600432A242FBD3124812490268E3
:1042800000608A4205D000F02AF80EF063FF0DF0BE
:104290000FFA0E480E4901600E480D4901600E48A4
:1042A00001688D4640680047FEE70000004002209C
:1042B00000000020240900200CB00208280900207A
:1042C000C49D0120F03F0220EFBEADDE4010024051
:1042D00001000000000001400000FF1FFEE780B564
:1042E00000AFC046BD4680BD80B582B000AF7860EB
:1042F0007B689B6801221A437B689A60C046BD4672
:1043000002B080BD80B582B000AF786039607B6854
:104310009B68182293431A003B681A437B689A6093
:10432000C046BD4602B080BD80B582B000AF7860A7
:1043300039607B683A685A61C046BD4602B080BDAC
:1043400080B582B000AF786039607B683A681A60E7
:10435000C046BD4602B080BD80B584B000AF786075
:104360000A00BB1C1A807B68FB60FB68BA1C1288C1
:104370001A80C046BD4604B080BD80B582B000AF93
:1043800078607B681B689BB21800BD4602B080BD98
:1043900080B584B000AF7860074B996B064B7A68A4
:1043A0000A439A63044B9B6B7A681340FB60FB687B
:1043B000C046BD4604B080BD00100240B0B590B00C
:1043C00000AF0200FB1D1A701A23FB1805221A7099
:1043D0000023FB630023BB6300237B6300233B6359
:1043E0000023FB620023BB6200237B6200233B624D
:1043F0000023FB61002200233A617B611B23FB1831
:1044000000221A700E23FB1800221A8003F098FB7A
:10441000031E02D00E2301F0FDFB03F063FAC44B30
:1044200001221A70C34B1A68C0239B0413400ED09C
:10443000C04B1A68C0239B041A4080235B049A4235
:104440000BD1BD4B1A6880239B03134005D1BB4B96
:104450001B689B02BA4A134005E0B84B1B689B02DD
:104460005B08B84A1340F722D20219001000EBF79C
:10447000F7FE0B00DB0AFB636BE0FB6B8022520252
:1044800094466344DC02AB4B1A68C0239B04134080
:104490000ED0A84B1A68C0239B041A4080235B04EB
:1044A0009A420BD1A44B1A6880239B03134005D179
:1044B000A24B1B689B02A24A134005E09F4B1B685E
:1044C0009B025B089F4A13401900F723D802EBF7C1
:1044D00041FE03001900974B1A68C0239B04134048
:1044E0000ED0944B1A68C0239B041A4080235B04AF
:1044F0009A420BD1904B1A6880239B03134005D13D
:104500008E4B1B689B028E4A134005E08B4B1B6849
:104510009B025B088B4A13404B43E318BB630023A9
:104520007B630EE0BA6B7B6BD218874B1A60BA6B59
:104530007B6BD3181A685B683A617B617B6B0833CD
:104540007B637A6B80231B019A42EBD3FB6B0133B5
:10455000FB63784B1A68C0239B0413400ED0754B45
:104560001A68C0239B041A4080235B049A420BD133
:10457000714B1A6880239B03134005D16F4B1B6856
:104580009B026F4A134005E06C4B1B689B025B0863
:104590006C4A1340F722D20219001000EBF760FEBC
:1045A0000B00DB0A0833FA6B9A4200D265E7604BD6
:1045B00000221A705F4B1A68C0239B0413400ED070
:1045C0005C4B1A68C0239B041A4080235B049A4208
:1045D0000BD1594B1A6880239B03134005D1574BCD
:1045E0001B689B02564A134005E0544B1B689B0214
:1045F0005B08544A1340F722D20219001000EBF76F
:104600002FFE0B00DB0AFB6377E0FB6B802252027C
:1046100094466344DC02474B1A68C0239B04134052
:104620000ED0444B1A68C0239B041A4080235B04BD
:104630009A420BD1404B1A6880239B03134005D14B
:104640003E4B1B689B023E4A134005E03B4B1B68F8
:104650009B025B083B4A13401900F723D802EBF793
:1046600079FD03001900334B1A68C0239B041340E3
:104670000ED0304B1A68C0239B041A4080235B0481
:104680009A420BD12C4B1A6880239B03134005D10F
:104690002A4B1B689B022A4A134005E0274B1B68E4
:1046A0009B025B08274A13404B43E318BB631A2560
:1046B0007C19BB6B180003F0C5F8030023707B194D
:1046C0001B78022B03D07B191B78012B03D1FB6ACB
:1046D0000133FB620EE01A23FB181B78032B09D170
:1046E000BB6A002B01D1FB6B3B62FB6B7B62BB6A3D
:1046F0000133BB62FB6B0133FB630E4B1A68C023B3
:104700009B0413400ED00B4B1A68C0239B041A4025
:1047100080235B049A4219D1074B1A6880239B03BC
:10472000134013D1054B1B689B02054A134013E04D
:10473000683600200075FF1F20200240E075FF1F33
:1047400000FC0F0000FE070064360020BE4B1B6813
:104750009B025B08BD4A1340F722D20219001000E9
:10476000EBF77EFD0B00DB0A0833FA6B9A4200D2AE
:104770004BE7FB6A002B00D01AE1BB6A002B00D18B
:1047800010E1B34B1A68C0239B0413400ED0B04B0A
:104790001A68C0239B041A4080235B049A420BD101
:1047A000AC4B1A6880239B03134005D1A64B1B68B2
:1047B0009B02A94A134005E0A34B1B689B025B08C0
:1047C000A24A1340F722D20219001000EBF748FD6D
:1047D0000B00DB0A3A6AD31A0733072213401C0086
:1047E0009B4B1A68C0239B0413400ED0984B1A6849
:1047F000C0239B041A4080235B049A420BD1954B43
:104800001A6880239B03134005D18F4B1B689B02C2
:10481000914A134005E08C4B1B689B025B088B4A56
:104820001340F722D20219001000EBF719FD0B001C
:10483000DB0AE3188022520294466344DC02844B74
:104840001A68C0239B0413400ED0814B1A68C02302
:104850009B041A4080235B049A420BD17D4B1A685B
:1048600080239B03134005D1774B1B689B027A4A38
:10487000134005E0744B1B689B025B08734A1340AE
:104880001900F723D802EBF765FC03001900704B01
:104890001A68C0239B0413400ED06D4B1A68C023C6
:1048A0009B041A4080235B049A420BD1694B1A681F
:1048B00080239B03134005D1634B1B689B02664A10
:1048C000134005E0604B1B689B025B085F4A134086
:1048D0004B43E318180002F0B5FF0300042B67D127
:1048E0005B4B1A68C0239B0413400ED0584B1A68C8
:1048F000C0239B041A4080235B049A420BD1554B82
:104900001A6880239B03134005D14F4B1B689B0201
:10491000514A134005E04C4B1B689B025B084B4A15
:104920001340F722D20219001000EBF799FC0B009C
:10493000DB0A7A6AD31A0133072213401C00444B66
:104940001A68C0239B0413400ED0414B1A68C02341
:104950009B041A4080235B049A420BD13D4B1A689A
:1049600080239B03134005D1374B1B689B023A4AB7
:10497000134005E0344B1B689B025B08334A13402D
:10498000F722D20219001000EBF76AFC0B00DB0AD9
:10499000E3180121180002F0A3FD031E08D0022332
:1049A00001F038F9002001F043F9030001F032F979
:1049B000274B1A68C0239B0413400ED0244B1A685F
:1049C000C0239B041A4080235B049A420BD1214BE5
:1049D0001A6880239B03134005D11B4B1B689B0265
:1049E0001D4A134005E0184B1B689B025B08174AE1
:1049F0001340F722D20219001000EBF731FC0B0034
:104A0000DB0AFB635AE2FB6B80225202944663444A
:104A1000DC020F4B1A68C0239B0413400ED00C4BD2
:104A20001A68C0239B041A4080235B049A4215D164
:104A3000084B1A6880239B0313400FD1024B1B685D
:104A40009B02054A13400FE0E075FF1F00FE0700C0
:104A50000075FF1F2020024000FC0F00CD4B1B689B
:104A60009B025B08CC4A13401900F723D802EBF7EE
:104A700071FB03001900C94B1A68C0239B04134043
:104A80000ED0C64B1A68C0239B041A4080235B04D7
:104A90009A420BD1C24B1A6880239B03134005D165
:104AA000BC4B1B689B02BF4A134005E0B94B1B6817
:104AB0009B025B08B84A13404B43E318BB631A25BB
:104AC0007C19BB6B180002F0BDFE030023707B193C
:104AD0001B78012B00D0EEE1B04B1A68C0239B0479
:104AE00013400ED0AD4B1A68C0239B041A4080239C
:104AF0005B049A420BD1AA4B1A6880239B03134094
:104B000005D1A44B1B689B02A64A134005E0A14BAC
:104B10001B689B025B08A04A1340F722D2021900CF
:104B20001000EBF79DFB0B00DB0AFA6B9A4200D1F9
:104B3000E6E09A4B1A68C0239B0413400ED0974BB3
:104B40001A68C0239B041A4080235B049A420BD14D
:104B5000934B1A6880239B03134005D18D4B1B6830
:104B60009B02904A134005E08A4B1B689B025B083E
:104B7000894A1340F722D20219001000EBF770FBAC
:104B80000B00DB0A0433FA6B9A4200D1B8E0834B86
:104B90001A68C0239B0413400ED0804B1A68C023B0
:104BA0009B041A4080235B049A420BD17C4B1A6809
:104BB00080239B03134005D1764B1B689B02794AE7
:104BC000134005E0734B1B689B025B08724A13405D
:104BD000F722D20219001000EBF742FB0B00DB0AB0
:104BE000FA6BD31A0733072213401C006B4B1A6869
:104BF000C0239B0413400ED0684B1A68C0239B044B
:104C00001A4080235B049A420BD1654B1A688023BB
:104C10009B03134005D15F4B1B689B02614A134005
:104C200005E05C4B1B689B025B085B4A1340F72264
:104C3000D20219001000EBF713FB0B00DB0AE3189C
:104C40008022520294466344DC02544B1A68C0230B
:104C50009B0413400ED0514B1A68C0239B041A408A
:104C600080235B049A420BD14D4B1A6880239B032F
:104C7000134005D1474B1B689B024A4A134005E08D
:104C8000444B1B689B025B08434A13401900F723FF
:104C9000D802EBF75FFA03001900404B1A68C023F3
:104CA0009B0413400ED03D4B1A68C0239B041A404E
:104CB00080235B049A420BD1394B1A6880239B03F3
:104CC000134005D1334B1B689B02364A134005E065
:104CD000304B1B689B025B082F4A13404B43E31881
:104CE000180002F0AFFD0300032B04D11B23FB18B7
:104CF00000221A70C5E01B23FB1801221A70C0E0C5
:104D0000264B1A68C0239B0413400ED0234B1A680D
:104D1000C0239B041A4080235B049A420BD1204B92
:104D20001A6880239B03134005D11A4B1B689B0212
:104D30001C4A134005E0174B1B689B025B08164A90
:104D40001340F722D20219001000EBF789FA0B008A
:104D5000DB0AFA6BD31A0133072213401C000F4BF6
:104D60001A68C0239B0413400ED00C4B1A68C02352
:104D70009B041A4080235B049A4215D1084B1A68A1
:104D800080239B0313400FD1024B1B689B02054AF3
:104D900013400FE0E075FF1F00FE07000075FF1FC6
:104DA0002020024000FC0F00C54B1B689B025B08E3
:104DB000C44A1340F722D20219001000EBF750FA50
:104DC0000B00DB0AE3188022520294466344DC02A3
:104DD000BD4B1A68C0239B0413400ED0BA4B1A680F
:104DE000C0239B041A4080235B049A420BD1B74B2B
:104DF0001A6880239B03134005D1B14B1B689B02AB
:104E0000B34A134005E0AE4B1B689B025B08AD4AFA
:104E100013401900F723D802EBF79CF9030019009F
:104E2000A94B1A68C0239B0413400ED0A64B1A68E6
:104E3000C0239B041A4080235B049A420BD1A34BEE
:104E40001A6880239B03134005D19D4B1B689B026E
:104E50009F4A134005E09A4B1B689B025B08994AE6
:104E600013404B43E318180002F0ECFC031E04D17E
:104E70001B23FB1800221A7003E01B23FB180122DE
:104E80001A701B23FB181B78002B14D1FB6BDAB2B2
:104E9000904B1A7001220021002001F0D5FD030083
:104EA0001A0080235B009A4202D00C2300F0B2FE6D
:104EB0000123FB6130E0FB6B0133FB63824B1A681B
:104EC000C0239B0413400ED07F4B1A68C0239B0461
:104ED0001A4080235B049A420BD17C4B1A688023D2
:104EE0009B03134005D1764B1B689B02784A134005
:104EF00005E0734B1B689B025B08724A1340F72264
:104F0000D20219001000EBF7ABF90B00DB0A0833F3
:104F1000FA6B9A4200D276E500233B636A4B1A682B
:104F2000C0239B0413400ED0674B1A68C0239B0418
:104F30001A4080235B049A420BD1644B1A68802389
:104F40009B03134005D15E4B1B689B02604A1340D4
:104F500005E05B4B1B689B025B085A4A1340F72233
:104F6000D20219001000EBF77BF90B00DB0AFB63A0
:104F70005EE2FB6B8022520294466344DC02524B99
:104F80001A68C0239B0413400ED04F4B1A68C023ED
:104F90009B041A4080235B049A420BD14B4B1A6846
:104FA00080239B03134005D1454B1B689B02484A55
:104FB000134005E0424B1B689B025B08414A1340CB
:104FC0001900F723D802EBF7C5F8030019003E4B90
:104FD0001A68C0239B0413400ED03B4B1A68C023B1
:104FE0009B041A4080235B049A420BD1374B1A680A
:104FF00080239B03134005D1314B1B689B02344A2D
:10500000134005E02E4B1B689B025B082D4A1340A2
:105010004B43E318BB631A257C19BB6B180002F0E5
:1050200011FC030023707B191B78022B00D0F5E1E3
:10503000254B1A68C0239B0413400ED0224B1A68DC
:10504000C0239B041A4080235B049A420BD11F4B60
:105050001A6880239B03134005D1194B1B689B02E0
:105060001B4A134005E0164B1B689B025B08154A60
:105070001340F722D20219001000EBF7F1F80B00F1
:10508000DB0AFA6B9A4200D1F2E00F4B1A68C02398
:105090009B0413400ED00C4B1A68C0239B041A408B
:1050A00080235B049A4217D1084B1A6880239B0324
:1050B000134011D1024B1B689B02054A134011E0BB
:1050C000E075FF1F00FE07000075FF1F2020024053
:1050D00000FC0F0062360020CA4B1B689B025B0875
:1050E000C94A1340F722D20219001000EBF7B8F8B2
:1050F0000B00DB0A0433FA6B9A4200D1B8E0C34BD1
:105100001A68C0239B0413400ED0C04B1A68C023FA
:105110009B041A4080235B049A420BD1BC4B1A6853
:1051200080239B03134005D1B64B1B689B02B94AF1
:10513000134005E0B34B1B689B025B08B24A134067
:10514000F722D20219001000EBF78AF80B00DB0AF5
:10515000FA6BD31A0733072213401C00AB4B1A68B3
:10516000C0239B0413400ED0A84B1A68C0239B0495
:105170001A4080235B049A420BD1A54B1A68802306
:105180009B03134005D19F4B1B689B02A14A134010
:1051900005E09C4B1B689B025B089B4A1340F7226F
:1051A000D20219001000EBF75BF80B00DB0AE318E2
:1051B0008022520294466344DC02944B1A68C02356
:1051C0009B0413400ED0914B1A68C0239B041A40D5
:1051D00080235B049A420BD18D4B1A6880239B037A
:1051E000134005D1874B1B689B028A4A134005E098
:1051F000844B1B689B025B08834A13401900F7230A
:10520000D802EAF7A7FF03001900804B1A68C023F1
:105210009B0413400ED07D4B1A68C0239B041A4098
:1052200080235B049A420BD1794B1A6880239B033D
:10523000134005D1734B1B689B02764A134005E06F
:10524000704B1B689B025B086F4A13404B43E3188B
:10525000180002F0F7FA0300032B04D11B23FB18FC
:1052600000221A70BBE01B23FB1801221A70B6E063
:10527000664B1A68C0239B0413400ED0634B1A6818
:10528000C0239B041A4080235B049A420BD1604BDD
:105290001A6880239B03134005D15A4B1B689B025D
:1052A0005C4A134005E0574B1B689B025B08564A5B
:1052B0001340F722D20219001000EAF7D1FF0B00C9
:1052C000DB0AFA6BD31A0133072213401C004F4B41
:1052D0001A68C0239B0413400ED04C4B1A68C0239D
:1052E0009B041A4080235B049A420BD1484B1A68F6
:1052F00080239B03134005D1424B1B689B02454A08
:10530000134005E03F4B1B689B025B083E4A13407D
:10531000F722D20219001000EAF7A2FF0B00DB0A05
:10532000E3188022520294466344DC02374B1A6829
:10533000C0239B0413400ED0344B1A68C0239B0437
:105340001A4080235B049A420BD1314B1A688023A8
:105350009B03134005D12B4B1B689B022D4A134026
:1053600005E0284B1B689B025B08274A1340190085
:10537000F723D802EAF7EEFE03001900234B1A6860
:10538000C0239B0413400ED0204B1A68C0239B04FB
:105390001A4080235B049A420BD11D4B1A6880236C
:1053A0009B03134005D1174B1B689B02194A1340FE
:1053B00005E0144B1B689B025B08134A13404B43E8
:1053C000E318180002F03EFA031E04D11B23FB1859
:1053D00000221A7003E01B23FB1801221A701B2302
:1053E000FB181B78002B20D13B6B002B07D1FB6BEC
:1053F000DAB2094B1A703B6B01333B6315E00A23A9
:1054000000F008FCE075FF1F00FE07000075FF1F9D
:105410002020024000FC0F00623600201A23FB18F7
:105420001B78032B01D1FB6B7B62FB6B0133FB63AE
:10543000CD4B1A68C0239B0413400ED0CA4B1A6888
:10544000C0239B041A4080235B049A420BD1C74BB4
:105450001A6880239B03134005D1C54B1B689B0230
:10546000C44A134005E0C24B1B689B025B08C24A5A
:105470001340F722D20219001000EAF7F1FE0B00E8
:10548000DB0A0833FA6B9A4200D272E53B6B002BC1
:1054900000D06BE07B6ADCB2B34B1A68C0239B047C
:1054A00013400ED0B04B1A68C0239B041A408023CF
:1054B0005B049A420BD1AD4B1A6880239B031340C7
:1054C00005D1AB4B1B689B02AA4A134005E0A84BD1
:1054D0001B689B025B08A84A1340F722D2021900FE
:1054E0001000EAF7BDFE0B00DB0ADBB2E31ADBB209
:1054F0000133DBB207221340DCB29B4B1A68C02396
:105500009B0413400ED0984B1A68C0239B041A408A
:1055100080235B049A420BD1944B1A6880239B032F
:10552000134005D1924B1B689B02924A134005E041
:105530008F4B1B689B025B088F4A1340F722D202F5
:1055400019001000EAF78CFE0B00DB0ADBB2E3184F
:10555000DAB28A4B1A70894B1B780221180001F0CD
:10556000BFFF031E02D0022300F054FB844B002235
:105570001A80844B20221A6020237B636DE07F4BCE
:105580001B788022520294466344DC02764B1A68F0
:10559000C0239B0413400ED0734B1A68C0239B0496
:1055A0001A4080235B049A420BD1704B1A68802307
:1055B0009B03134005D16E4B1B689B026D4A134041
:1055C00005E06B4B1B689B025B086B4A134019009C
:1055D000F723D802EAF7BEFD03001900624B1A68F0
:1055E000C0239B0413400ED05F4B1A68C0239B045A
:1055F0001A4080235B049A420BD15C4B1A688023CB
:105600009B03134005D15A4B1B689B02594A134018
:1056100005E0574B1B689B025B08574A13404B43FE
:10562000E2187B6BD3181A685B683A617B613B694F
:10563000013303D17B69013300D113E0504B1B8848
:1056400001339AB24E4B1A804E4B1B6808331A0036
:105650004C4B1A607B6B08337B637A6B80231B0196
:105660009A428CD3454B1B78FB63444B1B783B62BF
:10567000D0E03D4B1A68C0239B0413400ED03A4B38
:105680001A68C0239B041A4080235B049A420BD102
:10569000364B1A6880239B03134005D1344B1B689B
:1056A0009B02344A134005E0314B1B689B025B08A8
:1056B000314A1340F722D20219001000EAF7D0FD58
:1056C0000B00DB0AFA6BD31A0733072213401C00C6
:1056D000254B1A68C0239B0413400ED0224B1A6836
:1056E000C0239B041A4080235B049A420BD11F4BBA
:1056F0001A6880239B03134005D11D4B1B689B0236
:105700001C4A134005E01A4B1B689B025B081A4AAF
:105710001340F722D20219001000EAF7A1FD0B0096
:10572000DB0AE318FB63FB6B80225202944663445E
:10573000DC020D4B1A68C0239B0413400ED00A4BA9
:105740001A68C0239B041A4080235B049A421BD131
:10575000064B1A6880239B03134015D1044B1B682A
:105760009B02044A134015E00075FF1F20200240F1
:10577000E075FF1F00FC0F0000FE070062360020EE
:1057800060360020CC010020C44B1B689B025B08E4
:10579000C34A13401900F723D802EAF7DBFC0300E1
:1057A0001900C04B1A68C0239B0413400ED0BD4B98
:1057B0001A68C0239B041A4080235B049A420BD1D1
:1057C000B94B1A6880239B03134005D1B34B1B6868
:1057D0009B02B64A134005E0B04B1B689B025B0876
:1057E000AF4A13404B43E3181A257C19180002F006
:1057F00029F8030023707B191B78032B08D1AC4BCD
:105800001B88FC339AB2AA4B1A80FB6B3B6201E007
:105810000A23FFE1A34B1A68C0239B0413400ED058
:10582000A04B1A68C0239B041A4080235B049A4251
:105830000BD19D4B1A6880239B03134005D1974BD6
:105840001B689B02994A134005E0944B1B689B021E
:105850005B08934A1340F722D20219001000EAF7BE
:10586000FFFC0B00DB0AFA6B9A422DD08D4B1A68B5
:10587000C0239B0413400ED08A4B1A68C0239B049C
:105880001A4080235B049A420BD1874B1A6880230D
:105890009B03134005D1814B1B689B02834A134035
:1058A00005E07E4B1B689B025B087D4A1340F72294
:1058B000D20219001000EAF7D3FC0B00DB0A043314
:1058C000FA6B9A4200D0D4E67A4B1B781C00754BD9
:1058D0001A68C0239B0413400ED0724B1A68C02371
:1058E0009B041A4080235B049A420BD16E4B1A68CA
:1058F00080239B03134005D1684B1B689B026B4AB6
:10590000134005E0654B1B689B025B08644A13402B
:10591000F722D20219001000EAF7A2FC0B00DB0A02
:10592000E31A0133072213401C005E4B1A68C023A0
:105930009B0413400ED05B4B1A68C0239B041A4093
:1059400080235B049A420BD1574B1A6880239B0338
:10595000134005D1514B1B689B02544A134005E08C
:105960004E4B1B689B025B084D4A1340F722D20244
:1059700019001000EAF774FC0B00DB0AE318FB6364
:10598000FB6B8022520294466344DC02454B1A684A
:10599000C0239B0413400ED0424B1A68C0239B04C3
:1059A0001A4080235B049A420BD13F4B1A68802334
:1059B0009B03134005D1394B1B689B023B4A1340A4
:1059C00005E0364B1B689B025B08354A1340190003
:1059D000F723D802EAF7BEFB03001900314B1A681F
:1059E000C0239B0413400ED02E4B1A68C0239B0487
:1059F0001A4080235B049A420BD12B4B1A688023F8
:105A00009B03134005D1254B1B689B02274A13407B
:105A100005E0224B1B689B025B08214A13404B4365
:105A2000E318BB63D9E0FB1D1B78002B08D1FB6B8F
:105A30000121180001F0A6FF031E14D00123E9E0A4
:105A400080231A01BB6B1100180000F0B4FD0300A5
:105A5000102B08D1FB6B0121180001F093FF031EEE
:105A600001D00123D6E00F4B1A68C0239B041340DA
:105A70000ED00C4B1A68C0239B041A4080235B0491
:105A80009A4219D1084B1A6880239B03134013D103
:105A9000024B1B689B02054A134013E0E075FF1F91
:105AA00000FE07000075FF1F2020024000FC0F00D1
:105AB0006036002062360020584B1B689B025B0852
:105AC000574A1340F722D20219001000EAF7C8FB28
:105AD0000B00DB0AFA6BD31A0133072213401C00B8
:105AE000504B1A68C0239B0413400ED04D4B1A68CC
:105AF000C0239B041A4080235B049A420BD14A4B7B
:105B00001A6880239B03134005D1444B1B689B02FA
:105B1000464A134005E0414B1B689B025B08404A24
:105B20001340F722D20219001000EAF799FB0B008C
:105B3000DB0AE318FB63FB6B80225202944663444A
:105B4000DC02384B1A68C0239B0413400ED0354B3F
:105B50001A68C0239B041A4080235B049A420BD12D
:105B6000314B1A6880239B03134005D12B4B1B68D4
:105B70009B022E4A134005E0284B1B689B025B08E2
:105B8000274A13401900F723D802EAF7E3FA030083
:105B90001900244B1A68C0239B0413400ED0214BDC
:105BA0001A68C0239B041A4080235B049A420BD1DD
:105BB0001D4B1A6880239B03134005D1174B1B68AC
:105BC0009B021A4A134005E0144B1B689B025B08BA
:105BD000134A13404B43E318BB63FA6B3B6A9A4288
:105BE00000D020E701F05EFFFB69002B11D10E25EC
:105BF0007C190021002001F09DFB030023807B190C
:105C00001B88002B05D07B191B88122B01D0022387
:105C100000E000231800BD4610B0B0BDE075FF1FC6
:105C200000FE07000075FF1F2020024000FC0F004F
:105C300090B585B000AF0200FB1D1A700023FB6019
:105C400001F07EFF031E01D00E2331E19A4B1A684A
:105C5000C0239B0413400ED0974B1A68C0239B04AB
:105C60001A4080235B049A420BD1944B1A6880231C
:105C70009B03134005D1924B1B689B02914A134032
:105C800005E08F4B1B689B025B088F4A1340F7228D
:105C9000D20219001000EAF7E3FA0B00DB0AFB60FE
:105CA00072E0FB1D1B78002B08D1FB680121180056
:105CB00001F068FE031E64D00123F9E0FB68802236
:105CC000520294466344DC027B4B1A68C0239B0457
:105CD00013400ED0784B1A68C0239B041A408023CF
:105CE0005B049A420BD1754B1A6880239B031340C7
:105CF00005D1734B1B689B02724A134005E0704B41
:105D00001B689B025B08704A13401900F723D802F6
:105D1000EAF720FA03001900674B1A68C0239B04B6
:105D200013400ED0644B1A68C0239B041A40802392
:105D30005B049A420BD1614B1A6880239B0313408A
:105D400005D15F4B1B689B025E4A134005E05C4B2C
:105D50001B689B025B085C4A13404B43E31880229C
:105D600012011100180000F026FC0300102B08D1CE
:105D7000FB680121180001F005FE031E01D001237C
:105D800096E0FB680133FB604B4B1A68C0239B0411
:105D900013400ED0484B1A68C0239B041A4080233E
:105DA0005B049A420BD1454B1A6880239B03134036
:105DB00005D1434B1B689B02424A134005E0404B10
:105DC0001B689B025B08404A1340F722D20219006D
:105DD0001000EAF745FA0B00DB0A0833FA689A422A
:105DE00000D25EE701F05EFE334B1A68C0239B04CD
:105DF00013400ED0304B1A68C0239B041A408023F6
:105E00005B049A420BD12D4B1A6880239B031340ED
:105E100005D12B4B1B689B022A4A134005E0284BF7
:105E20001B689B025B08284A1340F722D202190024
:105E30001000EAF715FA0B00DB0A0221180001F046
:105E40004FFB031E01D0022332E0204B00221A80B8
:105E5000194B1A68C0239B0413400ED0164B1A68C6
:105E6000C0239B041A4080235B049A420BD1134B3E
:105E70001A6880239B03134005D1114B1B689B02BA
:105E8000104A134005E00E4B1B689B025B080E4A4C
:105E90001340F722D20219001000EAF7E1F90B00D3
:105EA000DB0ADAB20A4B1A700A4B20221A6000236E
:105EB0001800BD4605B090BD0075FF1F20200240B0
:105EC000E075FF1F00FC0F0000FE07006036002099
:105ED00062360020CC010020B0B584B000AF0200D3
:105EE0003960BB1D1A80BB1D1B88002B1CD0BB1D3D
:105EF0001B88104A934217D00023BB600E257B19E4
:105F000000221A807C190823FA18BB1D1B88110077
:105F1000180000F087F903002380BB689AB23B6841
:105F20001A807B191B8800E008231800BD4604B0C6
:105F3000B0BDC046FFFF000080B582B000AF0200D8
:105F4000BB1D1A803B1D0A1C1A80BB1D1B88002B21
:105F50000ED0BB1D1B88094A934209D03B1D1A88ED
:105F6000BB1D1B881100180000F0FCFA030000E0C4
:105F700008231800BD4602B080BDC046FFFF0000E8
:105F800090B587B000AF00237B6100233B61002305
:105F9000FB600023BB60FB1D05221A70BB1D0522A0
:105FA0001A709B4B1A68C0239B0413400ED0984B69
:105FB0001A68C0239B041A4080235B049A420BD1C9
:105FC000944B1A6880239B03134005D1924B1B68A6
:105FD0009B02924A134005E08F4B1B689B025B08B3
:105FE0008F4A1340F722D20219001000EAF738F95D
:105FF0000B00DB0A7B61D8E07B6980225202944669
:106000006344DC02824B1A68C0239B0413400ED009
:106010007F4B1A68C0239B041A4080235B049A427A
:106020000BD17C4B1A6880239B03134005D17A4B1C
:106030001B689B02794A134005E0774B1B689B0263
:106040005B08774A13401900F723D802EAF782F871
:10605000030019006E4B1A68C0239B0413400ED036
:106060006B4B1A68C0239B041A4080235B049A423E
:106070000BD1684B1A6880239B03134005D1664BF4
:106080001B689B02654A134005E0634B1B689B023B
:106090005B08634A13404B43E318FB60FC1DFB683D
:1060A000180001F0CFFB03002370FB1D1B78042BAD
:1060B00000D077E07B6901333B6161E03B6980227E
:1060C000520294466344DC02514B1A68C0239B047D
:1060D00013400ED04E4B1A68C0239B041A408023F5
:1060E0005B049A420BD14B4B1A6880239B031340ED
:1060F00005D1494B1B689B02484A134005E0464BBB
:106100001B689B025B08464A13401900F723D8021C
:10611000EAF720F8030019003D4B1A68C0239B04DE
:1061200013400ED03A4B1A68C0239B041A408023B8
:106130005B049A420BD1374B1A6880239B031340B0
:1061400005D1354B1B689B02344A134005E0324BA6
:106150001B689B025B08324A13404B43E318BB6049
:10616000BC1DBB68180001F06DFB03002370BB1D54
:106170001B78042B01D0052346E03B6901333B61CA
:106180007B6904333A699A4298D37B6904211800E9
:1061900001F0F8FB031E01D0012335E001F082FC81
:1061A000002331E07B6904337B61194B1A68C023FB
:1061B0009B0413400ED0164B1A68C0239B041A4050
:1061C00080235B049A420BD1124B1A6880239B03F5
:1061D000134005D1104B1B689B02104A134005E089
:1061E0000D4B1B689B025B080D4A1340F722D2023D
:1061F00019001000EAF734F80B00DB0A08337A695B
:106200009A4200D2F8E605231800BD4607B090BDBB
:106210000075FF1F20200240E075FF1F00FC0F00EB
:1062200000FE0700F0B58FB000AF02003961162301
:10623000FB181A80002200233A627B6200237B63F2
:1062400000233B630023FB620023FB611B2310221E
:106250009B18DB1905221A70002000F0D3F9030007
:106260007B637B6B013301D103236CE17B6B802269
:10627000520294466344DE02B54B1A68C0239B0465
:1062800013400ED0B24B1A68C0239B041A408023DF
:106290005B049A420BD1AF4B1A6880239B031340D7
:1062A00005D1AD4B1B689B02AC4A134005E0AA4BDD
:1062B0001B689B025B08AA4A13401900F723D80207
:1062C000E9F748FF03001900A14B1A68C0239B049B
:1062D00013400ED09E4B1A68C0239B041A408023A3
:1062E0005B049A420BD19B4B1A6880239B0313409B
:1062F00005D1994B1B689B02984A134005E0964BC9
:106300001B689B025B08964A13404B43F3183B63A0
:106310001B2310229B18DE193B6B180001F092FA28
:1063200003003370FAE0FF23DB00FB623DE03A6BD1
:10633000FB6AD3181A685B683A627B623B6A013376
:1063400002D17B6A01332DD03A6A7B6A131C9BB25F
:106350001622BA1812889A4224D17B6A1B00BB60AD
:106360000023FB60B8683A6A7B6A131C9BB2190071
:1063700001F0D2FA0300FB617B6A1B043A6A140C39
:106380001C437B6A1D0CA3B21A00FB69934209D11E
:106390007B6A1B003B6000237B603A683B691A60A4
:1063A0000023D0E0FB6A083BFB62FB6A1F2BBED8D0
:1063B000674B1A68C0239B0413400ED0644B1A68C5
:1063C000C0239B041A4080235B049A420BD1614B8B
:1063D0001A6880239B03134005D15F4B1B689B0207
:1063E0005E4A134005E05C4B1B689B025B085C4AFD
:1063F0001340F722D20219001000E9F731FF0B0019
:10640000DB0A7A6BD31A0733072213401E00504B66
:106410001A68C0239B0413400ED04D4B1A68C0234A
:106420009B041A4080235B049A420BD1494B1A68A3
:1064300080239B03134005D1474B1B689B02474AAF
:10644000134005E0444B1B689B025B08444A134021
:10645000F722D20219001000E9F702FF0B00DB0A55
:10646000F3187B637B6B8022520294466344DE0206
:10647000374B1A68C0239B0413400ED0344B1A6864
:10648000C0239B041A4080235B049A420BD1314BFA
:106490001A6880239B03134005D12F4B1B689B0276
:1064A0002E4A134005E02C4B1B689B025B082C4ACC
:1064B00013401900F723D802E9F74CFE0300190036
:1064C000234B1A68C0239B0413400ED0204B1A683C
:1064D000C0239B041A4080235B049A420BD11D4BBE
:1064E0001A6880239B03134005D11B4B1B689B023A
:1064F0001A4A134005E0184B1B689B025B08184AB8
:1065000013404B43F3183B631B2310229B18DE19E7
:106510003B6B180001F096F9030033701B22102129
:106520005318DB191B78022B00D1FCE65318DB193A
:106530001B78032B00D1F6E65318DB191B78042BCC
:1065400000D1F0E607231800BD460FB0F0BDC046ED
:106550000075FF1F20200240E075FF1F00FC0F00A8
:1065600000FE0700B0B584B000AF02003960BB1D6B
:106570001A800E257B1900221A807C193A68BB1DEF
:106580001B881100180000F0D5FE030023807B1942
:106590001B88122B08D13968BB1D1B8800221800EC
:1065A00000F052FA030002E00E23FB181B881800CB
:1065B000BD4604B0B0BD80B584B000AF786039602E
:1065C0000E23FB1811221A800023BB600FE07A68AB
:1065D000BB68D3181A685B68511C01D1013303D022
:1065E0000E23FB1810221A80BB680833BB60BA6800
:1065F0003B689A42EBD30E23FB181B881800BD465C
:1066000004B080BD90B587B000AF0200FB1D1A70CA
:106610001723FB1805221A701623FB1805221A707F
:1066200000233B610023FB600023BB60CB4B1B7846
:106630003B613B698022520294466344DC02C84BB2
:106640001A68C0239B0413400ED0C54B1A68C023A0
:106650009B041A4080235B049A420BD1C14B1A68F9
:1066600080239B03134005D1BF4B1B689B02BF4A8D
:10667000134005E0BC4B1B689B025B08BC4A1340FF
:106680001900F723D802E9F765FD03001900B44BA0
:106690001A68C0239B0413400ED0B14B1A68C02364
:1066A0009B041A4080235B049A420BD1AD4B1A68BD
:1066B00080239B03134005D1AB4B1B689B02AB4A65
:1066C000134005E0A84B1B689B025B08A84A1340D7
:1066D0004B43E3181722BC18180001F0B3F803006D
:1066E00023709F4B1A68C0239B0413400ED09C4B11
:1066F0001A68C0239B041A4080235B049A420BD182
:10670000984B1A6880239B03134005D1964B1B6856
:106710009B02964A134005E0934B1B689B025B0863
:10672000934A1340F722D20219001000E9F798FDAE
:106730000B00DB0A3A69D31A0133072213401C000D
:10674000874B1A68C0239B0413400ED0844B1A68F1
:10675000C0239B041A4080235B049A420BD1814BD7
:106760001A6880239B03134005D17F4B1B689B0253
:106770007E4A134005E07C4B1B689B025B087C4A09
:106780001340F722D20219001000E9F769FD0B004F
:10679000DB0AE318FB60FB688022520294466344E4
:1067A000DC026F4B1A68C0239B0413400ED06C4B65
:1067B0001A68C0239B041A4080235B049A420BD1C1
:1067C000684B1A6880239B03134005D1664B1B68F6
:1067D0009B02664A134005E0634B1B689B025B0803
:1067E000634A13401900F723D802E9F7B3FC03000A
:1067F00019005B4B1A68C0239B0413400ED0584B02
:106800001A68C0239B041A4080235B049A420BD170
:10681000544B1A6880239B03134005D1524B1B68CD
:106820009B02524A134005E04F4B1B689B025B08DA
:106830004F4A13404B43E3181622BC18180001F0CE
:1068400001F803002370464B1A68C0239B041340D1
:106850000ED0434B1A68C0239B041A4080235B046C
:106860009A420BD13F4B1A6880239B03134005D1FA
:106870003D4B1B689B023D4A134005E03A4B1B68A9
:106880009B025B083A4A1340F722D202190010001B
:10689000E9F7E6FC0B00DB0A3A69D31A0733072253
:1068A00013401C002E4B1A68C0239B0413400ED0CB
:1068B0002B4B1A68C0239B041A4080235B049A4226
:1068C0000BD1284B1A6880239B03134005D1264B1C
:1068D0001B689B02254A134005E0234B1B689B0263
:1068E0005B08234A1340F722D20219001000E9F78F
:1068F000B7FC0B00DB0AE318BB60FB1D1B78022B07
:1069000000D18EE000DD96E0002B00D178E0012B75
:1069100000D090E01723FB181B78022B3BD1154BBE
:106920001A6880231B019A4201D23B6985E0162335
:10693000FB181B78042B06D1FFF722FB031E02D0A5
:1069400001235B4279E03B690321180000F0C8FD98
:10695000031E11D001235B426FE0C0466236002067
:106960000075FF1F20200240E075FF1F00FC0F0094
:1069700000FE0700CC010020FB680221180000F097
:10698000AFFD031E02D001235B4256E02D4B2022B7
:106990001A60FB6851E01723FB181B78012B2CD1E0
:1069A000284B1A6880231B019A4201D23B6944E0BC
:1069B0001623FB181B78042B06D1FFF7E1FA031E00
:1069C00002D001235B4238E03B690321180000F04C
:1069D00087FD031E02D001235B422EE0FB680121EC
:1069E000180000F07DFD031E02D001235B4224E06D
:1069F000144B20221A60FB681FE001235B421CE05D
:106A00001723FB181B78022B01D13B6915E01723D4
:106A1000FB181B78012B01D1BB680EE001235B4200
:106A20000BE01623FB181B78002B01D1FB6804E058
:106A300001235B4201E001235B421800BD4607B021
:106A400090BDC046CC010020B0B58AB000AF39601F
:106A50001100BB1D021C1A807B1D0A1C1A70272303
:106A6000FB1805221A700023BB6100233B62002340
:106A7000FB61002200233A617B610E23FB18002298
:106A80001A800023BB607B1D1B78002B01D10223E1
:106A900000E001231800FFF7B5FD03003B623B6AED
:106AA000013302D1042300F032FCCC4B00221A80C7
:106AB0003B6ADAB2CA4B1A70CA4B20221A607B1D9D
:106AC0001B78002B09D13B6A0121180000F008FD5A
:106AD000031E02D0022300F01AFCC34B1A68C02325
:106AE0009B0413400ED0C04B1A68C0239B041A406D
:106AF00080235B049A420BD1BC4B1A6880239B0312
:106B0000134005D1BA4B1B689B02BA4A134005E0FB
:106B1000B74B1B689B025B08B74A1340F722D202AF
:106B200019001000E9F79CFB0B00DB0A3A6AD31A44
:106B30000733072213401C00AB4B1A68C0239B0489
:106B400013400ED0A84B1A68C0239B041A40802320
:106B50005B049A420BD1A54B1A6880239B03134018
:106B600005D1A34B1B689B02A24A134005E0A04B32
:106B70001B689B025B08A04A1340F722D20219004F
:106B80001000E9F76DFB0B00DB0AE3183B623B6A80
:106B90008022520294466344DC02934B1A68C0235D
:106BA0009B0413400ED0904B1A68C0239B041A40DC
:106BB00080235B049A420BD18C4B1A6880239B0381
:106BC000134005D18A4B1B689B028A4A134005E09B
:106BD000874B1B689B025B08874A13401900F72309
:106BE000D802E9F7B7FA030019007F4B1A68C023EF
:106BF0009B0413400ED07C4B1A68C0239B041A40A0
:106C000080235B049A420BD1784B1A6880239B0344
:106C1000134005D1764B1B689B02764A134005E072
:106C2000734B1B689B025B08734A13404B43E3188A
:106C3000BB6127257C19BB69180000F003FE030027
:106C400023707B191B78022B04D07B191B78042B33
:106C500000D0A1E12723FB181B78022B09D13B6A46
:106C60000421180000F03CFC031E02D0022300F0B7
:106C70004EFB5D4B1A68C0239B0413400ED05A4B49
:106C80001A68C0239B041A4080235B049A420BD1EC
:106C9000564B1A6880239B03134005D1544B1B6845
:106CA0009B02544A134005E0514B1B689B025B0852
:106CB000514A1340F722D20219001000E9F7D0FA26
:106CC0000B00DB0A3A6AD31A0733072213401C0071
:106CD000454B1A68C0239B0413400ED0424B1A68E0
:106CE000C0239B041A4080235B049A420BD13F4B84
:106CF0001A6880239B03134005D13D4B1B689B0200
:106D00003C4A134005E03A4B1B689B025B083A4A39
:106D10001340F722D20219001000E9F7A1FA0B0084
:106D2000DB0AE3183B623B6A8022520294466344CA
:106D3000DC022D4B1A68C0239B0413400ED02A4B53
:106D40001A68C0239B041A4080235B049A420BD12B
:106D5000264B1A6880239B03134005D1244B1B68E4
:106D60009B02244A134005E0214B1B689B025B08F1
:106D7000214A13401900F723D802E9F7EBF9030081
:106D80001900194B1A68C0239B0413400ED0164BF0
:106D90001A68C0239B041A4080235B049A420BD1DB
:106DA000124B1A6880239B03134005D1104B1B68BC
:106DB0009B02104A134005E00D4B1B689B025B08C9
:106DC0000D4A13404B43E318BB612723FC18BB69F2
:106DD000180000F037FD03002370D1E0603600207A
:106DE00062360020CC0100200075FF1F20200240E9
:106DF000E075FF1F00FC0F0000FE07002723FB18B3
:106E00001B78032B08D13B6A0421180000F068FBB3
:106E1000031E01D002237AE2CA4B1A68C0239B04E6
:106E200013400ED0C74B1A68C0239B041A4080231E
:106E30005B049A420BD1C44B1A6880239B03134016
:106E400005D1C24B1B689B02C14A134005E0BF4BF2
:106E50001B689B025B08BF4A1340F722D20219004D
:106E60001000E9F7FDF90B00DB0A3A6AD31A073381
:106E7000072213401C00B34B1A68C0239B04134025
:106E80000ED0B04B1A68C0239B041A4080235B04C9
:106E90009A420BD1AC4B1A6880239B03134005D157
:106EA000AA4B1B689B02AA4A134005E0A74B1B682C
:106EB0009B025B08A74A1340F722D2021900100078
:106EC000E9F7CEF90B00DB0AE3183B623B6A80224C
:106ED000520294466344DC029A4B1A68C0239B0416
:106EE00013400ED0974B1A68C0239B041A4080238E
:106EF0005B049A420BD1944B1A6880239B03134086
:106F000005D1924B1B689B02914A134005E08F4BC1
:106F10001B689B025B088F4A13401900F723D802B5
:106F2000E9F718F903001900864B1A68C0239B047F
:106F300013400ED0834B1A68C0239B041A40802351
:106F40005B049A420BD1804B1A6880239B03134049
:106F500005D17E4B1B689B027D4A134005E07B4BAD
:106F60001B689B025B087B4A13404B43E318BB61E1
:106F70002723FC18BB69180000F064FC0300237091
:106F80002722BB181B78032B00D137E7BB181B78CF
:106F9000042B00D132E70AE07B1D1B78012B04D1C2
:106FA0002723FB181B78032B01D00A23AFE17B1D9D
:106FB0001B78012B00D050E12023FB616DE0664B74
:106FC0001B788022520294466344DC025D4B1A68AF
:106FD000C0239B0413400ED05A4B1A68C0239B0455
:106FE0001A4080235B049A420BD1574B1A688023C6
:106FF0009B03134005D1554B1B689B02544A134019
:1070000005E0524B1B689B025B08524A1340190073
:10701000F723D802E9F79EF803001900494B1A68D4
:10702000C0239B0413400ED0464B1A68C0239B0418
:107030001A4080235B049A420BD1434B1A68802389
:107040009B03134005D1414B1B689B02404A1340F0
:1070500005E03E4B1B689B025B083E4A13404B43D6
:10706000E218FB69D3181A685B683A617B613B6977
:10707000013303D17B69013300D113E0374B1B8807
:1070800001339AB2354B1A80354B1B6808331A000E
:10709000334B1A60FB690833FB61FA6980231B01DB
:1070A0009A428CD32C4B1B783B620023FB61CEE0D1
:1070B000244B1A68C0239B0413400ED0214B1A683E
:1070C000C0239B041A4080235B049A420BD11E4BC1
:1070D0001A6880239B03134005D11C4B1B689B023D
:1070E0001B4A134005E0194B1B689B025B08194AB9
:1070F0001340F722D20219001000E9F7B1F80B0093
:10710000DB0A3A6AD31A0733072213401C000D4BDF
:107110001A68C0239B0413400ED00A4B1A68C02380
:107120009B041A4080235B049A421BD1064B1A68C9
:1071300080239B03134015D1044B1B689B02044A18
:10714000134015E00075FF1F20200240E075FF1F6F
:1071500000FC0F0000FE07006236002060360020B1
:10716000CC0100206C4B1B689B025B086B4A1340F0
:10717000F722D20219001000E9F772F80B00DB0ABF
:10718000E3183B623B6A8022520294466344DC026D
:10719000634B1A68C0239B0413400ED0604B1A68DF
:1071A000C0239B041A4080235B049A420BD15D4BA1
:1071B0001A6880239B03134005D1574B1B689B0221
:1071C000594A134005E0544B1B689B025B08534A25
:1071D00013401900F723D802E8F7BCFF0300190099
:1071E0004F4B1A68C0239B0413400ED04C4B1A68B7
:1071F000C0239B041A4080235B049A420BD1494B65
:107200001A6880239B03134005D1434B1B689B02E4
:10721000454A134005E0404B1B689B025B083F4A10
:1072200013404B43E31827257C19180000F00AFB94
:10723000030023707B191B78032B0DD13B4B1B885C
:10724000FC339AB2394B1A80FB690133FB61FB694D
:10725000072B00D82CE700E0C0463A68BB1D1B880E
:107260001100180000F066F8031E01D002234EE062
:107270002E4B1B88022B03D92C4B1B88023B00E0B2
:107280000123FB6132E0BB1D1B88FA699A422AD0B8
:10729000FB699BB20E257C190822BA181100180050
:1072A000FEF7C0FF0300238029007B181B88002BFA
:1072B00011D1FB699BB2BA680D007C18110018004F
:1072C00000F038F8030023807B191B88002B0AD0BC
:1072D0007B191B881BE00E22BB181B88072B02D0D2
:1072E000BB181B8813E0FB690133FB61FA69FA23C1
:1072F0009B009A42C7D90E4B1B780221180000F060
:10730000EFF8031E01D0022301E080235B00180088
:10731000BD460AB0B0BDC046E075FF1F00FE0700C5
:107320000075FF1F2020024000FC0F006036002087
:1073300062360020F0B591B000AF0300B9622E2292
:10734000BA1813800023FB635E4B1A88FC239B0052
:107350009A4201D31223B1E00120FFF753F9030051
:10736000BB6300237B63BB6B013301D10323A5E027
:10737000BB6B8022520294466344DE02524B1A6871
:10738000C0239B0413400ED04F4B1A68C0239B04AC
:107390001A4080235B049A420BD14C4B1A6880231D
:1073A0009B03134005D14A4B1B689A02494B13407B
:1073B00005E0474B1B689B025A08474B13401900D6
:1073C000F723D802E8F7C6FE030019003E4B1A68FF
:1073D000C0239B0413400ED03B4B1A68C0239B0470
:1073E0001A4080235B049A420BD1384B1A688023E1
:1073F0009B03134005D1364B1B689A02354B134053
:1074000005E0334B1B689B025A08334B13404B4338
:10741000F3187B63BB6A002B07D12E23FB181B8854
:10742000002B02D10023FB6309E02E23FB181A88EE
:10743000BB6A1100180000F06FFA0300FB63274BD2
:107440001A687B6BD118BB6ABB610023FB61BB6907
:107450001B007B6200233B62FB6B1B043B61002330
:107460007B61386A3A697B69160030430400786AA8
:10747000184305002E23FB181B889BB2BB6000231A
:10748000FB60BA68FB681000204338602B437B60C8
:107490003A687B68080000F063FA031E01D00223FB
:1074A0000CE00E4B1B6808331A000C4B1A60054B9E
:1074B0001B8801339AB2034B1A8000231800BD4683
:1074C00011B0F0BD603600200075FF1F2020024083
:1074D000E075FF1F00FC0F0000FE0700CC0100203C
:1074E00090B587B000AF78600A00FB1C1A700023CB
:1074F0007B6100233B610023FB600023BB607B6852
:107500008022520294466344DC02C44B1A68C023B2
:107510009B0413400ED0C14B1A68C0239B041A4031
:1075200080235B049A420BD1BD4B1A6880239B03D6
:10753000134005D1BB4B1B689B02BB4A134005E0BF
:10754000B84B1B689B025B08B84A13401900F7232D
:10755000D802E8F7FFFD03001900B04B1A68C023FA
:107560009B0413400ED0AD4B1A68C0239B041A40F5
:1075700080235B049A420BD1A94B1A6880239B039A
:10758000134005D1A74B1B689B02A74A134005E097
:10759000A44B1B689B025B08A44A13404B43E318AF
:1075A0007B617B688022520294466344DC029B4BE1
:1075B0001A68C0239B0413400ED0984B1A68C0234E
:1075C0009B041A4080235B049A420BD1944B1A68A7
:1075D00080239B03134005D1924B1B689B02924A68
:1075E000134005E08F4B1B689B025B088F4A1340DA
:1075F0001900F723D802E8F7ADFD03001900874B07
:107600001A68C0239B0413400ED0844B1A68C02311
:107610009B041A4080235B049A420BD1804B1A686A
:1076200080239B03134005D17E4B1B689B027E4A3F
:10763000134005E07B4B1B689B025B087B4A1340B1
:107640004B43E31808333B617B6880225202944627
:107650006344DC02714B1A68C0239B0413400ED0B4
:107660006E4B1A68C0239B041A4080235B049A4225
:107670000BD16B4B1A6880239B03134005D1694BD8
:107680001B689B02684A134005E0664B1B689B021F
:107690005B08664A13401900F723D802E8F75AFD41
:1076A000030019005D4B1A68C0239B0413400ED0E1
:1076B0005A4B1A68C0239B041A4080235B049A42E9
:1076C0000BD1574B1A6880239B03134005D1554BB0
:1076D0001B689B02544A134005E0524B1B689B02F7
:1076E0005B08524A13404B43E3181033FB607B683E
:1076F0008022520294466344DC02484B1A68C0233D
:107700009B0413400ED0454B1A68C0239B041A40BB
:1077100080235B049A420BD1414B1A6880239B0360
:10772000134005D13F4B1B689B023F4A134005E0C5
:107730003C4B1B689B025B083C4A13401900F72333
:10774000D802E8F707FD03001900344B1A68C0237C
:107750009B0413400ED0314B1A68C0239B041A407F
:1077600080235B049A420BD12D4B1A6880239B0324
:10777000134005D12B4B1B689B022B4A134005E09D
:10778000284B1B689B025B08284A13404B43E318B5
:107790001833BB60FB1C1B78042B30D039DC032B67
:1077A00023D036DC012B02D0022B0FD031E0204A4F
:1077B0001F4B7969080000F0D3F8031E01D00223A3
:1077C0003CE07B68DAB21B4B1A7036E0184A184B63
:1077D0003969080000F0C4F8031E01D002232DE02F
:1077E0007B68DAB2134B1A7027E0114A104BF96824
:1077F000080000F0B5F8031E0DD002231EE00C4A6D
:107800000B4BB968080000F0ABF8031E14D002233C
:1078100014E0C04611E0C0460FE0C0460075FF1FEF
:1078200020200240E075FF1F00FC0F0000FE070053
:10783000AAAAAAAA62360020C04600231800BD46A4
:1078400007B090BD80B58AB000AF786000220023F9
:107850003A627B6200220023BA61FB6100220023AE
:107860003A617B6100220023BA60FB607B681A6882
:107870005B683A627B627B6808331A685B68BA614E
:10788000FB617B6810331A685B683A617B617B68D7
:1078900018331A685B68BA60FB60BB68013302D1B9
:1078A000FB68013301D0042318E03B69013302D1A6
:1078B0007B69013301D0032310E0BB69013302D19E
:1078C000FB69013301D0022308E03B6A013302D196
:1078D0007B6A013301D0012300E000231800BD467C
:1078E0000AB080BD80B500AF80235B011800FCF7B3
:1078F0004FFD074A074B11001800FCF715FD054B1B
:1079000008211800FCF7FEFCC046BD4680BDC046FD
:10791000058000000030024080B582B000AF786082
:107920000A00BB1C1A800D4B1800FCF7DDFC7B68BD
:107930000A4A19001000FCF703FDBB1C1B88074A0C
:1079400019001000FCF708FD044B1800FCF715FDAA
:1079500003001800BD4602B080BDC04600300240A2
:1079600080B584B000AFF8603A607B603A687B68AD
:10797000F968012005F0E0FB03001800BD4604B0E3
:1079800080BD000090B58BB000AF78600A00BB1CD2
:107990001A802623FB1800221A800023FB607B68D4
:1079A0008022520294466344DC02394B1A68C02399
:1079B0009B0413400ED0364B1A68C0239B041A4018
:1079C00080235B049A420BD1324B1A6880239B03BD
:1079D000134005D1304B1B689B02304A134005E031
:1079E0002D4B1B689B025B082D4A13401900F7239F
:1079F000D802E8F7AFFB03001900254B1A68C02333
:107A00009B0413400ED0224B1A68C0239B041A40DB
:107A100080235B049A420BD11E4B1A6880239B0380
:107A2000134005D11C4B1B689B021C4A134005E008
:107A3000194B1B689B025B08194A13404B43E31820
:107A4000180000F035F803003B6210217B183A6AF9
:107A50005A607B1802221A60BB1C1A887B18DA60F5
:107A60007B187A689A600C23FA187B1811001800AA
:107A700005F064FC031E03D02623FB1801221A80A4
:107A80002623FB181B881800BD460BB090BDC046CE
:107A90000075FF1F20200240E075FF1F00FC0F0053
:107AA00000FE070080B500AFC046BD4680BD0000A7
:107AB00080B584B000AF78600023FB601B4B1A6870
:107AC000C0239B0413400ED0184B1A68C0239B049C
:107AD0001A4080235B049A420FD1154B1A68802309
:107AE0009B03134009D1134B1B689B02124A13409E
:107AF000802212059446634409E00E4B1B689B02EA
:107B00005B080E4A134080221205944663447A684B
:107B1000934202D90423FB6002E080231B02FB6036
:107B2000FB681800BD4604B080BDC0460075FF1F4D
:107B300020200240E075FF1F00FC0F0000FE070040
:107B400080B582B000AFBB1D00221A80BB1D1B8810
:107B50001800BD4602B080BD80B582B000AFEFF323
:107B600005837B607B685A1E9341DBB21800BD46DB
:107B700002B080BD80B500AF01F0A2FD0023180067
:107B8000BD4680BD80B584B000AF78607B68FB6087
:107B9000FB68002B01D0FB6800E00123180001F016
:107BA00067FC00231800BD4604B080BD80B584B0DA
:107BB00000AF786039603B68012B11D103220021AE
:107BC000012000F054FE0300FB60FB68002B05D091
:107BD000F86800230022002100F0B1FEFB6806E0F7
:107BE0003B683A681100180000F091FE030018008D
:107BF000BD4604B080BD000080B584B000AF7860A1
:107C000039600023BB607B68002B01D1802336E004
:107C10000023FB603B68013303D101235B42FB601F
:107C200009E03B68002B06D03B68FB60FB68002B3B
:107C300001D10123FB60FFF78FFF031E13D0082340
:107C4000FA187B680021180001F0FCF80300012BF2
:107C500001D0FF2313E0BB68002B0FD00A4B80221A
:107C600052051A600AE0FA687B681100180001F0FA
:107C70002DF80300012B01D0FF2300E000231800A2
:107C8000BD4604B080BDC04604ED00E080B584B0C0
:107C900000AF78600023FB600023BB60FFF75CFF50
:107CA000031E13D00823FA187B681100180000F097
:107CB0002EFF0300012B01D0FF2313E0BB68002B34
:107CC0000FD00A4B802252051A600AE07868002320
:107CD0000022002100F033FE0300012B01D0FF231E
:107CE000FB60FB681800BD4604B080BD04ED00E0F9
:107CF00080B500AF02F01AFA0300012B01D000F0AA
:107D000093FBC046BD4680BD80B584B000AF7860AF
:107D10000023FB60082000F0C3FB0300BB60BB68CE
:107D2000002B12D000F02CFBBB687A681A60BB688D
:107D300000225A60074B1B68BA685A60054BBA6844
:107D40001A6000F02FFB0123FB60FB681800BD46A2
:107D500004B080BDD801002080B588B000AFF860C5
:107D6000B9607A600123FB613E4B1B68002B46D152
:107D70003C4B3D4A1A603CE03A4B1B681B681B6851
:107D8000BB61BB691800E8F7C9F903007B61FA68B9
:107D90007B69D3181B785BB2202B06D0FA687B690D
:107DA000D3181B785BB2002B1ED17A69B969FB68C6
:107DB00018000BF005F9031E16D12A4B1B681B682F
:107DC0001B7B5BB2002B19DBFB68180000F062F92B
:107DD00003001A00234B1B681B681B7B5BB29A4293
:107DE0000CD00023FB6109E01E4B1B685A681D4B39
:107DF0001A601C4B1B68002BBED100E0C046194B1B
:107E00001B68002B0CD0FB69002B09D17A6817493D
:107E1000BB6818000BF0E5F8124B00221A601CE05A
:107E2000104B1B68002B10D00E4B1B681B689B6807
:107E3000FA687968B86898470300FB61FB69002B12
:107E40000BD1084B00221A6007E07A680849BB682A
:107E500018000BF0C6F80023FB61FB691800BD4653
:107E600008B080BD20390020D001002074A902088C
:107E7000CCA9020880B500AF014B1800BD4680BDFB
:107E8000BC36002080B586B000AFF860B9607A607B
:107E900000237B6100233B617B6800221A6042E083
:107EA000FB680133FB60FB681B785BB2002B08D0DA
:107EB000FB681B785BB2202BF2D102E0FB68013338
:107EC000FB60FB681B785BB2002B04D0FB681B785F
:107ED0005BB2202BF2D0FB681B785BB2002B27D063
:107EE0007B6901337B617A69BB689A421BD1FB686D
:107EF0003B6107E07B681B685A1C7B681A60FB6863
:107F00000133FB60FB681B785BB2002B04D0FB687D
:107F10001B785BB2202BEDD17B681B68002B09D14D
:107F200000233B6106E07A69BB689A42BBD302E05A
:107F3000C04600E0C0463B691800BD4606B080BDA3
:107F400080B586B000AFF860B9607A6000233B610D
:107F50001023FA187B6801211800FFF793FF020035
:107F6000434B1A60424B1B68002B2BD0404B1B68C5
:107F70004049062218000BF023F8031E22D13E4B85
:107F80001B78072B02D13C4B00221A703A4B1B780E
:107F90005A1CD1B2384A11701A00384B9200D1588D
:107FA000BA68FB6818000BF01CF8334B1B78072BE2
:107FB00005D100237B61304B00221A7052E001236F
:107FC0007B614FE02A4B1B68002B4BD12C4B1B686D
:107FD000002B05D12A4B2B4A1A602B4B01221A7019
:107FE000294B1A78294B1B789A421ED9FB68083313
:107FF0001800234B1B681B685968BB68083B1A00B4
:108000000AF0EFFFFB680133214A110018000BF062
:10801000D4F8FB6828221A70FB68063329221A70EC
:10802000FB68073320221A7008E0154B1B681B6899
:108030005968BA68FB6818000AF0D3FF104B1B6838
:108040005A680F4B1A60104B1B780133DAB20E4B93
:108050001A700B4B1B68002B02D100237B6101E0DF
:1080600001237B617B691800BD4606B080BDC04618
:10807000243900201CAA0208283900204C000020C6
:108080002C390020D0010020303900203C0A00208B
:108090000A7D020880B584B000AF78600F23FB181A
:1080A00000221A700023BB6018E07B681B785BB26B
:1080B000202B0ED1BB68012B0DD00F217B181B7814
:1080C0005BB2DBB20133DAB27B181A700123BB60FA
:1080D00001E00023BB607B6801337B607B681B7819
:1080E0005BB2002BE1D1BB68012B08D10F217B18BB
:1080F0001B785BB2DBB2013BDAB27B181A700F233C
:10810000FB181B785BB21800BD4604B080BD80B57B
:1081100082B000AF78607B6808331A007B685A60D1
:108120007B68012252429A607B6808331A007B68A0
:10813000DA607B6808331A007B681A617B6800226A
:108140001A60C046BD4602B080BD80B582B000AFA7
:1081500078607B6800221A61C046BD4602B080BDCF
:1081600080B584B000AF786039607B685B68FB6085
:108170003B68FA685A60FB689A683B689A60FB68DB
:108180009B683A685A60FB683A689A603B687A680C
:108190001A617B681B685A1C7B681A60C046BD4622
:1081A00004B080BD80B584B000AF786039603B68B2
:1081B0001B68BB60BB68013303D17B681B69FB6034
:1081C0000CE07B680833FB6002E0FB685B68FB60E7
:1081D000FB685B681B68BA689A42F6D2FB685A680B
:1081E0003B685A603B685B683A689A603B68FA682B
:1081F0009A60FB683A685A603B687A681A617B68E3
:108200001B685A1C7B681A60C046BD4604B080BD1E
:1082100080B584B000AF78607B681B69FB607B68C9
:108220005B687A6892689A607B689B687A68526833
:108230005A60FB685B687A689A4203D17B689A68E7
:10824000FB685A607B6800221A61FB681B685A1E33
:10825000FB681A60FB681B681800BD4604B080BD4F
:1082600080B584B000AFF860B9607A60FB68043B09
:10827000FB60FB68802252041A60FB68043BFB60D1
:10828000BA68FB681A60FB68043BFB60084AFB683D
:108290001A60FB68143BFB607A68FB681A60FB6835
:1082A000203BFB60FB681800BD4604B080BDC046A3
:1082B000B582010880B582B000AF00237B6072B642
:1082C000C0467B68002BFCD0C046C046BD4602B00D
:1082D00080BD80B500AFC046BD4680BD0000000037
:1082E0000B4A13681868203080F30988022080F355
:1082F0001488BFF36F8F3FBCAE4608BC04BC62B6A7
:108300001847C046C046C046C046C046C046C046E4
:1083100024990120C046C04680B500AF0E4B1A68B4
:108320000D4BFF2109040A431A600B4B1A680A4BD4
:10833000FF2109060A431A6000F090F8074B00225B
:108340001A60FFF7CDFF01F0DDFBFFF7B3FF00235D
:108350001800BD4680BDC04620ED00E0DC010020D5
:1083600080B500AF054B802252051A60BFF34F8FD6
:10837000BFF36F8FC046BD4680BDC04604ED00E030
:1083800080B500AF72B6064B1B685A1C044B1A60CE
:10839000BFF34F8FBFF36F8FC046BD4680BDC04651
:1083A000DC01002080B500AF064B1B685A1E054B50
:1083B0001A60044B1B68002B00D162B6C046BD4654
:1083C00080BDC046DC010020EFF3108072B670471C
:1083D000C046180080F310887047C04600000000B7
:1083E000EFF309800E4B1A6820381060F0C0444645
:1083F0004D4656465F46F0C008B572B601F082FBA6
:1084000062B60CBC116808681030F0C8A046A946D6
:10841000B246BB4680F309882038F0C81847C046EA
:1084200024990120C046C04680B582B000AFFFF756
:10843000CBFF03007B6001F0BDFA031E03D0064BA7
:10844000802252051A607B681800FFF7C3FFC04600
:10845000BD4602B080BDC04604ED00E080B500AF6F
:108460000B4B00221A600B4B00221A600A4B1B6850
:10847000FA2291001800E7F76DFE03001A00074B7F
:10848000013A1A60024B07221A60C046BD4680BD01
:1084900010E000E018E000E0C801002014E000E077
:1084A00080B586B000AF78600023FB6001F042F930
:1084B000454B1B68002B01D100F0D2F8434B1B68E1
:1084C0007A68134000D072E07B68002B0CD0082241
:1084D0007B689B187B607B680722134004D07B6815
:1084E0000722934308337B607B68002B5FD0384BB7
:1084F0001B687A689A425AD8364B3B61354B1B68E9
:108500007B6104E07B693B617B691B687B617B6904
:108510005B687A689A4203D97B691B68002BF1D1AA
:10852000294B1B687A699A4241D03B691B68082233
:108530009B18FB607B691A683B691A607B695A6803
:108540007B68D21A08235B009A4210D97A697B684B
:10855000D318BB607B695A687B68D21ABB685A60C3
:108560007B697A685A60BB68180000F0D9F8184B2C
:108570001A687B695B68D21A154B1A60144B1A682B
:10858000154B1B689A4203D2114B1A68124B1A60A2
:108590007B695A680D4B1B681A437B695A607B697B
:1085A00000221A600D4B1B685A1C0C4B1A6001F01C
:1085B000CDF8FB68002B01D1FAF7F4FCFB6818003A
:1085C000BD4606B080BDC046CC980120E098012091
:1085D000D0980120C4980120D4980120D898012077
:1085E00080B584B000AF78607B68FB607B68002B4F
:1085F0002CD008235B42FA68D318FB60FB68BB6091
:10860000BB685A68134B1B6813401FD0BB681B68BC
:10861000002B1BD1BB685A680E4B1B68DB431A400A
:10862000BB685A6001F086F8BB685A680A4B1B6841
:10863000D218094B1A60BB68180000F071F8074B9C
:108640001B685A1C054B1A6001F080F8C046BD46F5
:1086500004B080BDE0980120D0980120DC98012072
:1086600080B584B000AF274BBB60274BFB60FB6835
:10867000072213400CD0FB680733FB60FB6807221E
:108680009343FB60BA68FB68D21A1F4BD318BB60D8
:10869000FB687B601D4B7A681A601C4B00225A6095
:1086A0007B68BA68D318FB600822FB689B1AFB60E2
:1086B000FB6807229343FB60FA68154B1A60144B62
:1086C0001B6800225A60124B1B6800221A607B68EC
:1086D0003B603B68FA68D21A3B685A600C4B1A68D8
:1086E0003B681A603B685A680A4B1A603B685A68D4
:1086F000094B1A60094B802212061A60C046BD461B
:1087000004B080BD905F010034390020C49801207E
:10871000CC980120D4980120D0980120E098012025
:1087200080B584B000AF7860274BFB6002E0FB6847
:108730001B68FB60FB681B687A689A42F7D8FB6885
:10874000BB60FB685B68BA68D3187A689A4208D144
:10875000FB685A687B685B68D218FB685A60FB68E4
:108760007B607B68BB607B685B68BA68D218FB681B
:108770001B689A4218D1FB681A68144B1B689A420E
:108780000DD07B685A68FB681B685B68D2187B68F1
:108790005A60FB681B681A687B681A6008E00B4B1C
:1087A0001A687B681A6003E0FB681A687B681A60C5
:1087B000FA687B689A4202D0FB687A681A60C04601
:1087C000BD4604B080BDC046C4980120CC980120AD
:1087D00080B584B000AF786039607B68FB60FFF7DC
:1087E000CFFDFB681A68FB68D96BFB681B6C4B43B9
:1087F000D218FB689A60FB6800229A63FB681A68CB
:10880000FB685A60FB681A68FB68DB6B591EFB68E3
:108810001B6C4B43D218FB68DA60FB684422FF21D3
:108820009954FB684522FF2199543B68002B0DD1D8
:10883000FB681B69002B13D0FB681033180001F094
:108840002FFA031E0CD0FFF78BFD09E0FB681033F5
:108850001800FFF75CFCFB6824331800FFF757FC97
:10886000FFF7A0FD01231800BD4604B080BD90B500
:108870008BB002AFF860B960FB1D1A70FB68BA6874
:108880005343FB61FB6950331800FFF709FE0300F7
:10889000BB61BB69002B0ED0BB697B617B69503328
:1088A0007B61FB1D1C787A69B968F868BB69009325
:1088B000230000F005F8BB691800BD4609B090BD63
:1088C00080B584B000AFF860B9607A601A00FB1C14
:1088D0001A70BB68002B03D1BB69BA691A6002E049
:1088E000BB697A681A60BB69FA68DA63BB69BA68FF
:1088F0001A64BB6901211800FFF76AFFBB69FA1C03
:108900004C2112785A54C046BD4604B080BD80B593
:1089100084B000AF786039607B68022200211800C3
:10892000FFF7A5FF0300FB60FB68002B02D0FB688C
:108930003A689A63FB681800BD4604B080BD80B5F4
:108940008AB000AFF860B9607A603B6000237B6258
:10895000FB683B62FFF714FD3B6A9A6B3B6ADB6B7B
:108960009A4202D33B68022B1ED13A68B9683B6A2F
:10897000180000F0CDFA0300FB613B6A5B6A002B34
:1089800009D03B6A2433180001F08AF9031E07D08E
:10899000FFF7E6FC04E0FB69002B01D0FFF7E0FCE9
:1089A000FFF700FD01235BE07B68002B03D1FFF79D
:1089B000F9FC002354E07B6A002B06D11423FB183A
:1089C000180001F0C5F901237B62FFF7EBFC00F012
:1089D000B1FEFFF7D5FC3B6A44229B5C5BB20133DE
:1089E00003D13B6A4422002199543B6A45229B5C97
:1089F0005BB2013303D13B6A452200219954FFF752
:108A0000D1FC3A1D1423FB181100180001F0B4F931
:108A1000031E1ED13B6A180000F07FFB031E11D01D
:108A20003B6A10337A681100180001F0FDF83B6AC8
:108A3000180000F0FEFA00F089FE031E8AD1FFF74D
:108A40008FFC87E73B6A180000F0F3FA00F07EFE27
:108A500080E73B6A180000F0ECFA00F077FE002394
:108A60001800BD460AB080BD90B58BB000AFF8606D
:108A7000B9607A603B60FB683B62FFF7A5FC0300CE
:108A8000FB613B6A9A6B3B6ADB6B9A4202D33B68A1
:108A9000022B31D11B243B193A6A4521525C1A70D2
:108AA0003B6A9B6B7B613A68B9683B6A180000F0CF
:108AB0002FFA3B191B785BB2013311D13B6A5B6A19
:108AC000002B16D03B6A2433180001F0E9F8031E8E
:108AD0000FD07B68002B0CD07B6801221A6008E065
:108AE0001B23FB181B780133DBB259B23B6A4522CA
:108AF000995401237B6201E000237B62FB6918002B
:108B0000FFF768FC7B6A1800BD460BB090BD80B5CE
:108B100088B000AF786039607B68BB61FFF754FCB8
:108B200003007B61BB699B6B3B61BB69DB6B3A6993
:108B30009A422CD20F203B18BA694521525C1A7018
:108B40003B695A1CBB699A633B181B785BB20133C3
:108B500011D1BB695B6A002B16D0BB6924331800A6
:108B600001F09EF8031E0FD03B68002B0CD03B6831
:108B700001221A6008E00F23FB181B780133DBB2D7
:108B800059B2BB69452299540123FB6101E00023DE
:108B9000FB617B691800FFF71DFCFB691800BD46EF
:108BA00008B080BD80B58AB000AFF860B9607A6067
:108BB00000237B62FB683B62FFF7E2FB3B6A9B6B37
:108BC000FB61FB69002B1AD0BA683B6A11001800E0
:108BD00000F009FAFB695A1E3B6A9A633B6A1B69FB
:108BE000002B08D03B6A1033180001F059F8031E1F
:108BF00001D0FFF7B5FBFFF7D5FB012362E07B68EF
:108C0000002B03D1FFF7CEFB00235BE07B6A002B38
:108C100006D11423FB18180001F09AF801237B6297
:108C2000FFF7C0FB00F086FDFFF7AAFB3B6A44227A
:108C30009B5C5BB2013303D13B6A4422002199540F
:108C40003B6A45229B5C5BB2013303D13B6A452200
:108C500000219954FFF7A6FB3A1D1423FB181100BD
:108C6000180001F089F8031E1ED13B6A180000F0BD
:108C70003EFA031E11D03B6A24337A6811001800B3
:108C800000F0D2FF3B6A180000F0D3F900F05EFD5F
:108C9000031E91D1FFF764FB8EE73B6A180000F0DA
:108CA000C8F900F053FD87E73B6A180000F0C1F9EE
:108CB00000F04CFD3B6A180000F019FA031E00D1C9
:108CC0007AE700231800BD460AB080BD80B58AB09F
:108CD00000AF7860396000237B627B68FB61002312
:108CE0003B62FFF74DFBFB699B6BBB61BB69002BD4
:108CF0001DD0BB695A1EFB699A63FB691B68002B78
:108D000004D101F09FFC0200FB699A60FB691B69BA
:108D1000002B08D0FB691033180000F0C1FF031EC0
:108D200001D0FFF71DFBFFF73DFB012386E03B6809
:108D3000002B03D1FFF736FB00237FE07B6A002B7B
:108D400006D10C23FB18180001F002F801237B6206
:108D5000FFF728FB00F0EEFCFFF712FBFB69442253
:108D60009B5C5BB2013303D1FB694422002199541F
:108D7000FB6945229B5C5BB2013303D1FB69452251
:108D800000219954FFF70EFB3A000C23FB18110049
:108D9000180000F0F1FF031E2ED1FB69180000F04F
:108DA000A6F9031E21D0FB691B68002B0AD1FFF72F
:108DB000E7FAFB699B68180001F0D4F903003B62F5
:108DC000FFF7F0FAFB6924333A681100180000F04D
:108DD0002BFFFB69180000F02CF900F0B7FC031E14
:108DE00000D07EE7FFF7BCFA7BE7FB69180000F0D4
:108DF00020F900F0ABFC74E7FB69180000F019F9EA
:108E000000F0A4FCFB69180000F071F9031E00D10A
:108E100067E73B6A002B10D0FFF7B2FAFB69180036
:108E200000F060F803007B61FB699B687A691100C0
:108E3000180001F04BFAFFF7B5FA00231800BD4601
:108E40000AB080BD90B58BB000AFF860B9607A60B1
:108E5000FB683B62FFF7B8FA0300FB613B6A9B6B60
:108E6000BB61BB69002B32D017243B193A6A4421FD
:108E7000525C1A70BA683B6A1100180000F0B3F82F
:108E8000BB695A1E3B6A9A633B191B785BB201337C
:108E900011D13B6A1B69002B16D03B6A10331800B6
:108EA00000F0FEFE031E0FD07B68002B0CD07B6809
:108EB00001221A6008E01723FB181B780133DBB28C
:108EC00059B23B6A4422995401237B6201E000239A
:108ED0007B62FB691800FFF77DFA7B6A1800BD46CC
:108EE0000BB090BD80B584B000AF78607B685B6AE2
:108EF000002B06D07B681B6B1B680722D31AFB6014
:108F000001E00023FB60FB681800BD4604B080BD93
:108F100080B586B000AFF860B9607A6000237B61ED
:108F2000FB689B6B3B61FB681B6C002B0ED1FB68E5
:108F30001B68002B4ED1FB689B68180001F07AF982
:108F400003007B61FB6800229A6043E07B68002B92
:108F500019D1FB685868FB681A6CBB6819000AF0E5
:108F600034F9FB685A68FB681B6CD218FB685A60BE
:108F7000FB685A68FB689B689A422BD3FB681A68A7
:108F8000FB685A6026E0FB68D868FB681A6CBB680F
:108F900019000AF01AF9FB68DA68FB681B6C5B427F
:108FA000D218FB68DA60FB68DA68FB681B689A42D3
:108FB00007D2FB689A68FB681B6C5B42D218FB689F
:108FC000DA607B68022B05D13B69002B02D03B693C
:108FD000013B3B613B695A1CFB689A637B69180043
:108FE000BD4606B080BD80B582B000AF7860396004
:108FF0007B681B6C002B18D07B68DA687B681B6C65
:10900000D2187B68DA607B68DA687B689B689A4272
:1090100003D37B681A687B68DA607B68D9687B68F1
:109020001A6C3B6818000AF0D0F8C046BD4602B082
:1090300080BD80B584B000AF7860FFF7A1F90F2341
:10904000FB187A684521525C1A7013E07B685B6AF2
:10905000002B16D07B682433180000F021FE031E7D
:1090600001D000F0CFFE0F217B181B78013BDAB254
:109070007B181A700F23FB181B785BB2002BE5DC02
:1090800000E0C0467B684522FF219954FFF78AF92A
:10909000FFF776F90E23FB187A684421525C1A70A8
:1090A00013E07B681B69002B16D07B681033180017
:1090B00000F0F6FD031E01D000F0A4FE0E217B1887
:1090C0001B78013BDAB27B181A700E23FB181B7851
:1090D0005BB2002BE5DC00E0C0467B684422FF2148
:1090E0009954FFF75FF9C046BD4604B080BD80B516
:1090F00084B000AF7860FFF743F97B689B6B002B6F
:1091000002D10123FB6001E00023FB60FFF74AF975
:10911000FB681800BD4604B080BD80B584B000AFC8
:109120007860FFF72DF97B689A6B7B68DB6B9A425E
:1091300002D10123FB6001E00023FB60FFF732F95D
:10914000FB681800BD4604B080BD000080B584B047
:1091500000AF786039600023FB6015E00E4BFA68C1
:10916000D200D358002B0CD10B4BFA68D2003968CF
:10917000D150094AFB68DB00D31804337A681A60BF
:1091800006E0FB680133FB60FB68072BE6D9C046AD
:10919000C046BD4604B080BDE498012080B586B0CD
:1091A00000AFF860B9607A60FB687B61FFF7E8F8B0
:1091B0007B6944229B5C5BB2013303D17B6944220F
:1091C000002199547B6945229B5C5BB2013303D13A
:1091D0007B69452200219954FFF7E4F87B699B6B7A
:1091E000002B06D17B6924337A68B968180000F037
:1091F00035FD7B691800FFF71CFFC046BD4606B071
:1092000080BD90B58DB004AFF860B9603B60BB1D08
:109210001A80BB1D1B889B001800FFF741F9030053
:109220007B617B69002B10D06020FFF739F90300C8
:10923000FB61FB69002B03D0FB697A691A6306E0C6
:109240007B691800FFF7CCF901E00023FB61FB69A3
:10925000002B16D0BB1D1A883C68B968F86800233B
:109260000393FB6902937B6B01933B6B0093230099
:1092700000F010F8FB69180000F092F80123BB61C0
:1092800002E001235B42BB61BB691800BD4609B027
:1092900090BD000080B586B000AFF860B9607A601C
:1092A0003B60BB6A186B7B689B001A00A52109F024
:1092B00064FEBB6A1A6B7B6838498C4663449B002A
:1092C000D3183B613B69072293433B61BB68002B8A
:1092D00020D000237B6113E0BA687B69D31818782B
:1092E000BA6A34217B69D3185B18021C1A70BA68F9
:1092F0007B69D3181B78002B06D07B6901337B6117
:109300007B690C2BE8D900E0C046BB6A40220021F3
:10931000995403E0BB6A3422002199543B6A062B1E
:1093200001D906233B62BB6A3A6ADA62BB6A3A6ACF
:10933000DA64BB6A00221A65BB6A04331800FEF7C0
:1093400004FFBB6A18331800FEF7FFFEBB6ABA6A57
:109350001A613B6A0722D21ABB6A9A61BB6ABA6A6F
:109360005A62BB6A00225A65BB6A00229A65BB6AD0
:109370005C22002199543A68F9683B691800FEF7AD
:109380006FFF0200BB6A1A607B6A002B02D07B6A07
:10939000BA6A1A60C046BD4606B080BDFFFFFF3FF7
:1093A00080B582B000AF7860FEF7EAFF2A4B1B68F9
:1093B0005A1C294B1A60294B1B68002B09D1274BDB
:1093C0007A681A60244B1B68012B10D100F034FD21
:1093D0000DE0234B1B68002B09D1204B1B68DA6A78
:1093E0007B68DB6A9A4202D81C4B7A681A601D4B74
:1093F0001B685A1C1B4B1A601A4B1A687B685A640C
:109400007B68DA6A184B1B689A4203D97B68DA6A70
:10941000154B1A607B68DA6A13009B009B189B004F
:10942000124A9A187B68043319001000FEF798FE60
:10943000FEF7B8FF0A4B1B68002B08D0074B1B68D0
:10944000DA6A7B68DB6A9A4201D2FEF789FFC0467E
:10945000BD4602B080BDC046249A01202499012057
:10946000309A0120409A01202C9A0120289901204D
:1094700080B584B000AF78600023FB607B68002B70
:109480000AD000F057F97B680021180001F0BCFAFF
:1094900000F05CF90300FB60FB68002B01D1FEF7D4
:1094A0005FFFC046BD4604B080BD000080B588B0F7
:1094B00000AF78607B68BB612B4B1B68BA699A422E
:1094C00004D11F23FB1800221A7046E0FEF758FF54
:1094D000BB695B697B61254B1B683B61244B1B6847
:1094E000FB60FEF75FFF7A693B699A4203D07A69B5
:1094F000FB689A4204D11F23FB1802221A702CE049
:109500007A691C4B9A4218D1BB699B6A002B0FD118
:10951000BB695C229B5CDBB2012B04D11F23FB18CF
:1095200002221A7019E01F23FB1803221A7014E09C
:109530001F23FB1802221A700FE07A690E4B9A4221
:1095400002D07B69002B04D11F23FB1804221A7060
:1095500003E01F23FB1801221A701F23FB181B783E
:109560001800BD4608B080BD24990120DC99012077
:10957000E0990120109A0120F899012080B584B06B
:1095800000AF7860FEF7FCFE7B68002B02D1074B32
:109590001B6800E07B68FB60FB68DB6ABB60FEF772
:1095A00001FFBB681800BD4604B080BD24990120AE
:1095B00080B586B000AF7860396000237B613B687E
:1095C000062B01D906233B60FEF7DAFE7B68002BF1
:1095D00002D1384B1B6800E07B683B613B69DB6C68
:1095E000FB60FA683B689A425DD03A68FB689A4231
:1095F0000DD9304B1B683A699A420FD02D4B1B682E
:10960000DB6A3A689A4209D301237B6106E0294B61
:109610001B683A699A4201D101237B613B69DB6A8D
:10962000BB603B69DA6C3B69DB6A9A4202D13B69F9
:109630003A68DA623B693A68DA643B699B69002BF5
:1096400004DB3B680722D21A3B699A613B6959697E
:10965000BA6813009B009B189B00174A9B189942FD
:109660001CD13B6904331800FEF7D2FD3B69DA6A6E
:10967000124B1B689A4203D93B69DA6A0F4B1A6096
:109680003B69DA6A13009B009B189B000A4A9A18F0
:109690003B69043319001000FEF762FD7B69002B63
:1096A00001D0FEF75DFEFEF77DFEC046BD4606B06A
:1096B00080BDC04624990120289901202C9A0120C0
:1096C00080B584B002AF144A14491548154B019374
:1096D000002300930023FFF794FD03007B607B6869
:1096E000012B03D101F0E4F903007B607B68012BBF
:1096F0000ED172B60C4B012252421A600B4B012262
:109700001A600B4B00221A60F1F7A0F8FEF704FE76
:10971000C046BD4602B080BDC409000024AA0208AC
:10972000199E0108489A0120449A0120309A01208C
:10973000289A012080B500AF034B1B685A1C024BCE
:109740001A60C046BD4680BD4C9A012080B584B0E9
:1097500000AF0023FB600023BB60FEF711FE364B19
:109760001B685A1E344B1A60334B1B68002B5BD1AD
:10977000324B1B68002B57D02FE0314BDB68DB6886
:10978000FB60FB6818331800FEF742FDFB680433EA
:109790001800FEF73DFDFB68DA6A2A4B1B689A4207
:1097A00003D9FB68DA6A274B1A60FB68DA6A130090
:1097B0009B009B189B00244A9A18FB6804331900ED
:1097C0001000FEF7CDFCFB68DA6A204B1B68DB6AF1
:1097D0009A4202D31E4B01221A60194B1B68002BC0
:1097E000CBD1FB68002B01D000F082FC194B1B6829
:1097F0007B607B68002B0FD000F0DCF8031E02D0EA
:10980000134B01221A607B68013B7B607B68002B55
:10981000F2D1104B00221A600D4B1B68002B03D0B5
:109820000123BB60FEF79CFDFEF7BCFDBB68180082
:10983000BD4604B080BDC0464C9A0120249A012048
:10984000E49901202C9A01202899012024990120D3
:10985000389A0120349A012080B582B000AF044BC1
:109860001B687B607B681800BD4602B080BDC046A7
:10987000289A012080B582B000AF00237B60044BA2
:109880001B683B603B681800BD4602B080BDC04607
:10989000289A012080B586B000AFF860B9607A6080
:1098A00000237B6107233B61FFF744FF3B4B1B68B1
:1098B000BA689A426AD33B69013B3B617A691300FB
:1098C000DB009B189B001A00FB6898183A6913008C
:1098D0009B009B189B00324A9B180122190000F044
:1098E00089FB02007B699B187B613B69002BE2D1FD
:1098F0007A691300DB009B189B001A00FB6898181C
:10990000284B1B680222190000F074FB02007B69DF
:109910009B187B617A691300DB009B189B001A007F
:10992000FB689818204B1B680222190000F062FBAC
:1099300002007B699B187B617A691300DB009B182E
:109940009B001A00FB689B1818490422180000F0BD
:1099500051FB02007B699B187B617A691300DB0075
:109960009B189B001A00FB689B18114903221800E2
:1099700000F040FB02007B699B187B617B68002B39
:1099800004D0F0F779FF02007B681A60FFF7DEFE73
:109990007B691800BD4606B080BDC046249A0120F0
:1099A00028990120DC990120E0990120F8990120F3
:1099B000109A012080B586B000AF00237B61464B32
:1099C0001B68002B00D07DE0444B1B6801333B61DA
:1099D000424B3A691A603B69002B10D1404B1B681F
:1099E000FB60404B1A683E4B1A603E4BFA681A60A7
:1099F0003D4B1B685A1C3C4B1A6000F079FB3B4BFB
:109A00001B683A699A4249D3354B1B681B68002B87
:109A100004D1364B012252421A603FE0304B1B68A2
:109A2000DB68DB68BB60BB685B687B603A697B684E
:109A30009A4203D22D4B7A681A602FE0BB68043338
:109A40001800FEF7E5FBBB689B6A002B04D0BB68DF
:109A500018331800FEF7DCFBBB68DA6A244B1B687E
:109A60009A4203D9BB68DA6A214B1A60BB68DA6A8A
:109A700013009B009B189B001E4A9A18BB68043376
:109A800019001000FEF76CFBBB68DA6A1A4B1B6802
:109A9000DB6A9A42B8D301237B61B5E7164B1B689A
:109AA000DA6A144913009B009B189B005B58012B3A
:109AB00001D901237B61114B1B68002B07D00123C7
:109AC0007B6104E00E4B1B685A1C0D4B1A607B69CE
:109AD0001800BD4606B080BD4C9A0120289A01208E
:109AE000DC990120E09901203C9A0120449A012050
:109AF0002C9A01202899012024990120389A0120CC
:109B0000349A012080B584B000AF3F4B1B68002B16
:109B100003D03E4B01221A6071E03C4B00221A60D8
:109B2000F0F7AAFE02003A4B1A60394B1A68394B1B
:109B30001B689A4209D9384B1B68596D344A106822
:109B4000344A1268821A8A185A65314B1A68314BA6
:109B50001A60314B1B681B6BBB60304B7B60BB6872
:109B60001B687A689A4211D1BB6804331B687A6813
:109B70009A420BD1BB6808331B687A689A4205D1B8
:109B8000BB680C331B687A689A4208D0224B1A686B
:109B9000214B1B68343319001000F9F7E1F9204B11
:109BA0001B68FB6002E0FB68013BFB601D49FA6833
:109BB00013009B009B189B005B58002BF3D0FA68A6
:109BC00013009B009B189B00164A9B183B603B6848
:109BD0005B685A683B685A603B685A683B68083360
:109BE0009A4204D13B685B685A683B685A603B689C
:109BF0005B68DA68084B1A60094BFA681A60C0465D
:109C0000BD4604B080BDC0464C9A0120389A012060
:109C1000549A0120509A012024990120A5A5A5A5B8
:109C20002C9A01202899012080B582B000AF78607D
:109C30003960094B1B6818331A007B681100180043
:109C4000FEF7B0FA3B680121180000F0DDFEC046C7
:109C5000BD4602B080BDC0462499012080B584B0C5
:109C600000AFF860B9607A600C4B1B6818331A00BB
:109C7000FB6811001800FEF773FA7B68002B02D016
:109C800001235B42BB607A68BB681100180000F0DA
:109C9000BBFEC046BD4604B080BDC046249901202D
:109CA00080B584B000AF78607B68DB68DB68BB6040
:109CB000BB6818331800FEF7ABFA1F4B1B68002B6C
:109CC0001DD1BB6804331800FEF7A2FABB68DA6A3C
:109CD0001A4B1B689A4203D9BB68DA6A174B1A60A1
:109CE000BB68DA6A13009B009B189B00144A9A1801
:109CF000BB68043319001000FEF732FA07E0BB68B6
:109D000018331A000F4B11001800FEF729FABB6830
:109D1000DA6A0D4B1B68DB6A9A4205D90123FB60A6
:109D20000A4B01221A6001E00023FB60FB68180067
:109D3000BD4604B080BDC0464C9A01202C9A01203B
:109D400028990120E499012024990120389A0120C2
:109D500080B582B000AF7860054B1A687B681A60E6
:109D6000044B1A687B685A60C046BD4602B080BD8D
:109D70003C9A0120289A012080B586B000AF786017
:109D80003960FEF7FDFA1D4B1B683B617B685B6821
:109D90003A69D31AFB603B681B68013302D1002388
:109DA0007B6124E07B681A68154B1B689A4207D0D8
:109DB0007B685B683A699A4202D301237B6116E0B3
:109DC0003B681B68FA689A420CD23B681A68FB68C9
:109DD000D21A3B681A607B681800FFF7B9FF0023AE
:109DE0007B6104E03B6800221A6001237B61FEF77F
:109DF000D9FA7B691800BD4606B080BD289A0120BB
:109E00003C9A012080B500AF024B01221A60C04687
:109E1000BD4680BD389A012080B582B000AF786021
:109E200000F04EF8034B1B68012BF9D9FEF798FAA6
:109E3000F6E7C0462899012080B582B000AF002324
:109E40007B600CE07A6813009B009B189B00144A0F
:109E50009B181800FEF75BF97B6801337B607B6819
:109E6000062BEFD90F4B1800FEF751F90E4B1800D7
:109E7000FEF74DF90D4B1800FEF749F90C4B180091
:109E8000FEF745F90B4B1800FEF741F90A4B054A5E
:109E90001A600A4B044A1A60C046BD4602B080BD33
:109EA00028990120B4990120C8990120E499012042
:109EB000F8990120109A0120DC990120E0990120F5
:109EC00080B582B000AF1AE0FEF75AFA104BDB689B
:109ED000DB687B607B6804331800FEF799F90D4B53
:109EE0001B685A1E0B4B1A600B4B1B685A1E0A4B01
:109EF0001A60FEF757FA7B68180000F0E8F8064B86
:109F00001B68002BE0D1C046C046BD4602B080BDF4
:109F1000F8990120249A01200C9A012080B586B07E
:109F200000AFF860B9607A601A00FB1C1A70FB6819
:109F3000002B02D12E4B1B6800E0FB687B61BB68E5
:109F40007A691A607B6934331A00BB685A607B698E
:109F5000DA6ABB681A617B691A6BBB68DA617B6974
:109F60005A6CBB689A607B69DA6CBB685A617B6922
:109F70005A6DBB689A61FB1C1B78052B1CD01C4BCF
:109F80001B687A699A4203D1BB6800221A731BE0EE
:109F9000BB68FA1C12781A73FB1C1B78032B13D1B5
:109FA000FFF7C8FB7B699B6A002B02D0BB680222CB
:109FB0001A73FFF7CBFB07E07B691800FFF776FA0F
:109FC00003001A00BB681A737B68002B09D07B69F9
:109FD0001B6B180000F061F803001A00BB681A84BC
:109FE00002E0BB6800221A84C046BD4606B080BDB0
:109FF0002499012080B58AB000AFF860B960FB1DDC
:10A000001A7000237B62BB681B68002B40D0BB68C2
:10A010003B623B6A5B685A683B6A5A603B6A5A68B3
:10A020003B6A08339A4204D13B6A5B685A683B6AD0
:10A030005A603B6A5B68DB68FB61BB68BB61BB69FC
:10A040005B685A68BB695A60BB695A68BB69083368
:10A050009A4204D1BB695B685A68BB695A60BB69A4
:10A060005B68DB687B617A6A1300DB009B189B00EE
:10A070001A00FB689918FB1D1B7878690122FFF70D
:10A080004DFF7B6A01337B627A69FB699A42D4D1C6
:10A090007B6A1800BD460AB080BD80B584B000AFB1
:10A0A00078600023FB6005E07B6801337B60FB6820
:10A0B0000133FB607B681B78A52BF5D0FB689B0800
:10A0C000FB60FB689BB21800BD4604B080BD80B544
:10A0D00082B000AF78607B681B6B1800FEF780FAD7
:10A0E0007B681800FEF77CFAC046BD4602B080BD12
:10A0F00080B582B000AF0B4B1B681B68002B04D1EE
:10A10000094B012252421A6008E0064B1B68DB68CB
:10A11000DB687B607B685A68034B1A60C046BD46AB
:10A1200002B080BDDC990120449A012080B582B044
:10A1300000AF0A4B1B68002B02D101237B6008E0B3
:10A14000074B1B68002B02D102237B6001E0002338
:10A150007B607B681800BD4602B080BD309A01204C
:10A160004C9A012080B584B000AF78607B68BB60FA
:10A170000023FB607B68002B51D0BB68DA6A2A4B56
:10A180001B68DB6A9A4241D2BB689B69002B06DBE5
:10A19000254B1B68DB6A0722D21ABB689A61BB6831
:10A1A0005969BB68DA6A13009B009B189B001F4A21
:10A1B0009B18994222D1BB6804331800FEF728F897
:10A1C000194B1B68DA6ABB68DA62BB68DA6A184B3B
:10A1D0001B689A4203D9BB68DA6A154B1A60BB68E0
:10A1E000DA6A13009B009B189B00104A9A18BB6800
:10A1F000043319001000FDF7B3FF04E00A4B1B689D
:10A20000DA6ABB68DA620123FB6008E0BB68DA6CDB
:10A21000054B1B68DB6A9A4201D20123FB60FB6895
:10A220001800BD4604B080BD249901202899012062
:10A230002C9A012080B584B000AF78607B68BB6049
:10A240000023FB607B68002B37D0BB681B6D5A1E58
:10A25000BB681A65BB68DA6ABB68DB6C9A422CD0B3
:10A26000BB681B6D002B28D1BB6804331800FDF7B9
:10A27000CFFFBB68DA6CBB68DA62BB68DB6A0722B7
:10A28000D21ABB689A61BB68DA6A0E4B1B689A42A5
:10A2900003D9BB68DA6A0B4B1A60BB68DA6A130031
:10A2A0009B009B189B00084A9A18BB68043319004E
:10A2B0001000FDF755FF0123FB60FB681800BD4649
:10A2C00004B080BD2C9A01202899012080B586B069
:10A2D00000AF786039607B683B610123FB607B687D
:10A2E000002B4BD03B69DB6C3A689A4202D93B6841
:10A2F0007B6102E03B69DB6C7B613B69DB6A7A690D
:10A300009A423BD03B691B6DFA689A4236D13B6951
:10A31000DB6ABB603B697A69DA623B699B69002B47
:10A3200004DB7B690722D21A3B699A613B69596950
:10A33000BA6813009B009B189B00124A9B18994215
:10A340001CD13B6904331800FDF762FF3B69DA6AF0
:10A350000D4B1B689A4203D93B69DA6A0A4B1A60B3
:10A360003B69DA6A13009B009B189B00054A9A1808
:10A370003B69043319001000FDF7F2FEC046BD46EC
:10A3800006B080BD289901202C9A012080B584B0A8
:10A3900000AF786039603A687B681100180008F0F7
:10A3A0000CFF7B681800E5F7B9FE0300FB6007E0CF
:10A3B0007A68FB68D31820221A70FB680133FB60AF
:10A3C000FB680B2BF4D97A68FB68D31800221A704B
:10A3D0007A68FB68D3181800BD4604B080BD000041
:10A3E000F0B589B002AF78607B6800221A704C4BE0
:10A3F0001B68FB604A4B1A681300DB009B189B002C
:10A400001800FEF74DF80300BB60BB68002B00D1BD
:10A4100082E0F968BB6800221800FFF73BFA0300EE
:10A42000FB6000237B616FE07A691300DB009B18FF
:10A430009B001A00BB689B181B7B042B1DD89A003D
:10A44000384BD3181B689F461323FB1858221A70E9
:10A4500018E01323FB1852221A7013E01323FB1881
:10A4600042221A700EE01323FB1853221A7009E0DF
:10A470001323FB1844221A7004E01323FB18002254
:10A480001A70C0467A691300DB009B189B001A0003
:10A49000BB689B185A687B6811001800FFF776FFAD
:10A4A00003007B601323FB181C787A691300DB0020
:10A4B0009B189B001A00BB689B181D697A691300E2
:10A4C000DB009B189B001A00BB689B181B8C1E00AE
:10A4D0007A691300DB009B189B001A00BB689B186D
:10A4E0009B6811497868019300962B00220008F0C0
:10A4F000C5FC7B681800E5F711FE02007B689B181D
:10A500007B607B6901337B617A69FB689A428BD3FC
:10A51000BB681800FEF764F8C046BD4607B0F0BD42
:10A52000249A01203CAA02082CAA020880B588B00F
:10A5300000AF78607B6800221A703F4B1B68BB61DC
:10A540003D4B1A681300DB009B189B001800FDF7B9
:10A55000A7FF03007B617B69002B68D00C23FA18EE
:10A56000B9697B691800FFF795F90300BB61FB68C7
:10A5700064211800E5F7EEFD0300FB60FB68002B8B
:10A5800051D00023FB614AE0FA691300DB009B18FD
:10A590009B001A007B699B189B69FA6811001800E0
:10A5A000E5F7D8FD03003B61FA691300DB009B1857
:10A5B0009B001A007B699B185A687B681100180081
:10A5C000FFF7E4FE03007B603B69002B0ED0FA69C5
:10A5D0001300DB009B189B001A007B699B189A698B
:10A5E0003B691649786808F049FC0DE0FA691300E8
:10A5F000DB009B189B001A007B699B189A69104925
:10A600007B68180008F03AFC7B681800E5F786FDC7
:10A6100002007B689B187B60FB690133FB61FA6970
:10A62000BB699A42B0D37B691800FDF7D9FFC046D9
:10A63000BD4608B080BDC046249A012050AA020839
:10A640005CAA020880B500AF064B1B68002B04D043
:10A65000044B1B681A6D01321A65024B1B68180007
:10A66000BD4680BD2499012080B584B000AF7860DC
:10A670003960FDF785FE1C4B1B689B6D002B0ED1CE
:10A68000194B1B685C22012199543B68002B06D0B2
:10A690003B680121180000F0B7F9FDF761FEFDF7F6
:10A6A00081FEFDF76DFE104B1B689B6DFB60FB6828
:10A6B000002B0CD07B68002B04D00B4B1B680022B6
:10A6C0009A6504E0084B1B68FA68013A9A65064BE4
:10A6D0001B685C2200219954FDF764FEFB6818009A
:10A6E000BD4604B080BDC0462499012080B588B025
:10A6F00000AFF860B9603B60FB1D1A700123FB617D
:10A70000FB68BB61FDF73CFE3B68002B03D0BB69D7
:10A710009A6D3B681A601723FB18BA695C21525C7A
:10A720001A70BB695C2202219954FB1D1B78042B13
:10A7300021D89A002A4BD3181B689F46BB699A6D93
:10A74000BB681A43BB699A6518E0BB699B6D5A1CCC
:10A75000BB699A6512E0BB69BA689A650EE0172377
:10A76000FB181B78022B03D0BB69BA689A6505E019
:10A770000023FB6102E0C04600E0C0461723FB183F
:10A780001B78012B25D1BB6904331800FDF740FD70
:10A79000BB69DA6A134B1B689A4203D9BB69DA6A50
:10A7A000104B1A60BB69DA6A13009B009B189B0070
:10A7B0000D4A9A18BB69043319001000FDF7D0FC4C
:10A7C000BB69DA6A094B1B68DB6A9A4201D9FDF75B
:10A7D000C7FDFDF7E7FDFB691800BD4608B080BD69
:10A7E00068AA02082C9A01202899012024990120A6
:10A7F00080B588B000AFF860B9603B60FB1D1A708F
:10A800000123FB61FB68BB61FDF7DEFD03007B619B
:10A810003B68002B03D0BB699A6D3B681A60132319
:10A82000FB18BA695C21525C1A70BB695C22022178
:10A830009954FB1D1B78042B21D89A00354BD31853
:10A840001B689F46BB699A6DBB681A43BB699A65D2
:10A8500018E0BB699B6D5A1CBB699A6512E0BB6925
:10A86000BA689A650EE01323FB181B78022B03D0FD
:10A87000BB69BA689A6505E00023FB6102E0C04647
:10A8800000E0C0461323FB181B78012B39D1224B63
:10A890001B68002B1DD1BB6904331800FDF7B8FC01
:10A8A000BB69DA6A1D4B1B689A4203D9BB69DA6A35
:10A8B0001A4B1A60BB69DA6A13009B009B189B0055
:10A8C000174A9A18BB69043319001000FDF748FCB9
:10A8D00007E0BB6918331A00124B11001800FDF78E
:10A8E0003FFCBB69DA6A104B1B68DB6A9A4208D9E5
:10A8F000BB6A002B02D0BB6A01221A600B4B0122FB
:10A900001A607B691800FDF765FDFB691800BD46FC
:10A9100008B080BD7CAA02084C9A01202C9A012024
:10A9200028990120E499012024990120389A0120D6
:10A9300080B586B000AF786039607B687B61FDF7D9
:10A9400043FD03003B610F203B187A695C21525C98
:10A950001A707B695C22022199547B699B6D5A1C99
:10A960007B699A653B181B78012B39D1204B1B68FA
:10A97000002B1DD17B6904331800FDF749FC7B696E
:10A98000DA6A1C4B1B689A4203D97B69DA6A194B55
:10A990001A607B69DA6A13009B009B189B00164AB9
:10A9A0009A187B69043319001000FDF7D9FB07E002
:10A9B0007B6918331A00114B11001800FDF7D0FB0A
:10A9C0007B69DA6A0E4B1B68DB6A9A4208D93B68DE
:10A9D000002B02D03B6801221A600A4B01221A6048
:10A9E0003B691800FDF7F6FCC046BD4606B080BDC9
:10A9F0004C9A01202C9A012028990120E4990120E9
:10AA000024990120389A012080B584B000AF786085
:10AA10003960214B1B68FB60204B1B680433180016
:10AA2000FDF7F6FB7B6801330BD13B68002B08D0A8
:10AA30001A4B1B681A1D1A4B11001800FDF790FBEA
:10AA400026E0FA687B68D318BB60144B1B68BA68B1
:10AA50005A60BA68FB689A4209D2124B1A680F4BC7
:10AA60001B68043319001000FDF79CFB10E00E4B2F
:10AA70001A680A4B1B68043319001000FDF792FB9B
:10AA80000A4B1B68BA689A4202D2084BBA681A602D
:10AA9000C046BD4604B080BD289A012024990120FB
:10AAA000109A0120E0990120DC990120449A0120AC
:10AAB00080B584B002AF00237B6000F0E3FA0A4B5C
:10AAC0001B68002B0BD0094A09490A480A4B01931D
:10AAD000032300930023FEF794FB03007B607B6855
:10AAE0001800BD4602B080BD889A0120C40900004C
:10AAF00090AA0208A9AC01088C9A012090B589B0EF
:10AB000002AFF860B9607A603B602C20FDF7C8FCAA
:10AB100003007B617B69002B0ED07B69282200211A
:10AB200099543C687A68B968F8687B690193BB6A94
:10AB30000093230000F005F87B691800BD4607B0BC
:10AB400090BD80B584B000AFF860B9607A603B60BA
:10AB5000FB69002B1ED000F095FAFB69FA681A60B9
:10AB6000FB69BA689A61FB693A68DA61FB69BA699C
:10AB70001A62FB6904331800FDF7E7FA7B68002BC3
:10AB800008D0FB6928229B5C04221343D9B2FB69DD
:10AB900028229954C046BD4604B080BD90B58BB004
:10ABA00000AFF860B9607A603B6000237B621D4BA8
:10ABB0001B68002B30D014243B19BA681A603B196B
:10ABC0007A685A603B19FA689A60BB68052B19DCF1
:10ABD000FFF7ACFA0300022B09D1124B1868BA6BCD
:10ABE00039190023FDF7ABFE03007B6214E00D4B27
:10ABF00018681423F91800230022FDF7A0FE0300B3
:10AC00007B6209E0074B18683A681423F91800239F
:10AC1000FDF72AFF03007B627B6A1800BD460BB07C
:10AC200090BDC046889A012080B586B002AF78609A
:10AC300039601C4B1B68DB68DB68FB60FB68043316
:10AC40001800FDF7E5FAFB6828229B5C1A00042334
:10AC5000134015D0FB689A697B68D1187B683A6805
:10AC6000F86800F0BFF8031E13D07A68F868002374
:10AC7000009300230021FFF791FF0300BB6008E071
:10AC8000FB6828229B5C01229343D9B2FB682822EF
:10AC90009954FB681B6AFA6810009847C046BD4685
:10ACA00004B080BD809A012080B584B000AF786088
:10ACB0000823FB18180000F053F80300FB60BA6883
:10ACC000FB681100180000F003F800F0CDF8EFE782
:10ACD00080B584B000AF78603960FEF72BFD0823A3
:10ACE000FB18180000F05EF80300FB60BB68002B47
:10ACF0002BD13B68002B0CD17A68FB689A4208D8AC
:10AD0000FEF724FDFA687B6811001800FFF78CFF3E
:10AD10001DE03B68002B08D00F4B1B681B68002B05
:10AD200001D1012300E000233B600C4B18687A68D6
:10AD3000FB68D31A3A681900FEF730FAFEF706FDF1
:10AD4000031E04D1FDF70CFB01E0FEF7FFFCC0463B
:10AD5000BD4604B080BDC046849A0120889A012077
:10AD600080B584B000AF78600D4B1B681B68002B6A
:10AD700001D1012200E000227B681A607B681B6819
:10AD8000002B05D1064B1B68DB681B68FB6001E0EC
:10AD90000023FB60FB681800BD4604B080BDC046C0
:10ADA000809A012080B584B000AF7860FEF754FD32
:10ADB0000300FB600A4B1B68FA689A4205D200F058
:10ADC00009F97B6801221A6002E07B6800221A60A0
:10ADD000034BFA681A60FB681800BD4604B080BDDA
:10ADE000909A012080B586B000AFF860B9607A60B3
:10ADF0003B6000237B61FB68BA685A60FB68FA68B5
:10AE00001A61BA687B689A4212D87A683B68D21A8B
:10AE1000FB689B699A4202D301237B611BE0104BC4
:10AE20001A68FB68043319001000FDF7BBF912E043
:10AE30007A683B689A4206D2BA683B689A4202D363
:10AE400001237B6107E0074B1A68FB680433190094
:10AE50001000FDF7A7F97B691800BD4606B080BD5C
:10AE6000849A0120809A012090B58DB002AF9CE0B9
:10AE70000822BB181B68002B0ADABB1804337B625C
:10AE80007B6A1A687B6A58687B6A9B6819009047DE
:10AE90000822BB181B68002B00DA86E0BB189B68F1
:10AEA0003B623B6A5B69002B04D03B6A04331800A9
:10AEB000FDF7AEF93B1D1800FFF774FF0300FB61BF
:10AEC0000823FB181B68092B6ED89A003F4BD31838
:10AED0001B689F463B6A28229B5C01221343D9B220
:10AEE0003B6A2822995408243B195A683B6A9B699B
:10AEF000D1183B195B68FA69386AFFF773FF031EC4
:10AF000053D03B6A1B6A3A6A100098473B6A282272
:10AF10009B5C1A000423134047D03B195A683B6AD4
:10AF20009B69D218386A0023009300230021FFF7A1
:10AF300035FE0300BB6138E03B6A28229B5C01229E
:10AF40009343D9B23B6A282299542EE03B6A2822C7
:10AF50009B5C01221343D9B23B6A282299540823EF
:10AF6000FB185A683B6A9A613B6A9A69FB69D11877
:10AF7000FB69FA69386AFFF735FF16E03B6A282259
:10AF80009B5C1A000223134004D13B6A1800FDF7B2
:10AF900027FB0AE03B6A28229B5C01229343D9B23B
:10AFA0003B6A2822995400E0C046094B1B680822DE
:10AFB000B91800221800FDF7F5FD031E00D057E771
:10AFC000C046C046BD460BB090BDC04698AA020818
:10AFD000889A012080B588B002AF3CE0274B1B68FF
:10AFE000DB681B683B61254B1B68DB68DB68FB602B
:10AFF000FB6804331800FDF70BF9FB681B6AFA685D
:10B0000010009847FB6828229B5C1A000423134019
:10B0100021D0FB689B693A69D318BB60BA683B6969
:10B020009A420ED9FB68BA685A60FB68FA681A61DE
:10B03000124B1A68FB68043319001000FDF7B2F8D0
:10B0400009E03A69F8680023009300230021FFF724
:10B05000A5FD03007B60094B1B681B68002BBDD15D
:10B06000064B1B687B61064B1A68044B1A60044B45
:10B070007A691A60C046BD4606B080BD809A01203C
:10B08000849A012080B500AFFDF77AF9144B1B6854
:10B09000002B20D1134B1800FDF739F8124B180084
:10B0A000FDF735F8114B0F4A1A60114B0E4A1A6022
:10B0B000002210210420FDF7DAFB0200084B1A6081
:10B0C000074B1B68002B06D0054B1B68094A110073
:10B0D0001800FEF73BF8FDF765F9C046BD4680BD98
:10B0E000889A0120589A01206C9A0120809A0120A8
:10B0F000849A0120C0AA020880B582B000AFFB1D6F
:10B1000000221A700B4B1A680A4B802149000A432F
:10B110001A60032000F016F8031E03D0FB1D012265
:10B120001A7001E000F008F8FB1D1B781800BD46FE
:10B1300002B080BD0020024080B500AFC046BD46D1
:10B1400080BD000090B585B000AF78600F23FB187C
:10B1500000221A701D4B1B78002B2BD01C4B1C6837
:10B160001A4B1B781900FA239800E4F7F3FF030049
:10B1700019002000E4F7EEFF0300180001F023FAA5
:10B18000031E12D17B68032B0AD8796801235B4226
:10B190000022180001F0F2F90E4B7A681A600DE0F7
:10B1A0000F23FB1801221A7008E00F23FB1801225D
:10B1B0001A7003E00F23FB1801221A700F23FB18EB
:10B1C0001B781800BD4605B090BDC046E4010020C4
:10B1D000C8010020E001002080B500AF054B1B78BE
:10B1E0001A00054B1B68D218034B1A60C046BD46B7
:10B1F00080BDC046E4010020949A012080B500AFD4
:10B20000024B1B681800BD4680BDC046949A0120C1
:10B2100080B584B000AF7860FFF7F0FF0300BB603B
:10B220007B68FB60FB68013305D00A4B1B781A0072
:10B23000FB689B18FB60C046FFF7E0FF0200BB689D
:10B24000D31AFA689A42F7D8C046C046BD4604B041
:10B2500080BDC046E401002080B500AF034B1B68F1
:10B260001B0C1B041B0C1800BD4680BD0058014080
:10B2700080B500AF034B1B681B051B0D1800BD46B6
:10B2800080BDC0460058014080B582B000AF7860F4
:10B2900039607B681B68054A1A403B681A437B6823
:10B2A0001A60C046BD4602B080BDC046FFFF3FFEEB
:10B2B00080B582B000AF78607B681A68E0235B04D9
:10B2C00013401800BD4602B080BD80B584B000AF09
:10B2D000F860B9607A60FB685B69BA6804210A406B
:10B2E000072191400A00D2431A40BB6804210B4059
:10B2F000796899400B001A43FB685A61C046BD4605
:10B3000004B080BD80B582B000AF786039607B68E2
:10B310005B693A6804210A40072191400A001A40FB
:10B320003B6804210B40DA4013001800BD4602B010
:10B3300080BD80B582B000AF78607B68DA68C023DA
:10B340001B01134001D1012300E000231800BD467A
:10B3500002B080BD80B584B000AFF860B9607A609B
:10B36000FB689B6ABA681F210A400F2191400A00BE
:10B37000D2431A407B689B0E0F211940BB681F20E7
:10B38000034099400B001A43FB689A62C046BD46D1
:10B3900004B080BD80B582B000AF786039607B6852
:10B3A0009A6A3B685B035B0B1A437B689A62C046F0
:10B3B000BD4602B080BD80B582B000AF7860396014
:10B3C0007B689B6A3A685203520BD2431A407B68EF
:10B3D0009A62C046BD4602B080BD000080B584B010
:10B3E00000AFF860B9607A60FB685B69BA68120206
:10B3F000D2431A40BB681B0279680B4004490B40DA
:10B400001A43FB685A61C046BD4604B080BDC046C1
:10B4100000FFFF0780B582B000AF78607B689B6853
:10B42000054A1340802252051A437B689A60C04641
:10B43000BD4602B080BDC046E8FFFF6F80B582B058
:10B4400000AF78607B689A6880235B051A40802390
:10B450005B059A4201D1012300E000231800BD469C
:10B4600002B080BD80B582B000AF78607B689B6819
:10B47000044A134001221A437B689A60C046BD46C5
:10B4800002B080BDE8FFFF7F80B582B000AF78607A
:10B490007B689B68044A134002221A437B689A60C7
:10B4A000C046BD4602B080BDE8FFFF7F80B582B0D8
:10B4B00000AF78607B689B6801221340012B01D1AB
:10B4C000012300E000231800BD4602B080BD80B516
:10B4D00082B000AF78607B689B6802221340022B29
:10B4E00001D1012300E000231800BD4602B080BD59
:10B4F00080B582B000AF78607B689B68044A1340D7
:10B5000004221A437B689A60C046BD4602B080BDE3
:10B51000E8FFFF7F80B582B000AF78607B689B68F2
:10B52000044A134010221A437B689A60C046BD4605
:10B5300002B080BDE8FFFF7F80B582B000AF7860C9
:10B540007B689B6804221340042B01D1012300E097
:10B5500000231800BD4602B080BD000080B588B051
:10B5600000AF78601F23FB1800221A700023BB6114
:10B5700000237B610023FB607B68002B01D101234A
:10B580007FE17B689B6D002B0AD17B681800F6F782
:10B5900023F97B680022DA657B68542200219954E4
:10B5A0007B681B681800FFF749FF031E15D17B68F5
:10B5B0001B681800FFF72EFFB44B1B68B449180036
:10B5C000E4F7C8FD030001335B00FB6002E0FB68A9
:10B5D000013BFB60FB68002BF9D17B681B681800FE
:10B5E000FFF72CFF031E0FD17B689B6D10221A43BF
:10B5F0007B689A657B68DB6D01221A437B68DA659C
:10B600001F23FB1801221A707B681B681800FFF7C4
:10B6100093FF03003B617B689B6D1022134000D0B9
:10B6200022E13B69002B00D01EE17B689B6D994AAB
:10B63000134002221A437B689A657B681B681800D6
:10B64000FFF734FF031E00D0ADE07B689A687B688B
:10B650001B7E9B031A437B685B7EDB031A437B687C
:10B660009B7E5B031A437B681B6B002B02D08023FD
:10B670005B0100E000231A437B68DB681A437B68A8
:10B680001B69002B04DA7B681B695B005B0801E027
:10B6900080239B031A437B682C215B5C5B00134374
:10B6A000BA691343BB617B6820229B5C012B15D1D7
:10B6B0007B689B7E002B05D1BB698022520213431D
:10B6C000BB610BE07B689B6D20221A437B689A6507
:10B6D0007B68DB6D01221A437B68DA657B685B6AF5
:10B6E000002B0AD07B685A6AE0235B001A407B6813
:10B6F0009B6A1343BA691343BB617B681B68DB68B1
:10B70000654A134019007B681B68BA690A43DA600E
:10B710007B685B689B0F9A077B68DB6C13437A69D5
:10B7200013437B617B683C229B5C012B11D17B68BE
:10B730005B689B0F9A077B681B6C1A437B685B6C8A
:10B740001A437B689B6C1A437B69134301221343A2
:10B750007B617B681B681B69504A134019007B683A
:10B760001B687A690A431A617B685A68C0231B0602
:10B770009A4218D07B685A688023DB059A4212D01F
:10B780007B685A6880231B069A420CD0444B1B6886
:10B79000444A134019007B685A68F0239B031A40FF
:10B7A0003F4B0A431A607B6818687B685B6B1A0022
:10B7B0000021FFF78AFD7B6818687B689B6B3A491C
:10B7C0001A00FFF782FD7B681B69002B09D17B689B
:10B7D0001B689A6A7B681B68102149420A439A6277
:10B7E00018E07B681A6980239B039A4212D17B6818
:10B7F0001B689B6A7B68DB69013B9B001C22134032
:10B80000102252429A4011007B681A6E7B681B68B6
:10B810000A439A627B681B6800211800FFF772FDDB
:10B8200002007B685B6B9A420BD17B680022DA6571
:10B830007B689B6D0322934301221A437B689A65C0
:10B840001CE07B689B6D1222934310221A437B6895
:10B850009A657B68DB6D01221A437B68DA651F23DA
:10B86000FB1801221A7009E07B689B6D10221A43B5
:10B870007B689A651F23FB1801221A701F23FB188F
:10B880001B781800BD4608B080BDC046C801002026
:10B89000400D0300FDFEFFFF0102DEFF02FCFF1F63
:10B8A00008270140FFFFC3FF04FFFF07B0B584B0C6
:10B8B00000AF78607B681B681800FFF73DFE031E31
:10B8C00035D17B6854229B5C012B01D1022335E0EA
:10B8D0007B685422012199540F257C197B6818003C
:10B8E00000F028FB030023707B191B78002B19D173
:10B8F0007B689B6D134A1340802252001A437B6879
:10B900009A657B680022DA657B681B681C221A60D6
:10B910007B685422002199547B681B681800FFF74C
:10B92000E7FD08E07B6854220021995403E00F23CF
:10B93000FB1802221A700F23FB181B781800BD4653
:10B9400004B0B0BDFEF0FFFFB0B584B000AF7860CA
:10B950007B6854229B5C012B01D1022329E07B6888
:10B960005422012199540F257C197B68180000F09E
:10B970009FFA030023707B191B78002B12D17C19CE
:10B980007B68180000F05CFB030023707B191B78B8
:10B99000002B07D17B689B6D084A134001221A4394
:10B9A0007B689A657B685422002199540F23FB1809
:10B9B0001B781800BD4604B0B0BDC046FEFEFFFFB8
:10B9C00080B584B000AF786039607B685B69082B14
:10B9D00002D10823FB600FE07B681B68DB68012253
:10B9E000134007D07B689B6D20221A437B689A65C1
:10B9F000012372E00423FB60FFF700FC0300BB603F
:10BA00001FE03B6801331CD0FFF7F8FB0200BB6866
:10BA1000D31A3A689A4202D33B68002B11D17B6853
:10BA20001B681B68FA6813400BD17B689B6D04226E
:10BA30001A437B689A657B6854220021995403233A
:10BA40004BE07B681B681B68FA681340D9D07B68A1
:10BA50009B6D802292001A437B689A657B681B6805
:10BA60001800FFF766FC031E2ED07B689B7E002B20
:10BA70002AD17B681B681B6808221340082B23D13E
:10BA80007B681B681800FFF757FD031E10D17B6809
:10BA90001B685A687B681B680C218A435A607B6864
:10BAA0009B6D104A134001221A437B689A650BE094
:10BAB0007B689B6D20221A437B689A657B68DB6DEF
:10BAC00001221A437B68DA657B681B7E002B03D159
:10BAD0007B681B680C221A6000231800BD4604B066
:10BAE00080BDC046FEFEFFFF80B582B000AF78602B
:10BAF0007B681B681B6C1800BD4602B080BD00004F
:10BB000080B586B000AF786039601723FB1800223B
:10BB10001A700023FB607B6854229B5C012B01D1CF
:10BB20000223C0E17B685422012199547B681B6881
:10BB30001800FFF701FD031E00D0A3E13B685B681E
:10BB4000022B00D143E17B681A6980231B069A42CD
:10BB500004D07B681B69C14A934208D17B681A688C
:10BB60003B681B6819001000FFF714FCC9E07B68F4
:10BB70001A6E3B685B681F210B400F2199400B0038
:10BB8000DB43134019003B681B685B035B0B05D16B
:10BB90003B681B689B0E1F22134098E03B681B68A4
:10BBA0000122134000D091E03B681B680222134041
:10BBB00000D089E03B681B680422134000D081E07C
:10BBC0003B681B680822134000D079E03B681B6883
:10BBD0001022134000D071E03B681B682022134004
:10BBE00000D069E03B681B684022134000D061E050
:10BBF0003B681B688022134000D059E03B681A68FC
:10BC000080235B00134051D13B681A6880239B005E
:10BC1000134049D13B681A688023DB00134041D1AF
:10BC20003B681A6880231B01134039D13B681A68AE
:10BC300080235B01134031D13B681A6880239B014C
:10BC4000134029D13B681A688023DB01134021D1BE
:10BC50003B681A6880231B02134019D13B681A689D
:10BC600080235B02134011D13B681A6880239B023A
:10BC7000134009D13B681A688023DB02134001D0CE
:10BC8000122324E0002322E0112320E010231EE0F1
:10BC90000F231CE00E231AE00D2318E00C2316E0FE
:10BCA0000B2314E00A2312E0092310E008230EE01E
:10BCB00007230CE006230AE0052308E0042306E03E
:10BCC000032304E0022302E0012300E000233A689A
:10BCD00052681F20024093400A001A437B681A668C
:10BCE0003B685B689B085A1C7B68DB699A4208D8F2
:10BCF0007B6818683B6859683B681B681A00FFF747
:10BD000029FB7B6818683B6819683B689B681A00C8
:10BD1000FFF764FB3B681B68002B00DBBCE0504B6B
:10BD20001800FFF7C5FA03003B613B681B684D4AEA
:10BD3000934222D13A6980231B0413401DD13B69F1
:10BD4000802212041343464A19001000FFF79CFAA0
:10BD5000454B1B6845491800E4F7FCF903005A1CE1
:10BD600013005B009B189B00FB6002E0FB68013B3B
:10BD7000FB60FB68002BF9D18EE03B681B683C4AF6
:10BD800093420ED13A6980235B04134009D13B6989
:10BD9000802252041343324A19001000FFF774FA4C
:10BDA0007AE03B681B68334A934200D074E03A69FA
:10BDB0008023DB03134000D06EE03B698022D20376
:10BDC0001343274A19001000FFF75EFA64E07B680E
:10BDD0001A6980231B069A4204D07B681B691F4A9C
:10BDE000934207D17B681A683B681B6819001000F2
:10BDF000FFF7E1FA3B681B68002B4DDA184B18007F
:10BE0000FFF756FA03003B613B681B68154A9342F3
:10BE100008D13B69184A1340114A19001000FFF776
:10BE200033FA39E03B681B68114A934208D13B69F9
:10BE3000124A13400A4A19001000FFF725FA2BE0B6
:10BE40003B681B680B4A934226D13B690C4A13405E
:10BE5000034A19001000FFF717FA1DE004000080E4
:10BE600008270140001000B0C8010020400D030069
:10BE7000004000B8002000B4FFFF7FFFFFFFFFFE7F
:10BE8000FFFFBFFF7B689B6D20221A437B689A658A
:10BE90001723FB1801221A707B6854220021995441
:10BEA0001723FB181B781800BD4606B080BDC0469E
:10BEB00080B584B000AF78607B681B681800FFF71E
:10BEC0003BFB031E31D07B681B681800FFF7FFFAAD
:10BED000031E04D17B681B681800FFF71BFBFFF7EC
:10BEE0008DF90300FB601AE0FFF788F90200FB6898
:10BEF000D31A022B13D97B681B689B68042213405A
:10BF00000DD07B689B6D10221A437B689A657B6815
:10BF1000DB6D01221A437B68DA65012306E07B684A
:10BF20001B689B6804221340DED100231800BD4625
:10BF300004B080BD80B584B000AF78600023BB60E2
:10BF40007B681B681800FFF7B1FA031E00D069E098
:10BF50007B681B689B68364A13400DD07B689B6DDD
:10BF600010221A437B689A657B68DB6D01221A43B5
:10BF70007B68DA65012356E07B681B681800FFF7D1
:10BF800071FA2C4B1800FFF793F9020080231B0471
:10BF900013400FD0284B1B6828491800E4F7DAF843
:10BFA00003000133BB6002E0BB68013BBB60BB68C0
:10BFB000002BF9D17B685B7E012B33D0FFF71EF994
:10BFC0000300FB6027E07B681B681800FFF76EFA30
:10BFD000031E04D17B681B681800FFF743FAFFF7C4
:10BFE0000DF90200FB68D31A022B14D97B681B6879
:10BFF0001B6801221340012B0DD07B689B6D102222
:10C000001A437B689A657B68DB6D01221A437B6863
:10C01000DA65012307E07B681B681B680122134077
:10C02000012BD0D100231800BD4604B080BDC0460E
:10C030001700008008270140C8010020400D0300C0
:10C0400080B584B000AF78607B681B681800FFF78C
:10C050003EFA0300FB607B681B681800FFF726FAB6
:10C06000031E46D0FB68002B43D17B681B689B688E
:10C0700005221340012B0DD17B681B681800FFF7C8
:10C0800003FA7B681B6803221A60FFF7B7F8030006
:10C09000BB6028E07B689B6D10221A437B689A6521
:10C0A0007B68DB6D01221A437B68DA65012321E09E
:10C0B000FFF7A4F80200BB68D31A022B13D97B68E0
:10C0C0001B689B68012213400DD07B689B6D10227A
:10C0D0001A437B689A657B68DB6D01221A437B6893
:10C0E000DA65012306E07B681B689B680122134028
:10C0F000DED100231800BD4604B080BD80B582B0FB
:10C1000000AF78607B681A68F0239B031340180027
:10C11000BD4602B080BD80B582B000AF78607B685C
:10C120001B699B0F9B071800BD4602B080BD80B500
:10C1300082B000AF786039607B68B4229B587F2260
:10C1400093431A003B681A437B68B4215A50C04697
:10C15000BD4602B080BD80B582B000AF78607B681C
:10C16000B4229B587F2213401800BD4602B080BD08
:10C1700080B582B000AF78607B689B68044A13404A
:10C1800001221A437B689A60C046BD4602B080BD5A
:10C19000E8FFFF7F80B582B000AF78607B689B6866
:10C1A000044A134002221A437B689A60C046BD4687
:10C1B00002B080BDE8FFFF7F80B582B000AF78603D
:10C1C0007B689B6801221340012B01D1012300E011
:10C1D00000231800BD4602B080BD000080B582B0CB
:10C1E00000AF78607B689B68054A13408022120686
:10C1F0001A437B689A60C046BD4602B080BDC04607
:10C20000E8FFFF7F80B582B000AF78607B689B68F5
:10C21000DB0FDA0780231B069A4201D1012300E0DD
:10C2200000231800BD4602B080BD000090B58BB061
:10C2300000AF78600023FB6000233B627B685422E0
:10C240009B5C012B01D10223DDE07B68542201219C
:10C2500099541F23FC187B681800FFF7F1FE0300B8
:10C2600023707B681B681800FFF7A6FF031E00D031
:10C27000BCE07B689B6D664A134002221A437B68D0
:10C280009A657B681B68DB68624A1340BB617B6808
:10C290001B68DA687B681B685F490A40DA60002324
:10C2A0007B622DE07B681B681800FFF797FF14E0A6
:10C2B000FB680133FB60FB68584A93420DD97B68E9
:10C2C0009B6D1222934310221A437B689A657B6808
:10C2D000542200219954012395E07B681B681800C3
:10C2E000FFF790FF031EE3D17B681B681800FFF780
:10C2F00032FF02003B6A9B183B627B6A01337B6220
:10C300007B6A072BCED9796A386AE3F723FF0300EB
:10C310003B627B681B681800FFF72AFF7B681B687D
:10C320001800FFF7F8FE031E1BD13D4B1800FFF766
:10C33000E5FE03007B617A69E0235B039A4210D338
:10C340007B699B0C033B01229A401300BB60BB68D6
:10C350005B08BB6002E0BB68013BBB60BB68002BB5
:10C36000F9D17B681B683A6A11001800FFF7DFFEFD
:10C370007B681B681800FFF70DFFFEF73FFF030007
:10C380003B611BE0FEF73AFF02003B69D31A022B28
:10C3900014D97B681B681800FFF70EFF031E0DD031
:10C3A0007B689B6D10221A437B689A657B68DB6D06
:10C3B00001221A437B68DA65012324E07B681B684D
:10C3C0001800FFF7F9FE031EDCD17B681B68D968F3
:10C3D0007B681B68BA690A43DA607B689B6D03223D
:10C3E000934301221A437B689A6505E07B689B6D45
:10C3F00010221A437B689A657B6854220021995465
:10C400001F23FB181B781800BD460BB090BDC0461B
:10C41000FDFEFFFF03800000FC7FFFFFFFF1020035
:10C420000827014080B582B000AF0200FB1D1A70E2
:10C43000FB1D1B787F2B09D8FB1D1B781A001F23BF
:10C440001A40044B012191400A001A60C046BD46C3
:10C4500002B080BD00E100E090B583B000AF020003
:10C460003960FB1D1A70FB1D1B787F2B28D82F4AC3
:10C47000FB1D1B785BB29B08C0339B009B58FA1DC9
:10C480001278110003220A40D200FF2191400A00D5
:10C49000D2431A4011003B689B01FF221A40FB1D4A
:10C4A0001B78180003230340DB009A401F48FB1D44
:10C4B0001B785BB29B080A43C0339B001A5031E0E3
:10C4C0001B4AFB1D1B7819000F230B40083B9B08E0
:10C4D00006339B00D31804331B68FA1D1278110031
:10C4E00003220A40D200FF2191400A00D2431A40A1
:10C4F00011003B689B01FF221A40FB1D1B781800AE
:10C5000003230340DB009A400948FB1D1B781C00F5
:10C510000F232340083B9B080A4306339B00C318A4
:10C5200004331A60C046BD4603B090BD00E100E090
:10C5300000ED00E080B582B000AF78607B685A1EE5
:10C5400080235B049A4201D3012310E00A4B7A68EE
:10C55000013A5A6001235B4203211800FFF77CFF78
:10C56000054B00229A60044B07221A600023180032
:10C57000BD4602B080BDC04610E000E080B584B08A
:10C5800000AFB9607A600F217B18021C1A70BA687C
:10C590007B181B785BB211001800FFF75DFFC046E7
:10C5A000BD4604B080BD80B582B000AF0200FB1D67
:10C5B0001A70FB1D1B785BB21800FFF733FFC046F3
:10C5C000BD4602B080BD80B582B000AF78607B68A8
:10C5D0001800FFF7AFFF03001800BD4602B080BD92
:10C5E00080B582B000AF78607B68002B01D1012359
:10C5F00056E07B685B7FDBB2002B06D17B680022B4
:10C600001A777B681800F4F77BFD7B6802225A7763
:10C610007B681B79002B0CD17B681B68224A5A610E
:10C620007B681B689A687B681B6818218A439A603C
:10C630000BE07B6899687B68DA687B68180000F01B
:10C6400093F9031E01D001232AE07B685B79002B5C
:10C6500005D17B681B68012252421A6104E07B68A5
:10C660001B687A6812691A617B681B689B68602284
:10C67000934319007B685A697B681B680A439A6078
:10C680007B681B689B688022934319007B689A69CA
:10C690007B681B680A439A607B6801225A770023F3
:10C6A0001800BD4602B080BDB71DC10480B586B07C
:10C6B00000AFF860B9607A6000233B61FB6802223A
:10C6C0005A77FB681B6A032B05D02DD8012B19D094
:10C6D000022B20D028E000237B610AE07B699B00CD
:10C6E000BA68D218FB681B6812681A607B6901334C
:10C6F0007B617A697B689A42F0D3FB681B681B6890
:10C700003B6112E07A68B968FB68180000F064F8D1
:10C7100003003B6109E07A68B968FB68180000F023
:10C72000ECF803003B6100E0C046FB6801225A7749
:10C730003B691800BD4606B080BD80B586B000AF2D
:10C74000F860B9607A6000233B61FB6802225A7787
:10C75000FB681B689A68FB681B6801210A439A60A2
:10C76000FB681B6A032B05D02DD8012B19D0022B97
:10C7700020D028E000237B610AE07B699B00BA6837
:10C78000D218FB681B6812681A607B6901337B61F1
:10C790007A697B689A42F0D3FB681B681B683B612F
:10C7A00012E07A68B968FB68180000F015F8030019
:10C7B0003B6109E07A68B968FB68180000F09DF8F1
:10C7C00003003B6100E0C046FB6801225A773B69E9
:10C7D0001800BD4606B080BD80B588B000AFF860D7
:10C7E000B9607A600023FB6123E0FB699B00BA68B3
:10C7F000D3181B781A06FB699B000133B968CB1864
:10C800001B781B041A43FB699B000233B968CB18E1
:10C810001B781B021A43FB699B000333B968CB18D2
:10C820001B781900FB681B680A431A60FB69013317
:10C83000FB617B689B08FA699A42D6D37B68032226
:10C84000134053D07B6803221340012B07D1FB69AF
:10C850009B00BA68D218FB681B6812781A707B6854
:10C8600003221340022B19D1FB699B00BA68D3182D
:10C870001B781B021AB2FB699B000133B968CB1805
:10C880001B781BB213431AB21A217B181A80FB685B
:10C890001B687B617B697A1812881A807B68032287
:10C8A0001340032B22D1FB699B00BA68D3181B7875
:10C8B0001B021AB2FB699B000133B968CB181B78C5
:10C8C0001BB213431AB21A217B181A80FB681B682B
:10C8D0007B617B697A1812881A80FB699B0002339E
:10C8E000BA68D218FB681B6812781A70FB681B685C
:10C8F0001B681800BD4608B080BD80B586B000AF8B
:10C90000F860B9607A6000237B6113E07B699B006B
:10C91000BA68D3181B881A047B699B000233B96874
:10C92000CB181B881900FB681B680A431A607B69D7
:10C9300001337B617B685B087A699A42E6D37B6846
:10C940000122134009D0FB681B683B617B699B0097
:10C95000BA68D3181A883B691A80FB681B681B6881
:10C960001800BD4606B080BD80B586B000AFF86047
:10C97000B9607A6017217B1800221A701F233B616F
:10C98000BB680122134003D17B1801221A7045E0D5
:10C99000C0463B695A1E3A61002B08D03B691F22F2
:10C9A0001340BA68DA40130001221340F1D07B68CB
:10C9B000182B0FD07B68182B24D87B68102B11D034
:10C9C0007B68102B1ED87B68002B20D07B68082B3F
:10C9D00010D017E03B69062B1BD91723FB18012247
:10C9E0001A7016E03B69072B15D91723FB18012293
:10C9F0001A7010E03B690F2B0FD91723FB18012287
:10CA00001A700AE01723FB1801221A7006E0C046CC
:10CA100004E0C04602E0C04600E0C0461723FB1811
:10CA20001B78002B0ED1FB681B68BA685A61FB6843
:10CA30001B689B68182293431900FB681B687A687F
:10CA40000A439A601723FB181B781800BD4606B0EE
:10CA500080BD000080B582B000AF78607B68002B9D
:10CA600001D1012391E07B681B681A00494B9A426F
:10CA700010D87B681B68484A944663441421180008
:10CA8000E3F768FB03009A007B685A647B68434ABB
:10CA90001A640FE07B681B68414A94466344142182
:10CAA0001800E3F757FB03009A007B685A647B6821
:10CAB0003C4A1A647B682522022199547B681B68D2
:10CAC0001A687B681B6838490A401A607B681B68D3
:10CAD00019687B689A687B68DB681A437B681B6906
:10CAE0001A437B685B691A437B689B691A437B68BE
:10CAF000DB691A437B681B6A1A437B681B680A431D
:10CB00001A607B68180000F0A9FA7B689A68802395
:10CB1000DB019A4202D17B6800225A607B685A6826
:10CB20007B689B6C7F210A401A607B68DB6C7A68AB
:10CB3000126D5A607B685B68002B11D07B685B6864
:10CB4000042B0DD87B68180000F0D2FA7B685B6D6F
:10CB500000221A607B689B6D7A68D26D5A6008E08B
:10CB60007B6800225A657B6800229A657B680022F8
:10CB7000DA657B680022DA637B68252201219954FB
:10CB80007B6824220021995400231800BD4602B07E
:10CB900080BDC04607040240F8FFFDBF0000024010
:10CBA000F8FBFDBF000402400F80FFFF80B586B098
:10CBB00000AFF860B9607A603B601723FB18002271
:10CBC0001A70FB6824229B5C012B01D102236FE0C9
:10CBD000FB68242201219954FB6825229B5CDBB26F
:10CBE000012B57D1FB68252202219954FB680022B2
:10CBF000DA63FB681B681A68FB681B6801218A43BB
:10CC00001A603B687A68B968F86800F0EBF9FB686D
:10CC10001B6B002B08D0FB681B681A68FB681B683D
:10CC20000E210A431A600FE0FB681B681A68FB6854
:10CC30001B6804218A431A60FB681B681A68FB683A
:10CC40001B680A210A431A60FB689B6C1A688023E0
:10CC50005B02134008D0FB689B6C1A68FB689B6CF6
:10CC6000802149000A431A60FB685B6D002B08D0E5
:10CC7000FB685B6D1A68FB685B6D802149000A43A5
:10CC80001A60FB681B681A68FB681B6801210A436D
:10CC90001A600AE0FB688022DA63FB682422002124
:10CCA00099541723FB1801221A701723FB181B78BD
:10CCB0001800BD4606B080BD80B582B000AF786078
:10CCC0007B68002B01D101234FE07B6825229B5C10
:10CCD000DBB2022B08D07B680422DA637B68242253
:10CCE00000219954012340E07B681B681A687B6827
:10CCF0001B680E218A431A607B689B6C1A687B68EC
:10CD00009B6C1C490A401A607B681B681A687B6828
:10CD10001B6801218A431A607B685B6C1C221A40E5
:10CD20007B681B6C012191400A005A607B68DB6CB8
:10CD30007A68126D5A607B685B6D002B0CD07B6843
:10CD40005B6D1A687B685B6D0A490A401A607B68F4
:10CD50009B6D7A68D26D5A607B68252201219954B7
:10CD60007B6824220021995400231800BD4602B09C
:10CD700080BDC046FFFEFFFF80B584B000AF786085
:10CD80000F217B1800221A707B6825229B5CDBB286
:10CD9000022B06D07B680422DA637B1801221A700A
:10CDA00048E07B681B681A687B681B680E218A4311
:10CDB0001A607B681B681A687B681B6801218A43BC
:10CDC0001A607B689B6C1A687B689B6C1D490A40E3
:10CDD0001A607B685B6C1C221A407B681B6C01210B
:10CDE00091400A005A607B68DB6C7A68126D5A6069
:10CDF0007B685B6D002B0CD07B685B6D1A687B6871
:10CE00005B6D10490A401A607B689B6D7A68D26D31
:10CE10005A607B682522012199547B6824220021D5
:10CE200099547B689B6B002B04D07B689B6B7A6862
:10CE3000100098470F23FB181B781800BD4604B05C
:10CE400080BDC046FFFEFFFF80B584B000AF7860B4
:10CE50007B681B6C1B68FB607B681B681B68BB6086
:10CE60007B685B6C1C22134004229A401300FA6812
:10CE7000134026D0BB680422134022D07B681B6875
:10CE80001B682022134007D17B681B681A687B68E7
:10CE90001B6804218A431A607B685B6C1C221A4061
:10CEA0007B681B6C042191400A005A607B681B6BF5
:10CEB000002B00D180E07B681B6B7A6810009847DC
:10CEC0007AE07B685B6C1C22134002229A401300BC
:10CED000FA6813403CD0BB680222134038D07B680C
:10CEE0001B681B68202213400BD17B681B681A68E3
:10CEF0007B681B680A218A431A607B68252201210E
:10CF000099547B681B681A002E4B9A4209D97B689A
:10CF10005B6C1C221A402C4B022191400A005A6083
:10CF200008E07B685B6C1C221A40284B0221914070
:10CF30000A005A607B682422002199547B68DB6ACE
:10CF4000002B39D07B68DB6A7A681000984733E0A1
:10CF50007B685B6C1C22134008229A401300FA681D
:10CF600013402AD0BB680822134026D07B681B6878
:10CF70001A687B681B680E218A431A607B685B6CA9
:10CF80001C221A407B681B6C012191400A005A60E8
:10CF90007B680122DA637B682522012199547B6832
:10CFA0002422002199547B685B6B002B05D07B68A1
:10CFB0005B6B7A6810009847C046C046BD4604B017
:10CFC00080BDC046800002400004024000000240D4
:10CFD00080B582B000AF78607B68DB6B1800BD461F
:10CFE00002B080BD80B584B000AFF860B9607A60EF
:10CFF0003B60FB68DB6CFA68126D5A60FB685B6D26
:10D00000002B04D0FB689B6DFA68D26D5A60FB68F8
:10D010005B6C1C221A40FB681B6C012191400A00CA
:10D020005A60FB681B683A685A60FB689B68102B63
:10D0300008D1FB681B687A689A60FB681B68BA684D
:10D04000DA6007E0FB681B68BA689A60FB681B68D7
:10D050007A68DA60C046BD4604B080BD80B584B051
:10D0600000AF78607B681B681A001D4B9A4214D889
:10D070007B685B6C9B089B001A4A9A187B689A64D1
:10D080007B681B681A00FF231340083B142118001B
:10D09000E3F760F80300FB6014E07B685B6C9B08BF
:10D0A0009B00114A9A187B689A647B681B681A0077
:10D0B000FF231340083B14211800E3F74BF803004B
:10D0C0000733FB607B68094ADA64FB681F22134060
:10D0D00001229A407B681A65C046BD4604B080BDF7
:10D0E00007040240000802401C0802408008024079
:10D0F00080B584B000AF78607B685B687F221340A6
:10D10000FB60FB680A4A944663449B001A007B68F4
:10D110005A657B68074A9A65FB68013B0322134006
:10D1200001229A407B68DA65C046BD4604B080BDE6
:10D130003F82001040090240B0B586B000AFF860F1
:10D14000B9603A607B60214B1B78012B01D102232F
:10D1500038E01E4B01221A701C4B00225A60172522
:10D160007C19FA239B00180000F07AF80300237062
:10D170007B191B78002B1FD1FB68012B06D13A6865
:10D180007B68B968080000F0B9F805E03A68BB6848
:10D19000110018000AF074FD1723FC18FA239B00F5
:10D1A000180000F05DF803002370094B5A69FB6812
:10D1B000D943074B0A405A61044B00221A701723C7
:10D1C000FB181B781800BD4606B0B0BD989A012028
:10D1D0000020024080B582B000AFFB1D00221A7013
:10D1E0000B4B5B69002B0CDA094B0A4A9A60084B1F
:10D1F000094A9A60064B5B69002B02DAFB1D01228B
:10D200001A70FB1D1B781800BD4602B080BDC046D9
:10D210000020024023016745AB89EFCD80B582B085
:10D2200000AFFB1D01221A70FA239B00180000F0CA
:10D2300017F80A4B5A69094B802109060A435A61BB
:10D24000064B5B69002B02DAFB1D00221A70FB1DE6
:10D250001B781800BD4602B080BDC04600200240C9
:10D2600080B584B000AF7860FDF7C8FF0300FB60B5
:10D27000C0239B02BB600CE07B68013309D0FDF743
:10D28000BDFF0200FB68D31A7A689A4201D80323D3
:10D2900028E0164B1B69BA681340EDD1134B1B698C
:10D2A000134A1340BB60114B124A1A61BB68002B32
:10D2B00011D0114BBA685A60012313E07B68013327
:10D2C00009D0FDF79BFF0200FB68D31A7A689A42E7
:10D2D00001D8032306E0054B1A698023DB021340C3
:10D2E000ECD100231800BD4604B080BD00200240F0
:10D2F000FAC30000FBC30800989A0120B0B584B0BF
:10D3000000AFF8603A607B600B4B5A690A4B012111
:10D310000A435A61FB683A681A60BFF36F8FC046D0
:10D320007B681C0000231D00FB68043322001A6088
:10D33000C046BD4604B0B0BD00200240B0B584B0C8
:10D3400000AF78603960334B1B78012B01D1022389
:10D350005CE0304B01221A702E4B00225A600F25E0
:10D360007C19FA239B001800FFF77AFF0300237053
:10D370002C003B191B78002B42D17B681B68042BC7
:10D380000DD17B685B68180000F048F83C19FA235F
:10D390009B001800FFF764FF0300237030E03B6838
:10D3A000012252421A607B689B68BB601AE07B686E
:10D3B0005B68BA681100180000F044F80F257C196A
:10D3C000FA239B001800FFF74BFF030023707B1923
:10D3D0001B78002B03D03B68BA681A600AE0BB6870
:10D3E0000133BB607B689A687B68DB68D318BA68D6
:10D3F0009A42DCD3084B5A69074B02218A435A618F
:10D40000044B00221A700F23FB181B781800BD462E
:10D4100004B0B0BD989A01200020024080B582B0CF
:10D4200000AF7860064B5A697B681A43044B802131
:10D4300049020A435A61C046BD4602B080BDC0469B
:10D440000020024080B584B000AF786039600F4B97
:10D450005B690F4A1340FB607B68042B05D0FB68B7
:10D46000802292011343FB6003E0FB68094A1340EA
:10D47000FB603B68DA00FB681A43044B06490A4329
:10D480005A61C046BD4604B080BDC046002002407F
:10D4900007E0FFFFFFDFFFFF0200010080B586B05D
:10D4A00000AF7860396000237B614DE13B681B6809
:10D4B00001217A6991400A001340FB60FB68002B50
:10D4C00000D13EE13B685B6803221340012B05D08D
:10D4D0003B685B6803221340022B30D17B689B685A
:10D4E0003B617B695B0003229A401300DA433B698E
:10D4F00013403B613B68DA687B695B009A4013002C
:10D500003A6913433B617B683A699A607B685B6860
:10D510003B6101227B699A401300DA433B69134067
:10D520003B613B685B681B0901221A407B699A409A
:10D5300013003A6913433B617B683A695A603B6860
:10D540005B6803221340032B17D07B68DB683B61C9
:10D550007B695B0003229A401300DA433B69134066
:10D560003B613B689A687B695B009A4013003A69AB
:10D5700013433B617B683A69DA603B685B6803226E
:10D580001340022B23D17B69DA087B6808329200B2
:10D59000D3583B617B69072213409B000F229A40BE
:10D5A0001300DA433B6913403B613B681A697B69AE
:10D5B00007210B409B009A4013003A6913433B61DB
:10D5C0007B69DA087B68083292003969D1507B6840
:10D5D0001B683B617B695B0003229A401300DA43BE
:10D5E0003B6913403B613B685B6803221A407B69DF
:10D5F0005B009A4013003A6913433B617B683A69C8
:10D600001A603B685A68C0239B02134000D198E01F
:10D61000534A7B699B0818339B009B583B617B698D
:10D6200003221340DB000F229A401300DA433B69C8
:10D6300013403B617A68A023DB059A4219D07B68CE
:10D64000484A934213D07B68474A93420DD07B6887
:10D65000464A934207D07B68454A934201D104234E
:10D6600008E0052306E0032304E0022302E001238F
:10D6700000E000237A6903210A40D20093403A690E
:10D6800013433B6136497B699B0818339B003A6919
:10D690005A50334B1B683B61FB68DA433B691340CC
:10D6A0003B613B685A6880235B03134003D03A69AF
:10D6B000FB6813433B612A4B3A691A60284B5B684D
:10D6C0003B61FB68DA433B6913403B613B685A6846
:10D6D00080239B03134003D03A69FB6813433B61EB
:10D6E0001F4B3A695A601E4A8423D3583B61FB683A
:10D6F000DA433B6913403B613B685A6880239B02D5
:10D70000134003D03A69FB6813433B6114498422F8
:10D710003B698B50124A8023D3583B61FB68DA4344
:10D720003B6913403B613B685A6880235B021340AE
:10D7300003D03A69FB6813433B61094980223B6986
:10D740008B507B6901337B613B681A687B69DA40E7
:10D75000131E00D0AAE6C046C046BD4606B080BD36
:10D76000001802400004005000080050000C005057
:10D770000010005080B584B000AF78600A00BB1C78
:10D780001A807B681B69BA1C1288134004D00F23CF
:10D79000FB1801221A7003E00F23FB1800221A70F5
:10D7A0000F23FB181B781800BD4604B080BD80B560
:10D7B00082B000AF786008001100BB1C021C1A8008
:10D7C0007B1C0A1C1A707B1C1B78002B04D0BB1C12
:10D7D0001A887B689A6103E0BB1C1A887B689A628E
:10D7E000C046BD4602B080BD80B584B000AF786051
:10D7F0000A00BB1C1A807B685B69FB60BB1C1B8832
:10D80000FA6813401A04FB68DB43B91C09880B4013
:10D810001A437B689A61C046BD4604B080BD0000D3
:10D8200080B582B000AF78600C4BDB687A683F212E
:10D830000A40D2431A4011007B681A0A074B0A4378
:10D84000DA60064B99687B683F221A40034B0A4313
:10D850009A60C046BD4602B080BDC0460070004020
:10D8600080B582B000AF7860064B9A687B683F2134
:10D870000B40D943034B0A409A60C046BD4602B0F4
:10D8800080BDC0460070004080B582B000AF7860B7
:10D890000A00FB1C1A707B68002B09D0144B1B6814
:10D8A000072293431A00124B01210A431A6005E034
:10D8B0000F4B1A680E4B07218A431A600D4B1A69E9
:10D8C0000C4B04210A431A61FB1C1B78012B01D16C
:10D8D00030BF02E040BF20BF20BF064B1A69054B96
:10D8E00004218A431A61C046BD4602B080BDC046CD
:10D8F0000070004000ED00E080B500AF094B1B68F0
:10D90000072293431A00074B03210A431A60064B70
:10D910001A69054B04210A431A6130BFC046BD464F
:10D9200080BDC0460070004000ED00E080B500AF53
:10D93000044B9A68034B802149000A439A60C04611
:10D94000BD4680BD0070004080B584B000AF7860F7
:10D95000194B1B68194A13401900174B7A680A4380
:10D960001A607A6880239B009A421FD1144B1A6870
:10D9700013005B009B185B0012491800E2F7EAFBFA
:10D9800003000133FB6008E0FB68002B03D0FB6859
:10D99000013BFB6001E0032309E0074B5A69802348
:10D9A000DB001A408023DB009A42EDD000231800F0
:10D9B000BD4604B080BDC04600700040FFF9FFFFC7
:10D9C000C801002040420F0080B500AF034B9A68A9
:10D9D000E023DB0113401800BD4680BD001002406B
:10D9E00080B588B000AF78607B68002B02D101233E
:10D9F00000F050FB7B681B680122134000D17CE0E3
:10DA0000C34B9B6838221340BB61C14BDB680322C8
:10DA100013407B61BB69102B02D17B69032B02D0C1
:10DA2000BB69082B0BD1BA4B1A6880239B021340A9
:10DA300062D07B685B68002B5ED101232AE37B68A0
:10DA40005A6880235B029A4207D1B14B1A68B04BE7
:10DA5000802149020A431A6020E07B685A68A023AB
:10DA6000DB029A420ED1AA4B1A68A94B8021C90247
:10DA70000A431A60A64B1A68A54B802149020A4343
:10DA80001A600BE0A24B1A68A14BA2490A401A6027
:10DA90009F4B1A689E4BA0490A401A607B685B68DE
:10DAA000002B14D0FDF7AAFB03003B6108E0FDF753
:10DAB000A5FB02003B69D31A642B01D90323E9E2D9
:10DAC000934B1A6880239B021340F0D015E0FDF7BA
:10DAD00095FB03003B6108E0FDF790FB02003B690A
:10DAE000D31A642B01D90323D4E2894B1A6880230B
:10DAF0009B021340F0D100E0C0467B681B68022205
:10DB0000134000D199E0824B9B6838221340BB61DF
:10DB10007F4BDB68032213407B61BB69102B02D172
:10DB20007B69022B02D0BB69002B35D1784B1A6878
:10DB30008023DB00134005D07B68DB68002B01D11C
:10DB40000123A7E2724B5B68744A134019007B689B
:10DB50005B691A026E4B0A435A60BB69002B12D1F3
:10DB60006B4B1B686E4A134019007B681A69684B3F
:10DB70000A431A60664B1B68DB0A07221340694A96
:10DB8000DA40694B1A60694B1B681800FDF7DAFA36
:10DB9000031E51D001237DE27B68DB68002B30D06F
:10DBA0005B4B1B685E4A134019007B681A69584B2F
:10DBB0000A431A60564B1A68554B802149000A43A4
:10DBC0001A60FDF71BFB03003B6108E0FDF716FB45
:10DBD00002003B69D31A022B01D903235AE24C4BB2
:10DBE0001A688023DB001340F0D0494B5B684B4A36
:10DBF000134019007B685B691A02454B0A435A605F
:10DC00001BE0434B1A68424B49490A401A60FDF732
:10DC1000F5FA03003B6108E0FDF7F0FA02003B690A
:10DC2000D31A022B01D9032334E2394B1A6880231B
:10DC3000DB001340F0D100E0C0467B681B6808227F
:10DC4000134047D0324B9B6838221340182B0AD11F
:10DC50002F4B1B6E022213403CD07B689B69002B2C
:10DC600038D1012316E27B689B69002B19D0284B21
:10DC70001A6E274B01210A431A66FDF7BFFA03000B
:10DC80003B6108E0FDF7BAFA02003B69D31A022BA8
:10DC900001D90323FEE11E4B1B6E02221340F1D07B
:10DCA00018E01B4B1A6E1A4B01218A431A66FDF7C6
:10DCB000A5FA03003B6108E0FDF7A0FA02003B690A
:10DCC000D31A022B01D90323E4E1114B1B6E02226C
:10DCD0001340F1D17B681B680422134000D1C7E0D8
:10DCE0001F23FB1800221A70094B9B68382213402F
:10DCF000202B1FD1064BDB6D0222134000D1B7E071
:10DD00007B689B68002B00D0B2E00123C2E1C046D3
:10DD100000100240FFFFFEFFFFFFFBFFFF80FFFF41
:10DD2000FFC7FFFF0024F400C8010020E00100202D
:10DD3000FFFEFFFFB54BDA6B80235B05134001D17B
:10DD4000012300E00023002B11D0B04BDA6BAF4B66
:10DD5000802149050A43DA63AC4BDA6B80235B050B
:10DD60001340FB60FB681F23FB1801221A70A84BAD
:10DD70001A6880235B0013401AD1A54B1A68A44B84
:10DD8000802149000A431A60FDF738FA03003B611D
:10DD900008E0FDF733FA02003B69D31A022B01D9E0
:10DDA000032377E19A4B1A6880235B001340F0D07D
:10DDB0007B689B68012B06D1944BDA6D934B012154
:10DDC0000A43DA651CE07B689B68052B0CD18F4BFE
:10DDD000DA6D8E4B04210A43DA658C4BDA6D8B4B7E
:10DDE00001210A43DA650BE0884BDA6D874B01218C
:10DDF0008A43DA65854BDA6D844B04218A43DA6500
:10DE00007B689B68002B14D0FDF7F8F903003B6199
:10DE100009E0FDF7F3F902003B69D31A7D4A93420A
:10DE200001D9032336E1794BDB6D02221340F0D098
:10DE300013E0FDF7E3F903003B6109E0FDF7DEF9CC
:10DE400002003B69D31A734A934201D9032321E1AB
:10DE50006E4BDB6D02221340F0D11F23FB181B78A1
:10DE6000012B05D1694BDA6B684B6B490A40DA63C9
:10DE70007B681B682022134039D07B68DB69002B4C
:10DE80001BD0624B1A68614B8021C9030A431A6098
:10DE9000FDF7B4F903003B6108E0FDF7AFF90200BC
:10DEA0003B69D31A022B01D90323F3E0574B1A68BD
:10DEB00080231B041340F0D019E0544B1A68534BD5
:10DEC00056490A401A60FDF799F903003B6108E0E2
:10DED000FDF794F902003B69D31A022B01D9032301
:10DEE000D8E04A4B1A6880231B041340F0D17B68AA
:10DEF0001B6A002B00D1CCE0444B9B6838221340B6
:10DF0000102B00D17BE07B681B6A022B56D13F4B64
:10DF10001A683E4B42490A401A60FDF76FF9030048
:10DF20003B6108E0FDF76AF902003B69D31A022B56
:10DF300001D90323AEE0354B1A6880239B041340BC
:10DF4000F0D1324BDB68374A134019007B685A6ABC
:10DF50007B689B6A1A437B68DB6A1B021A437B68F7
:10DF60001B6B1A437B685B6B1A437B689B6B1A4382
:10DF7000264B0A43DA60254B1A68244B802149045A
:10DF80000A431A60214BDA68204B802149050A4375
:10DF9000DA60FDF733F903003B6108E0FDF72EF985
:10DFA00002003B69D31A022B01D9032372E0174BFD
:10DFB0001A6880239B041340F0D06AE0134B1A6860
:10DFC000124B17490A401A60FDF718F903003B612C
:10DFD00008E0FDF713F902003B69D31A022B01D9BF
:10DFE000032357E0094B1A6880239B041340F0D1A8
:10DFF000064BDA68054B0C490A40DA6049E07B6859
:10E000001B6A012B12D1012344E0C04600100240DC
:10E010000070004088130000FFFFFFEFFFFFBFFF0D
:10E02000FFFFFFFE8C80C111FCFFFEEE1B4BDB6887
:10E030007B617B6903221A407B685B6A9A4226D126
:10E040007B6970221A407B689B6A9A421FD17A6969
:10E05000FE23DB011A407B68DB6A1B029A4216D161
:10E060007A69F8239B031A407B681B6B9A420ED196
:10E070007A69E0231B051A407B685B6B9A4206D1E4
:10E080007B695B0F5A077B689B6B9A4201D0012327
:10E0900000E000231800BD4608B080BD001002401B
:10E0A00080B584B000AF786039607B68002B01D107
:10E0B0000123E9E0764B1B68072213403A689A4235
:10E0C0001ED9734B1B68072293431900704B3A68A3
:10E0D0000A431A60FDF792F80300FB6009E0FDF7C0
:10E0E0008DF80200FB68D31A6A4A934201D90323D0
:10E0F000CAE0674B1B68072213403A689A42EED188
:10E100007B681B680222134015D07B681B680422C1
:10E11000134006D0604B9A685F4BE021C9010A4367
:10E120009A605D4B9B685D4A134019007B689A6852
:10E13000594B0A439A607B681B680122134057D0F1
:10E140007B685B68012B07D1534B1A6880239B02C5
:10E1500013402BD1012397E07B685B68022B07D12A
:10E160004D4B1A6880239B0413401FD101238BE081
:10E170007B685B68002B07D1474B1A688023DB0064
:10E18000134013D101237FE07B685B68032B06D12A
:10E19000414B1B6E0222134008D1012374E03E4B19
:10E1A000DB6D0222134001D101236DE03A4B9B68E5
:10E1B0000722934319007B685A68374B0A439A60D9
:10E1C000FDF71CF80300FB6009E0FDF717F80200FB
:10E1D000FB68D31A2F4A934201D9032354E02E4BF4
:10E1E0009B6838221A407B685B68DB009A42ECD15E
:10E1F000274B1B68072213403A689A421ED2244BD1
:10E200001B68072293431900214B3A680A431A609E
:10E21000FCF7F4FF0300FB6009E0FCF7EFFF0200EE
:10E22000FB68D31A1B4A934201D903232CE0184BF5
:10E230001B68072213403A689A42EED17B681B683C
:10E240000422134009D0144B9B68154A134019004F
:10E250007B68DA68104B0A439A6000F029F80100E5
:10E260000D4B9B681B0A0F221A400E4B9200D3588D
:10E270001F2213400A00DA400B4B1A600B4B1B683D
:10E280001800FCF75FFF03001800BD4604B080BD16
:10E29000002002408813000000100240FFF0FFFF42
:10E2A000FF8FFFFF78A80208C8010020E0010020CE
:10E2B00080B586B000AF3C4B9B68382213400FD12D
:10E2C000394B1B68DB0A0722134001229A401300D6
:10E2D0003B6039683548E1F73DFF03003B615DE095
:10E2E000314B9B6838221340082B02D1304B3B61E5
:10E2F00054E02D4B9B6838221340102B38D12A4B09
:10E30000DB6803221340FB60274BDB681B090722F5
:10E3100013400133BB60FB68032B0DD1B96824485F
:10E32000E1F718FF030019001F4BDB681B0A7F226F
:10E3300013404B437B610DE0B9681C48E1F70AFFCD
:10E3400003001900184BDB681B0A7F2213404B4364
:10E350007B61C046144BDB685B0F0722134001331F
:10E360007B6079687869E1F7F5FE03003B6115E0B1
:10E370000D4B9B6838221340202B03D180231B02B6
:10E380003B610BE0084B9B6838221340182B03D1EC
:10E39000FA23DB013B6101E000233B613B6918008C
:10E3A000BD4606B080BDC046001002400024F40007
:10E3B00000127A0080B500AF024B1B681800BD4602
:10E3C00080BDC046C8010020B0B500AFFFF7F2FF26
:10E3D0000400FFF7F9FA03001A0B054B9200D3581B
:10E3E0001F221340DC4023001800BD46B0BDC046CC
:10E3F000B8A8020880B586B000AF78601323FB1878
:10E4000000221A701223FB1800221A707B681A6807
:10E4100080239B02134000D1ADE011203B18002265
:10E420001A70474BDA6B80235B05134010D1444BC5
:10E43000DA6B434B802149050A43DA63404BDA6BC0
:10E4400080235B051340BB60BB683B1801221A7038
:10E450003C4B1A683B4B802149000A431A60FCF789
:10E46000CDFE0300FB600BE0FCF7C8FE0200FB687A
:10E47000D31A022B04D91323FB1803221A7005E0C8
:10E48000304B1A6880235B001340EDD01323FB1838
:10E490001B78002B5ED12A4BDA6DC0239B00134002
:10E4A0007B617B69002B19D07B681B6C7A699A426F
:10E4B00014D0234BDB6D244A13407B61204BDA6D73
:10E4C0001F4B802149020A43DA651D4BDA6D1C4B54
:10E4D0001E490A40DA651A4B7A69DA657B690122BE
:10E4E000134016D0FCF78AFE0300FB600CE0FCF73B
:10E4F00085FE0200FB68D31A154A934204D9132300
:10E50000FB1803221A7004E00D4BDB6D022213404E
:10E51000EDD01323FB181B78002B0AD1084BDB6DC1
:10E52000094A134019007B681A6C054B0A43DA65E7
:10E5300016E01223FB181322BA1812781A700FE093
:10E540000010024000700040FFFCFFFFFFFFFEFFD5
:10E55000881300001223FB181322BA1812781A70BD
:10E560001123FB181B78012B05D1B64BDA6BB54B89
:10E57000B5490A40DA637B681B680122134009D061
:10E58000B04B5B6D0322934319007B685A68AD4B17
:10E590000A435A657B681B680222134009D0A94BC5
:10E5A0005B6D0C22934319007B689A68A54B0A4364
:10E5B0005A657B681B680422134009D0A14B5B6D30
:10E5C0003022934319007B68DA689E4B0A435A65F0
:10E5D0007B681B681022134009D09A4B5B6D9B4AE5
:10E5E000134019007B681A69964B0A435A657B6889
:10E5F0001A6880235B01134009D0924B5B6D944AEB
:10E60000134019007B685A698E4B0A435A657B6830
:10E610001A6880239B00134009D08A4B5B6D8D4A9A
:10E62000134019007B689A6A864B0A435A657B68D7
:10E630001A688023DB00134009D0824B5B6D864A49
:10E64000134019007B68DA6A7E4B0A435A657B687F
:10E650001B682022134009D07A4B5B6D7F4A134020
:10E6600019007B689A69774B0A435A657B681B6877
:10E670004022134009D0734B5B6D794A1340190057
:10E680007B68DA696F4B0A435A657B681A68802396
:10E69000DB01134015D06B4B5B6D9B0099087B68C9
:10E6A0001A6B684B0A435A657B681A6B8023DB053B
:10E6B0009A4206D1634BDA68624B802149020A43D1
:10E6C000DA607B681A6880231B03134009D05D4B16
:10E6D0005B6D4022934319007B685A6B594B0A4388
:10E6E0005A657B681A6880239B03134016D0554BEC
:10E6F0005B6D5C4A134019007B689A6B514B0A436F
:10E700005A657B689A6B8023DB039A4206D14D4B96
:10E71000DA684C4B802149040A43DA607B681A6846
:10E720008023DB03134016D0464B5B6D4E4A1340EB
:10E7300019007B68DA6B434B0A435A657B68DA6BD6
:10E7400080235B049A4206D13E4BDA683D4B802120
:10E7500049040A43DA607B681A6880231B0113406E
:10E7600014D0384B9B6D0322934319007B681A6ABF
:10E77000344B0A439A657B681B6A012B06D1314BE7
:10E78000DA68304B802149020A43DA607B681A68F4
:10E7900080239B01134014D02A4B9B6D0C22934382
:10E7A00019007B685A6A274B0A439A657B685B6A43
:10E7B000042B06D1234BDA68224B802149020A43FD
:10E7C000DA607B681A6880235B04134016D01D4B07
:10E7D0009B6D224A134019007B685A6C194B0A43FF
:10E7E0009A657B685A6C80239B019A4206D1154B2F
:10E7F000DA68144B802149040A43DA607B681A689E
:10E8000080239B04134016D00E4B9B6D104A13407F
:10E8100019007B689A6C0B4B0A439A657B689A6C6B
:10E8200080235B009A4206D1064BDA68054B8021B3
:10E8300049040A43DA601223FB181B781800BD460E
:10E8400006B080BD00100240FFFFFFEFFFF3FFFFA7
:10E85000FFFCFFFFFFFFF3FFFFFFCFFFFFCFFFFF37
:10E86000FF3FFFFFFFFFBFFFFFFFFFFEB0B584B01C
:10E8700000AF78600F23FB1801221A707B68002B11
:10E8800000D18CE07B6829229B5CDBB2002B0BD192
:10E890007B682822002199547B68882212025A60E2
:10E8A0007B681800F4F7E2FD7B6829220221995465
:10E8B0007B681B68DB6810221340102B62D07B68DA
:10E8C0001B68CA225A627B681B6853225A620F2552
:10E8D0007C197B68180000F011FB030023702800EE
:10E8E0003B181B78002B2CD17B681B689A697B68CE
:10E8F0001B682E490A409A617B681B6899697B688E
:10E900009A687B685B691A437B68DB691A437B689A
:10E910001B680A439A617B681B687A6812691A61EE
:10E920007B681B6819697B68DB681A047B681B6855
:10E930000A431A613C187B68180000F021FB0300B1
:10E9400023700F23FB181B78002B16D17B681B68E4
:10E950009A697B681B68D200D2089A617B681B6841
:10E9600099697B685A6A7B681B6A1A437B689B6952
:10E970001A437B681B680A439A617B681B68FF2205
:10E980005A6203E00F23FB1800221A700F23FB18B2
:10E990001B78002B03D17B682922012199540F2376
:10E9A000FB181B781800BD4604B0B0BDBFFF8FFB3D
:10E9B000B0B584B000AF78607B68292202219954F9
:10E9C0007B681B68CA225A627B681B6853225A62A2
:10E9D0000F257C197B68180000F090FA0300237063
:10E9E0007B191B78002B5CD17B681B6800221A60A6
:10E9F0007B681B68394A5A607B681B689A697B6828
:10EA00001B6807210A409A61FCF7F8FB0300BB6012
:10EA100012E0FCF7F3FB0200BB68D21AFA239B005A
:10EA20009A4209D97B681B68FF225A627B682922B7
:10EA30000321995403234CE07B681B68DB680422A4
:10EA40001340E6D07B681B689B697B681B680022CB
:10EA50009A617B681B68224A5A617B681B68214A5D
:10EA60001A617B681B6800221A647B681B6800229D
:10EA70009A647B681B680022DA627B681B6800224C
:10EA80009A627B681B6800225A647B681B680022BC
:10EA9000DA640F23FC187B68180000F071FA030099
:10EAA00023707B681B68FF225A620F23FB181B78B8
:10EAB000002B07D17B681800F4F712FD7B68292230
:10EAC000002199547B682822002199540F23FB18B8
:10EAD0001B781800BD4604B0B0BDC046012100003F
:10EAE000FFFF0000FF007F00B0B586B000AFF86008
:10EAF000B9607A60FB6828229B5C012B01D102235C
:10EB000092E0FB68282201219954FB682922022106
:10EB10009954FB681B68CA225A62FB681B6853221F
:10EB20005A6213257C19FB68180000F0E7F903000E
:10EB300023707B191B78002B62D17B68002B25D1B9
:10EB4000FB681B689B694022134002D1BB6800220E
:10EB5000DA70BB681B78180000F056FA03001C043A
:10EB6000BB685B78180000F04FFA03001B021C43DF
:10EB7000BB689B78180000F047FA030022001A4394
:10EB8000BB68DB789B0513437B6117E0FB681B6860
:10EB90009B694022134002D1BB680022DA70BB6837
:10EBA0001B781A04BB685B781B021343BA6892781F
:10EBB0001A43BB68DB789B0513437B61FB681B68CA
:10EBC0007A691B490A401A60FB681B689A69FB68EE
:10EBD0001B6818490A409A61FB681B689969BB6801
:10EBE000DA68BB681B691A43FB681B680A439A61B1
:10EBF0001323FC18FB68180000F0C2F9030023700F
:10EC0000FB681B68FF225A621323FB181B78002B3A
:10EC100003D1FB68292201219954FB682822002195
:10EC200099541323FB181B781800BD4606B0B0BDDD
:10EC30007F7F7F00FFFFFBFF80B586B000AFF860ED
:10EC4000B9607A60FB681B689A68BB685A60FB68A9
:10EC50001B681B695B045A0CBB689A60FB681B68E5
:10EC60001B68224A13407B617B691B0CDBB23F228D
:10EC70001340DAB2BB681A707B691B0ADBB27F22D1
:10EC80001340DAB2BB685A707B69DBB27F22134053
:10EC9000DAB2BB689A707B699B0DDBB2012213402C
:10ECA000DAB2BB68DA707B68002B1AD1BB681B78BC
:10ECB000180000F0D1F903001A00BB681A70BB6895
:10ECC0005B78180000F0C8F903001A00BB685A709E
:10ECD000BB689B78180000F0BFF903001A00BB68FE
:10ECE0009A7000231800BD4606B080BD7F7F7F006C
:10ECF000B0B586B000AFF860B9607A60FB682822D2
:10ED00009B5C012B01D102237EE0FB6828220121BC
:10ED10009954FB682922022199547B68002B0ED15B
:10ED2000BB685B781A001023134008D0BB685B787F
:10ED300010229343DBB20A33DAB2BB685A707B68A5
:10ED4000002B1CD1BB68DB78180000F05DF90300D4
:10ED50001C04BB685B78180000F056F903001B0226
:10ED60001C43BB689B78180000F04EF9030022009A
:10ED70001A43BB681B785B0313437B610EE0BB68DF
:10ED8000DB781A04BB685B781B021343BA6892787D
:10ED90001A43BB681B785B0313437B61FB681B68EA
:10EDA000CA225A62FB681B6853225A6213257C19D7
:10EDB000FB68180000F0A2F80300237028003B183D
:10EDC0001B78002B0CD1FB681B687A6910490A403C
:10EDD0005A603C18FB68180000F0D2F8030023705A
:10EDE000FB681B68FF225A621323FB181B78002B59
:10EDF00003D1FB68292201219954FB6828220021B4
:10EE000099541323FB181B781800BD4606B0B0BDFB
:10EE10003FFFFF0080B586B000AFF860B9607A6050
:10EE2000FB681B685B68214A13407B617B691B0C94
:10EE3000DAB2BB68DA707B691B0ADBB21F221340AF
:10EE4000DAB2BB685A707B69DBB23F221340DAB298
:10EE5000BB689A707B695B0BDBB207221340DAB2A6
:10EE6000BB681A707B68002B1AD1BB68DB7818006E
:10EE700000F0F2F803001A00BB68DA70BB685B7838
:10EE8000180000F0E9F803001A00BB685A70BB686C
:10EE90009B78180000F0E0F803001A00BB689A7035
:10EEA00000231800BD4606B080BDC0463FFFFF00EE
:10EEB00080B584B000AF78607B681B680E4ADA606A
:10EEC000FCF79CF90300FB600AE0FCF797F90200ED
:10EED000FB68D21AFA239B009A4201D9032306E069
:10EEE0007B681B68DB6820221340EED000231800EB
:10EEF000BD4604B080BDC0465F00010080B584B04F
:10EF000000AF78600F23FB1800221A707B681B6823
:10EF1000DB68402213402CD17B681B68DA687B6871
:10EF20001B6880210A43DA60FCF768F90300BB60C4
:10EF300014E0FCF763F90200BB68D21A0F203B18FB
:10EF4000391809781970FA239B009A4206D93B18A0
:10EF500003221A707B682922032199547B681B685D
:10EF6000DB684022134004D10F23FB181B78032BCE
:10EF7000DFD10F23FB181B781800BD4604B080BDFD
:10EF800090B585B000AF78600F243B1900221A704D
:10EF90001C4BDA681B4B80218A43DA60194B9B6952
:10EFA000202213400DD17B681800FFF781FF031E5C
:10EFB00021D07B682922032199543B1903221A701E
:10EFC00019E0104B9A690F4B20218A439A617B68A4
:10EFD0001800FFF76DFF031E07D07B68292203216D
:10EFE00099540F23FB1803221A70064B9A69054B9C
:10EFF00020210A439A610F23FB181B781800BD4695
:10F0000005B090BD0028004080B584B000AF02007C
:10F01000FB1D1A700023FB600B23FB18FA1D1278EE
:10F020001A7008E0FB680133FB600B22BB18BA18AA
:10F0300012780A3A1A700B217B181B78092BF1D829
:10F04000FB68DBB21B01DAB27B181B781343DBB21F
:10F050001800BD4604B080BD80B584B000AF02008A
:10F06000FB1D1A70FB1D1B781B09DBB21A00130075
:10F070009B009B185B00FB60FB68DAB2FB1D1B78F2
:10F080000F210B40DBB2D318DBB21800BD4604B031
:10F0900080BD80B586B000AFF860B9607A60FB686B
:10F0A0001B681A00FB685B68D3187B617B690133BE
:10F0B000FF333B61BB689B003A69D3183B613B69F6
:10F0C0007A681A60C046BD4606B080BD80B584B07F
:10F0D00000AF786039607B681B681A007B685B68EA
:10F0E000D318FB60FB680133FF33BB603B689B00B8
:10F0F000BA68D318BB60BB681B681800BD4604B073
:10F1000080BD80B582B000AF78607B68002B01D1F4
:10F1100001234AE07B683D229B5CDBB2002B07D1D8
:10F120007B683C22002199547B68180000F041F86C
:10F130007B683D22022199547B681A687B680433FE
:10F140001900100000F098F87B68482201219954BA
:10F150007B683E22012199547B683F22012199540A
:10F160007B684022012199547B68412201219954F6
:10F170007B684222012199547B68432201219954E2
:10F180007B684422012199547B68452201219954CE
:10F190007B684622012199547B68472201219954BA
:10F1A0007B683D220121995400231800BD4602B01E
:10F1B00080BD80B582B000AF7860C046BD4602B069
:10F1C00080BD000080B584B000AF78607B683D22D0
:10F1D0009B5CDBB2012B01D001233FE07B683D2229
:10F1E000022199547B681B681E4A934214D07B68A5
:10F1F0001A688023DB059A420ED07B681B681A4A86
:10F20000934209D07B681B68184A934204D07B68FC
:10F210001B68174A934216D17B681B689B68154A86
:10F220001340FB60FB68062B16D0FA6880235B0254
:10F230009A4211D07B681B681A687B681B680121A1
:10F240000A431A6008E07B681B681A687B681B68C1
:10F2500001210A431A6000E0C04600231800BD46A1
:10F2600004B080BD002C01400004004000080040B4
:10F27000004001400700010080B584B000AF786015
:10F2800039607B681B68FB607B683F4A93420CD007
:10F290007A688023DB059A4207D07B683B4A934219
:10F2A00003D07B683A4A934208D1FB6870229343AB
:10F2B000FB603B685B68FA681343FB607B68324A1B
:10F2C00093421CD07A688023DB059A4217D07B6872
:10F2D0002E4A934213D07B682D4A93420FD07B680D
:10F2E0002C4A93420BD07B682B4A934207D07B6811
:10F2F0002A4A934203D07B68294A934208D1FB688B
:10F30000284A1340FB603B68DB68FA681343FB60E4
:10F31000FB68802293431A003B685B691343FB60E0
:10F320007B68FA681A603B689A687B68DA623B68B7
:10F330001A687B689A627B68134A93420BD07B6899
:10F34000154A934207D07B68144A934203D07B68E6
:10F35000134A934203D13B681A697B681A637B683E
:10F3600001225A617B681B6901221340012B06D1DF
:10F370007B681B69012293431A007B681A61C046AF
:10F38000BD4604B080BDC046002C014000040040D2
:10F3900000080040002000400040014000440140BF
:10F3A00000480140FFFCFFFF80B582B000AF7860ED
:10F3B0007B68002B01D1012346E07B6888229B58A3
:10F3C000002B07D17B688422002199547B681800A8
:10F3D000F4F772FA7B688822242199507B681B68B5
:10F3E0001A687B681B6801218A431A607B689B6AE4
:10F3F000002B03D07B68180001F0D8F87B68180058
:10F4000000F07EFD0300012B01D101231CE07B688D
:10F410001B685A687B681B680D490A405A607B6804
:10F420001B689A687B681B682A218A439A607B68FC
:10F430001B681A687B681B6801210A431A607B6895
:10F44000180001F067F903001800BD4602B080BD46
:10F45000FFB7FFFF80B582B000AF78607B68002BFC
:10F4600001D1012332E07B688822242199507B68F6
:10F470001B681A687B681B6801218A431A607B68D5
:10F480001B6800221A607B681B6800225A607B6838
:10F490001B6800229A607B68180000F01BF87B68EC
:10F4A0009022002199507B688822002199507B6826
:10F4B0008C22002199507B680022DA667B6800224A
:10F4C0001A677B6884220021995400231800BD46E6
:10F4D00002B080BD80B582B000AF7860C046BD4646
:10F4E00002B080BD80B58AB002AFF860B9603B6001
:10F4F000BB1D1A80FB6888229B58202B00D090E00F
:10F50000BB68002B03D0BB1D1B88002B01D101233E
:10F5100088E0FB689A6880235B019A4209D1FB6806
:10F520001B69002B05D1BB680122134001D00123C8
:10F5300078E0FB68902200219950FB688822212105
:10F540009950FBF75BFE03007B61FB68BA1D5421F9
:10F5500012885A52FB68BA1D562112885A52FB680B
:10F560009A6880235B019A4208D1FB681B69002BD3
:10F5700004D10023FB61BB68BB6103E0BB68FB6196
:10F580000023BB6130E07A69F8683B6800931300A0
:10F590000022802101F068F9031E05D0FB68882253
:10F5A0002021995003233DE0FB69002B0BD1BB695F
:10F5B0001B881A00FB681B68D205D20D9A62BB69D2
:10F5C0000233BB6107E0FB691A78FB681B689A622B
:10F5D000FB690133FB61FB6856229B5A9BB2013BDE
:10F5E00099B2FB6856229952FB6856229B5A9BB2ED
:10F5F000002BC8D17A69F8683B6800931300002299
:10F60000402101F031F9031E05D0FB68882220213A
:10F610009950032306E0FB6888222021995000239B
:10F6200000E002231800BD4608B080BD80B58CB054
:10F6300000AFF860B960BB1D1A80FB6888229B5838
:10F64000202B00D08DE0BB68002B03D0BB1D1B8896
:10F65000002B01D1012385E0FB689A6880235B01C0
:10F660009A4209D1FB681B69002B05D1BB680122B6
:10F67000134001D0012375E0FB68BA681A65FB6886
:10F68000BA1D542112885A52FB68BA1D562112889D
:10F690005A52FB6800229A67FB6890220021995019
:10F6A000FB68882221219950FB685A6E80239B05B4
:10F6B0009A422AD1FB689A6880235B019A4207D15B
:10F6C000FB681B69002B03D1FB68284A9A6702E09C
:10F6D000FB68274A9A67EFF31083FB61FB69BB6203
:10F6E00001233B623B6A83F31088C046FB681B68BA
:10F6F0009A68FB681B68802109040A439A60BB6A08
:10F700007B627B6A83F3108829E0FB689A68802318
:10F710005B019A4207D1FB681B69002B03D1FB6890
:10F72000144A9A6702E0FB68134A9A67EFF3108362
:10F730003B613B69FB6201237B617B6983F310883A
:10F74000C046FB681B681A68FB681B6880210A4377
:10F750001A60FB6ABB61BB6983F31088C046002353
:10F7600000E002231800BD460CB080BD6510020801
:10F77000790F0208BB0E0208070E020880B58CB094
:10F7800000AF78607B6888229B58FB627B688C2284
:10F790009B58BB627B681B689B6880221340802B50
:10F7A00038D1FB6A212B35D1EFF310837B617B6964
:10F7B0007B620123BB61BB6983F31088C0467B6811
:10F7C0001B689A687B681B6880218A439A607B6A01
:10F7D000FB61FB6983F31088C0467B68DB6F002BFD
:10F7E00014D07B68DB6F1800FDF766FA031E0DD09E
:10F7F0007B68DB6F1800FDF7EBFB0300202B05D1C6
:10F800007B68902210219950032347E07B68180001
:10F8100001F040F97B681B689B6840221340402B35
:10F820003BD1BB6A222B38D1EFF31083BB60BB689E
:10F830003B620123FB60FB6883F31088C0467B6852
:10F840001B689A687B681B6840218A439A603B6A00
:10F850003B613B6983F31088C0467B6880229B58DC
:10F86000002B16D07B6880229B581800FDF724FAE5
:10F87000031E0ED07B6880229B581800FDF7A8FB62
:10F880000300202B05D17B6890221021995003237F
:10F8900004E07B68180001F03DF900231800BD4624
:10F8A0000CB080BDB0B5AAB000AF78607B681B68B3
:10F8B000DB69A422B9180B607B681B681B68A02059
:10F8C00039180B607B681B689B689C2439190B6096
:10F8D0001100BB181B68A24A13409822BD182B6068
:10F8E000BB181B68002B1AD17B181B682022134001
:10F8F00015D03B181B682022134005D13B191A680C
:10F9000080235B0513400AD07B685B6F002B00D11E
:10F91000DCE27B685B6F7A6810009847D6E2982338
:10F92000FB181B68002B00D122E19C23FB181B68ED
:10F930008C4A134006D1A023FB181B688A4A134047
:10F9400000D115E1A423FB181B680122134012D03B
:10F95000A023FB181A6880235B0013400BD07B6840
:10F960001B6801221A627B6890229B5801221A436D
:10F970007B6890215A50A423FB181B680222134075
:10F9800011D09C23FB181B68012213400BD07B680D
:10F990001B6802221A627B6890229B5804221A4339
:10F9A0007B6890215A50A423FB181B680422134043
:10F9B00011D09C23FB181B68012213400BD07B68DD
:10F9C0001B6804221A627B6890229B5802221A4309
:10F9D0007B6890215A50A423FB181B68082213400F
:10F9E00017D0A023FB181B682022134005D19C23AD
:10F9F000FB181B685B4A13400BD07B681B6808220E
:10FA00001A627B6890229B5808221A437B689021D7
:10FA10005A50A423FB181A6880231B01134013D0EB
:10FA2000A023FB181A688023DB0413400CD07B68EA
:10FA30001B68802212011A627B6890229B58202248
:10FA40001A437B6890215A507B6890229B58002B68
:10FA500000D13DE2A423FB181B682022134015D0DF
:10FA6000A023FB181B682022134006D19C23FB18FF
:10FA70001A6880235B05134008D07B685B6F002BFE
:10FA800004D07B685B6F7A68100098477B6890228F
:10FA90009B5894217A1813607B681B689B684022EE
:10FAA0001340402B04D07B181B68282213404CD0F5
:10FAB0007B68180001F02EF87B681B689B68402269
:10FAC0001340402B3CD1EFF310833B663B6E9020FC
:10FAD0003A18136001237B667B6E83F31088C0465F
:10FAE0007B681B689A687B681B6840218A439A6020
:10FAF0003B181B68BB66BB6E83F31088C0467B68EF
:10FB000080229B58002B16D07B6880229B58174A76
:10FB10009A637B6880229B581800FDF72DF9031E1D
:10FB20001CD07B6880229B589B6B7A68802152583E
:10FB30001000984712E07B681800F3F771F90DE0A8
:10FB40007B681800F3F76CF908E07B681800F3F79E
:10FB500067F97B68902200219950B9E1C046B7E16E
:10FB60000F0800000100001020010004D90D020858
:10FB70007B68DB6E012B00D03EE1A423FB181B68E1
:10FB80001022134000D137E1A023FB181B6810227C
:10FB9000134000D130E17B681B6810221A627B6839
:10FBA0001B689B6840221340402B00D0A4E07B6878
:10FBB00080229B581B685A687E217B181A807B180C
:10FBC0001B88002B00D185E17B685C229B5A7A1848
:10FBD00012889A4200D37DE17B687A185E211288F0
:10FBE0005A527B6880229B581B681B682022134056
:10FBF00070D1EFF310833B633B6BBB6701237B63E7
:10FC00007B6B83F31088C0467B681B681A687B682F
:10FC10001B68B4490A401A60BB6FBB63BB6B83F3BC
:10FC20001088C046EFF31083FB63FB6B7B670123F7
:10FC30003B643B6C83F31088C0467B681B689A6802
:10FC40007B681B6801218A439A607B6F7B647B6CB5
:10FC500083F31088C046EFF31083BB64BB6C3B6733
:10FC60000123FB64FB6C83F31088C0467B681B6830
:10FC70009A687B681B6840218A439A603B6F3B65AA
:10FC80003B6D83F31088C0467B688C2220219950FD
:10FC90007B680022DA66EFF310837B657B6DFB6681
:10FCA0000123BB65BB6D83F31088C0467B681B686E
:10FCB0001A687B681B6810218A431A60FB6EFB651B
:10FCC000FB6D83F31088C0467B6880229B58180028
:10FCD000FCF7F2FF7B6802221A677B685C229A5A63
:10FCE0007B685E215B5A9BB2D31A9AB27B68110083
:10FCF0001800F2F745FEEDE07B685C22995A7B68BC
:10FD00005E229B5A9AB28E203B188A1A1A807B6810
:10FD10005E229B5A9BB2002B00D1DDE03B181B8872
:10FD2000002B00D1D8E0EFF31083FB60FB68882440
:10FD30003A19136001233B613B6983F31088C04685
:10FD40007B681B681A687B681B6867490A401A60F1
:10FD50003B191B687B617B6983F31088C046EFF316
:10FD60001083BB61BB6984243A1913600123FB61D2
:10FD7000FB6983F31088C0467B681B689A687B68C0
:10FD80001B685A490A409A603B191B683B623B6AF0
:10FD900083F31088C0467B688C22202199507B68B1
:10FDA0000022DA667B6800225A67EFF310837B62D9
:10FDB0007B6A80243A1913600123BB62BB6A83F318
:10FDC0001088C0467B681B681A687B681B68102116
:10FDD0008A431A603B191B68FB62FB6A83F3108835
:10FDE000C0467B6802221A673B181A887B6811009C
:10FDF0001800F2F7C5FD6FE0A423FB181A688023F2
:10FE00005B03134010D09C23FB181A688023DB038C
:10FE1000134009D07B681B68802252031A627B68FA
:10FE20001800F3F76FF85AE0A423FB181B68802230
:10FE3000134016D0A023FB181B688022134006D164
:10FE40009C23FB181A6880231B04134009D07B688D
:10FE50009B6F002B42D07B689B6F7A68100098479D
:10FE60003CE0A423FB181B68402213400AD0A023C7
:10FE7000FB181B684022134004D07B68180001F077
:10FE80006BF92CE0A423FB181A6880231B04134091
:10FE90000BD0A023FB181A688023DB05134004D085
:10FEA0007B68180001F08CF919E0A423FB181A688C
:10FEB00080235B04134012D0A023FB181B68002B87
:10FEC0000DDA7B68180001F073F908E0C04606E01F
:10FED000C04604E0C04602E0C04600E0C046BD4661
:10FEE0002AB0B0BDFFFEFFFFDFFEFFFFFEFFFFEF0A
:10FEF00080B582B000AF7860C046BD4602B080BD1C
:10FF0000B0B590B000AF78621A2320229B18DB199D
:10FF100000221A707B6A9A687B6A1B691A437B6AA3
:10FF20005B691A437B6ADB691343FB637B6A1B686B
:10FF30001B68C14A134019007B6A1A68FB6B0B43AC
:10FF400013607B6A1B685B68BC4A134018007B6ABD
:10FF5000D9687B6A1A6803000B4353607B6A9B690C
:10FF6000FB637B6A1B68B64A934209D07B6A1B68B5
:10FF7000B44A934204D07B6A1B6AFA6B1343FB6357
:10FF80007B6A1B689B68B04A134019007B6A1A6839
:10FF9000FB6B0B4393607B6A1B68DB6A0F22934306
:10FFA00018007B6A596A7B6A1A6803000B43D362A4
:10FFB0007B6A1B68A54A934231D1A54B5B6D032236
:10FFC0001340032B1DD023D8022B0CD020D8002B9C
:10FFD00002D0012B0ED01BE01B2320229B18DB1923
:10FFE00000221A7054E11B2320229B18DB190222E5
:10FFF0001A704DE11B2320229B18DB1904221A7072
:020000040802F0
:1000000046E11B2320229B18DB1908221A703FE1CE
:100010001B2320229B18DB1910221A7038E17B6AFF
:100020001B688C4A934231D1894B5B6D0C22134083
:100030000C2B1DD023D8082B0CD020D8002B02D09D
:10004000042B0ED01BE01B2320229B18DB1900225F
:100050001A701DE11B2320229B18DB1902221A7043
:1000600016E11B2320229B18DB1904221A700FE1D2
:100070001B2320229B18DB1908221A7008E11B237E
:1000800020229B18DB1910221A7001E17B6A1B6881
:10009000714A934231D16E4B5B6D30221340302B4D
:1000A0001DD023D8202B0CD020D8002B02D0102B11
:1000B0000ED01BE01B2320229B18DB1900221A7094
:1000C000E6E01B2320229B18DB1902221A70DFE0D6
:1000D0001B2320229B18DB1904221A70D8E01B2353
:1000E00020229B18DB1908221A70D1E01B23202242
:1000F0009B18DB1910221A70CAE07B6A1B68574AEA
:10010000934206D11B2320229B18DB1900221A7070
:10011000BEE07B6A1B68524A934206D11B23202211
:100120009B18DB1900221A70B2E07B6A1B684D4AEB
:10013000934206D11B2320229B18DB1900221A7040
:10014000A6E07B6A1B683E4A93423ED1404B5A6D03
:10015000C0231B011340C0221201934227D0C022AA
:10016000120193422AD880221201934211D0802298
:100170001201934222D8002B04D08022D200934255
:100180000ED01BE01B2320229B18DB1900221A70C3
:100190007EE01B2320229B18DB1902221A7077E0D5
:1001A0001B2320229B18DB1904221A7070E01B23EA
:1001B00020229B18DB1908221A7069E01B232022D9
:1001C0009B18DB1910221A7062E07B6A1B681D4ABB
:1001D000934257D11E4B5A6DC0239B001340C0223F
:1001E0009200934240D0C0229200934243D8802292
:1001F0009200934211D08022920093423BD8002B70
:1002000004D08022520093420ED034E01B232022DF
:100210009B18DB1900221A703AE01B2320229B183E
:10022000DB1902221A7033E01B2320229B18DB19F2
:1002300004221A702CE0C046F369FFCFFFCFFFFF06
:100240000080004000840040FFF4FF1100380140AE
:10025000001002400044004000480040004C0040B4
:1002600000500040003C01401B2320229B18DB195A
:1002700008221A700CE01B2320229B18DB19102285
:100280001A7005E01B2320229B18DB1910221A701C
:100290007B6A1B68C14A934205D07B6A1B68C04ACF
:1002A000934200D093E01B2320229B18DB191B787C
:1002B000082B15D018DC042B0DD015DC002B02D038
:1002C000022B05D010E0FEF77FF803007B6314E0FB
:1002D000B44B7B6311E0FDF7EBFF03007B630CE0A5
:1002E00080231B027B6308E000237B631A23202208
:1002F0009B18DB1901221A70C0467B6B002B00D1C2
:1003000035E17B6A5A6AA84B5200D35A1900786BC0
:10031000DFF720FF0300BB627B6A5A6813005B00B3
:100320009B18BA6A9A4205D37B6A5B681B03BA6A58
:100330009A4206D91A2320229B18DB1901221A702F
:1003400044E07B6BBB610023FB617B6A5A6A964B7E
:100350005200D35A3B6100237B613A697B69B869DB
:10036000F969E0F7E5F802000B00110E1D020D43DC
:1003700014027B6A5B685B08BB600023FB60B868A3
:10038000F968001969417B6A5B683B6000237B6008
:100390003A687B68E0F7CCF802000B0013003B637F
:1003A0003A6BC0239B009A4209D33A6B80235B03CC
:1003B0009A4204D27B6A1B683A6BDA6006E01A2321
:1003C00020229B18DB1901221A70D0E0CFE07B6A53
:1003D000DA6980231B029A4200D070E01B2320229E
:1003E0009B18DB191B78082B15D018DC042B0DD0BB
:1003F00015DC002B02D0022B05D010E0FDF7E4FF46
:1004000003007B6314E0674B7B6311E0FDF750FF53
:1004100003007B630CE080231B027B6308E0002366
:100420007B631A2320229B18DB1901221A70C04615
:100430007B6B002B00D19AE07B6A5A6A5A4B5200C0
:10044000D35A1900786BDFF785FE03005A007B6AE8
:100450005B685B08D2187B6A5B6819001000DFF7E5
:1004600079FE03003B633B6B0F2B21D93A6B802352
:100470005B029A421CD23B6B9AB20E2020240319D5
:10048000DB190F218A431A803B6B5B089BB2072262
:10049000134099B20319DB190219D21912880A43C1
:1004A0001A807B6A1B680219D2191288DA605EE032
:1004B0001A2320229B18DB1901221A7057E01B23F4
:1004C00020229B18DB191B78082B15D018DC042B75
:1004D0000DD015DC002B02D0022B05D010E0FDF76B
:1004E00073FF03007B6314E02E4B7B6311E0FDF789
:1004F000DFFE03007B630CE080231B027B6308E0CC
:1005000000237B631A2320229B18DB1901221A7017
:10051000C0467B6B002B2AD07B6A5A6A224B520062
:10052000D35A1900786BDFF715FE03001A007B6AB7
:100530005B685B08D2187B6A5B6819001000DFF704
:1005400009FE03003B633B6B0F2B0AD93A6B8023F8
:100550005B029A4205D23B6B9AB27B6A1B68DA60F7
:1005600005E01A2320229B18DB1901221A707B6AEE
:100570006A22012199527B6A6822012199527B6A81
:1005800000225A677B6A00229A671A2320229B184E
:10059000DB191B781800BD4610B0B0BD00800040CC
:1005A000008400400024F400D0AA020880B582B084
:1005B00000AF78607B689B6A082213400BD07B6891
:1005C0001B685B684A4A134019007B689A6B7B681A
:1005D0001B680A435A607B689B6A012213400BD058
:1005E0007B681B685B68434A134019007B68DA6AC2
:1005F0007B681B680A435A607B689B6A022213402F
:100600000BD07B681B685B683B4A134019007B6812
:100610001A6B7B681B680A435A607B689B6A0422DA
:1006200013400BD07B681B685B68344A1340190089
:100630007B685A6B7B681B680A435A607B689B6ABD
:10064000102213400BD07B681B689B682C4A134018
:1006500019007B68DA6B7B681B680A439A607B68C9
:100660009B6A202213400BD07B681B689B68254A3D
:10067000134019007B681A6C7B681B680A439A60F8
:100680007B689B6A402213401DD07B681B685B68B7
:100690001D4A134019007B685A6C7B681B680A432B
:1006A0005A607B685A6C80235B039A420BD17B684B
:1006B0001B685B68154A134019007B689A6C7B685D
:1006C0001B680A435A607B689B6A802213400BD0E8
:1006D0007B681B685B680E4A134019007B68DA6C04
:1006E0007B681B680A435A60C046BD4602B080BDA5
:1006F000FF7FFFFFFFFFFDFFFFFFFEFFFFFFFBFF91
:10070000FFEFFFFFFFDFFFFFFFFFEFFFFFFF9FFF99
:10071000FFFFF7FF80B592B002AF78607B68902250
:1007200000219950FAF76AFD0300FB637B681B68A0
:100730001B6808221340082B2DD1FB6B80229103EC
:100740007868474A0092002200F08EF8031E22D0FB
:10075000EFF310837B627B6ABB630123BB62BB6ADE
:1007600083F31088C0467B681B681A687B681B6827
:1007700080218A431A60BB6BFB62FB6A83F310889B
:10078000C0467B688822202199507B688422002102
:100790009954032360E07B681B681B6804221340A4
:1007A000042B46D1FB6B8022D10378682C4A00923F
:1007B000002200F059F8031E3BD0EFF31083FB60DA
:1007C000FB687B6301233B613B6983F31088C04670
:1007D0007B681B681A687B681B6822490A401A609C
:1007E0007B6B7B617B6983F31088C046EFF31083DA
:1007F000BB61BB693B630123FB61FB6983F3108829
:10080000C0467B681B689A687B681B6801218A4325
:100810009A603B6B3B623B6A83F31088C0467B68FF
:100820008C22202199507B68842200219954032333
:1008300012E07B688822202199507B688C2220213D
:1008400099507B680022DA667B6800221A677B6811
:1008500084220021995400231800BD4610B080BDA9
:10086000FFFFFF01DFFEFFFF80B584B000AFF8603F
:10087000B9603B60FB1D1A7051E0BB6901334ED07B
:10088000FAF7BCFC02003B68D31ABA699A4202D359
:10089000BB69002B01D1032351E0FB681B681B6877
:1008A000042213403BD0BB68802B38D0BB68402B60
:1008B00035D0FB681B68DB6908221340082B11D177
:1008C000FB681B6808221A62FB68180000F022F916
:1008D000FB68902208219950FB68842200219954DA
:1008E00001232CE0FB681B68DA6980231B011A4096
:1008F00080231B019A4212D1FB681B6880221201DF
:100900001A62FB68180000F005F9FB6890222021AC
:100910009950FB6884220021995403230FE0FB685F
:100920001B68DB69BA681340BA68D31A5A4253414C
:10093000DBB21A00FB1D1B789A429ED000231800E0
:10094000BD4604B080BD000080B590B000AFF86037
:10095000B960BB1D1A80FB68BA689A65FB68BA1D4E
:100960005C2112885A52FB68902200219950FB6842
:100970008C2222219950FB6880229B58002B2DD07D
:10098000FB6880229B58404ADA62FB6880229B58B1
:100990003E4A1A63FB6880229B583D4A5A63FB68B3
:1009A00080229B5800229A63FB6880229858FB683B
:1009B0001B6824331900FB689B6D1A00BB1D1B8844
:1009C000FCF7F4F8031E09D0FB689022102199501F
:1009D000FB688C2220219950012350E0FB681B69A1
:1009E000002B19D0EFF31083BB62BB6AFB630123BA
:1009F000FB62FB6A83F31088C046FB681B681A68B9
:100A0000FB681B68802149000A431A60FB6B3B634B
:100A10003B6B83F31088C046EFF310833B613B6967
:100A2000BB6301237B617B6983F31088C046FB684D
:100A30001B689A68FB681B6801210A439A60BB6BBC
:100A4000BB61BB6983F31088C046EFF31083FB6181
:100A5000FB697B6301233B623B6A83F31088C046DA
:100A6000FB681B689A68FB681B6840210A439A6010
:100A70007B6B7B627B6A83F31088C046002318007F
:100A8000BD4610B080BDC046E10B0208110D020842
:100A9000530D020880B58AB000AF7860EFF3108381
:100AA000BB60BB687B620123FB60FB6883F310883B
:100AB000C0467B681B681A687B681B68C0218A4334
:100AC0001A607B6A3B613B6983F31088C046EFF391
:100AD00010837B617B693B620123BB61BB6983F34C
:100AE0001088C0467B681B689A687B681B68084949
:100AF0000A409A603B6AFB61FB6983F31088C04639
:100B00007B68882220219950C046BD460AB080BD2E
:100B1000FFFF7FFF80B58EB000AF7860EFF31083EA
:100B20007B617B697B630123BB61BB6983F31088B5
:100B3000C0467B681B681A687B681B6826490A40A8
:100B40001A607B6BFB61FB6983F31088C046EFF38F
:100B500010833B623B6A3B6301237B627B6A83F3C6
:100B60001088C0467B681B689A687B681B681B49B5
:100B70000A409A603B6BBB62BB6A83F31088C04635
:100B80007B68DB6E012B18D1EFF31083BB60BB6871
:100B9000FB620123FB60FB6883F31088C0467B681F
:100BA0001B681A687B681B6810218A431A60FB6AFD
:100BB0003B613B6983F31088C0467B688C2220210F
:100BC00099507B680022DA667B6800225A67C0462B
:100BD000BD460EB080BDC046DFFEFFFFFEFFFFEF4B
:100BE00080B594B000AF78607B689B6AFB647B68DB
:100BF0001B681B68202213406FD1FB6C5E22002112
:100C00009952EFF31083BB61BB69BB640123FB61A5
:100C1000FB6983F31088C046FB6C1B681A68FB6C89
:100C20001B683A490A401A60BB6C3B623B6A83F31B
:100C30001088C046EFF310837B627B6A7B640123DC
:100C4000BB62BB6A83F31088C046FB6C1B689A6862
:100C5000FB6C1B6801218A439A607B6CFB62FB6A18
:100C600083F31088C046EFF310833B633B6B3B6418
:100C700001237B637B6B83F31088C046FB6C1B688E
:100C80009A68FB6C1B6840218A439A603B6CBB638B
:100C9000BB6B83F31088C046FB6C8C2220219950DB
:100CA000FB6CDB6E012B18D1EFF31083FB60FB684C
:100CB000FB6301233B613B6983F31088C046FB6CF7
:100CC0001B681A68FB6C1B6810218A431A60FB6B57
:100CD0007B617B6983F31088C046FB6C00221A6736
:100CE000FB6CDB6E012B08D1FB6C5C229A5AFB6C0F
:100CF00011001800F1F744FE03E0FB6C1800F2F756
:100D0000F9F8C046BD4614B080BDC046FFFEFFFFE7
:100D100080B584B000AF78607B689B6AFB60FB683D
:100D200001221A67FB68DB6E012B0AD1FB685C228B
:100D30009B5A5B089AB2FB6811001800F1F720FE7D
:100D400003E0FB681800FFF7D3F8C046BD4604B0C7
:100D500080BD80B586B000AF78607B689B6A7B61A0
:100D60007B6988229B583B617B698C229B58FB6086
:100D70007B691B689B6880221340802B0AD13B69EA
:100D8000212B07D17B695622002199527B691800DB
:100D9000FFF780FE7B691B689B6840221340402B55
:100DA0000AD1FB68222B07D17B695E220021995270
:100DB0007B691800FFF7AEFE7B6990229B581022DA
:100DC0001A437B6990215A507B691800F2F728F882
:100DD000C046BD4606B080BD80B584B000AF786027
:100DE0007B689B6AFB60FB685E2200219952FB686E
:100DF000562200219952FB681800F2F711F8C046FC
:100E0000BD4604B080BD80B58AB000AF78607B6815
:100E100088229B58212B4CD17B6856229B5A9BB22F
:100E2000002B32D1EFF31083BB60BB687B620123E0
:100E3000FB60FB6883F31088C0467B681B681A68F8
:100E40007B681B6880218A431A607B6A3B613B692F
:100E500083F31088C046EFF310837B617B693B62AC
:100E60000123BB61BB6983F31088C0467B681B68A4
:100E70001A687B681B6840210A431A603B6AFB6161
:100E8000FB6983F31088C04613E07B681B6D1A78FA
:100E90007B681B689A627B681B6D5A1C7B681A65AD
:100EA0007B6856229B5A9BB2013B99B27B685622C3
:100EB0009952C046BD460AB080BD80B58CB000AF27
:100EC00078607B6888229B58212B51D17B68562201
:100ED0009B5A9BB2002B32D1EFF31083FB60FB686F
:100EE000BB6201233B613B6983F31088C0467B688A
:100EF0001B681A687B681B6880218A431A60BB6A7A
:100F00007B617B6983F31088C046EFF31083BB617C
:100F1000BB697B620123FB61FB6983F31088C046D8
:100F20007B681B681A687B681B6840210A431A604B
:100F30007B6A3B623B6A83F31088C04618E07B689B
:100F40001B6DFB62FB6A1B881A007B681B68D2055D
:100F5000D20D9A627B681B6D9A1C7B681A657B6850
:100F600056229B5A9BB2013B99B27B6856229952FA
:100F7000C046BD460CB080BD80B58CB000AF786077
:100F80007B6888229B58212B65D12E23FB187A6819
:100F90006A21525A1A8059E07B6856229B5A9BB2AA
:100FA000002B33D1EFF31083FB60FB68BB6201239E
:100FB0003B613B6983F31088C0467B681B689A6875
:100FC0007B681B6826490A409A60BB6A7B617B6923
:100FD00083F31088C046EFF31083BB61BB697B626B
:100FE0000123FB61FB6983F31088C0467B681B68A3
:100FF0001A687B681B6840210A431A607B6A3B625F
:101000003B6A83F31088C046C04624E07B681B68B7
:10101000DB698022134013D07B681B6D1A787B68D4
:101020001B689A627B681B6D5A1C7B681A657B681B
:1010300056229B5A9BB2013B99B27B685622995229
:101040002E217B181A887B18013A1A802E23FB1850
:101050001B88002BA0D1C046BD460CB080BDC04649
:10106000FFFF7FFF80B58CB000AF78607B6888227F
:101070009B58212B6AD12E23FB187A686A21525A79
:101080001A805EE07B6856229B5A9BB2002B33D1BC
:10109000EFF31083BB60BB687B620123FB60FB68DE
:1010A00083F31088C0467B681B689A687B681B685E
:1010B00028490A409A607B6A3B613B6983F3108848
:1010C000C046EFF310837B617B693B620123BB6108
:1010D000BB6983F31088C0467B681B681A687B680D
:1010E0001B6840210A431A603B6AFB61FB6983F37A
:1010F0001088C046C04629E07B681B68DB698022F7
:10110000134018D07B681B6DBB62BB6A1B881A003A
:101110007B681B68D205D20D9A627B681B6D9A1C96
:101120007B681A657B6856229B5A9BB2013B99B239
:101130007B68562299522E217B181A887B18013A17
:101140001A802E23FB181B88002B9BD1C046BD465E
:101150000CB080BDFFFF7FFF80B586B000AF786028
:10116000EFF31083BB60BB687B610123FB60FB680E
:1011700083F31088C0467B681B681A687B681B680D
:1011800040218A431A607B693B613B6983F3108885
:10119000C0467B688822202199507B6800229A678C
:1011A0007B681800F1F718FEC046BD4606B080BD4A
:1011B00080B582B000AF7860C046BD4602B080BD49
:1011C00080B582B000AF7860C046BD4602B080BD39
:1011D00080B588B002AFF8603B1D19605A601723D4
:1011E000FB1800221A70FB6884229B5C012B01D142
:1011F00002234CE0FB68842201219954FB68882279
:1012000024219950FB681B681A68FB681B68012140
:101210008A431A60FB681B689B681F4A13401900C9
:101220003B1D1A68FB681B680A439A603B1D1B68DC
:10123000002B05D13B1DF86819685A6800F0B6F913
:10124000FB681B681A68FB681B6801210A431A6067
:10125000F9F7D4FF03003B613B698022D103F868B2
:101260000E4A00920022FFF7FFFA031E04D0172354
:10127000FB1803221A7003E0FB6888222021995092
:10128000FB688422002199541723FB181B7818004F
:10129000BD4606B080BDC046FFFFCFFFFFFFFF0188
:1012A00080B586B000AF78607B6884229B5C012BA0
:1012B00001D1022321E07B68842201219954EFF3BC
:1012C0001083BB60BB687B610123FB60FB6883F319
:1012D0001088C0467B681B681A687B681B680221FF
:1012E0000A431A607B693B613B6983F31088C046FF
:1012F0007B6884220021995400231800BD4606B063
:1013000080BD80B586B000AF78607B6884229B5C2E
:10131000012B01D1022321E07B6884220121995411
:10132000EFF31083BB60BB687B610123FB60FB684C
:1013300083F31088C0467B681B681A687B681B684B
:1013400002218A431A607B693B613B6983F3108801
:10135000C0467B6884220021995400231800BD46B2
:1013600006B080BD80B584B000AF78607B68842211
:101370009B5C012B01D1022327E07B6884220121A1
:1013800099547B688822242199507B681B681B68CC
:10139000FB607B681B681A687B681B6801218A43B5
:1013A0001A60FB680B4A1340FB607B6800225A6698
:1013B0007B681B68FA681A607B6888222021995034
:1013C0007B6884220021995400231800BD4604B094
:1013D00080BDC046FFFFFFDF80B584B000AF7860FE
:1013E00039607B6884229B5C012B01D102232EE0B3
:1013F0007B688422012199547B688822242199509A
:101400007B681B681B68FB607B681B681A687B68CD
:101410001B6801218A431A607B681B689B68DB009C
:10142000D9087B681B683A680A439A607B68180091
:1014300000F0E0F87B681B68FA681A607B68882215
:10144000202199507B6884220021995400231800A0
:10145000BD4604B080BD000080B584B000AF7860A8
:1014600039607B6884229B5C012B01D102232FE031
:101470007B688422012199547B6888222421995019
:101480007B681B681B68FB607B681B681A687B684D
:101490001B6801218A431A607B681B689B680E4A9F
:1014A000134019007B681B683A680A439A607B689E
:1014B000180000F09FF87B681B68FA681A607B6868
:1014C0008822202199507B6884220021995400238E
:1014D0001800BD4604B080BDFFFFFFF1B0B58AB073
:1014E00000AFF860B960BB1D1A80FB688C229B5866
:1014F000202B56D1BB68002B03D0BB1D1B88002BB3
:1015000001D101234EE0FB689A6880235B019A4277
:1015100009D1FB681B69002B05D1BB680122134070
:1015200001D001233EE0FB680122DA66FB6800225D
:101530001A6727257C19BB1D1A88B968FB68180033
:10154000FFF702FA030023707B191B78002B24D1CC
:10155000FB68DB6E012B1CD1FB681B6810221A6232
:10156000EFF310837B617B693B620123BB61BB6945
:1015700083F31088C046FB681B681A68FB681B6809
:1015800010210A431A603B6AFB61FB6983F31088F0
:1015900003E02723FB1801221A702723FB181B786E
:1015A00000E002231800BD460AB0B0BD80B584B08B
:1015B00000AFF8603B1D19605A60FB681B685B68F0
:1015C000102293431A003B1D9B881900FB681B687F
:1015D0000A435A60FB681B685B681B02190A3B1DC3
:1015E0009B791A06FB681B680A435A60C046BD46D1
:1015F00004B080BDF0B585B000AF78607B685B6EED
:10160000002B08D17B686A22012199527B686822ED
:101610000121995243E00F26BB1908221A700E20AF
:101620003B1808221A707B681B689B685B0EDAB255
:101630000D243B1907210A401A707B681B689B68C0
:101640005B0FDAB20C257B1907210A401A703B1890
:101650001B787A19127814498A5C5A4310007B1956
:101660001B78124AD35C1900DEF7FEFD030099B225
:101670007B686A229952BB191B783A1912780A4979
:101680008A5C5A4310003B191B78084AD35C190046
:10169000DEF7EAFD030099B27B6868229952C046E2
:1016A000BD4605B0F0BDC046F0AA0208F8AA02087F
:1016B00080B500AFE2F712FDFEE780B582B000AF63
:1016C0007860FEE780B584B000AFF860B9607A60FA
:1016D00001235B421800BD4604B080BD80B584B0D4
:1016E00000AFF860B9607A6001235B421800BD4624
:1016F00004B080BD80B584B000AFF860B9607A6096
:1017000001235B421800BD4604B080BD80B582B0A5
:1017100000AF7860396001235B421800BD4602B01B
:1017200080BD80B582B000AF786000231800BD4650
:1017300002B080BD80B500AF01231800BD4680BD5A
:1017400080B582B000AF786039603B68802292013A
:101750005A6000231800BD4602B080BD80B582B03B
:1017600000AF786001235B421800BD4602B080BD27
:1017700010B5002101F01AFA10BD10B50A2200219F
:1017800001F0ACFA10BD10B50A22002101F0A6FA52
:1017900010BD000010B5034B0100186800F00EF8F2
:1017A00010BDC0467007002010B5034B010018683B
:1017B00001F084FD10BDC04670070020F0B50D009B
:1017C00087B00B350190162D09D907239D4307D506
:1017D0000C23019A13600024200007B0F0BD1025EF
:1017E000A942F5D8019800F0F9F9FC23BA4E5B0044
:1017F0009D421DD22A000832B218110054680839DF
:10180000EB088C4203D1D4680233A24226D00322D3
:101810006368A1689343E268E318CA60916001229B
:1018200059680A435A60019800F0E0F90834D3E798
:101830003F236A0A03D0042A26D8AB09383303228F
:101840009446D9008919CC688C4206D060466268FB
:101850008243571B0F2F2FDD013B013334699F4912
:101860008C4250D0032062688243501B0F2831DD28
:10187000012367191D430343656077613761F96090
:10188000B9607B60A050CEE7142A02D813005B3306
:10189000D5E7542A02D82B0B6E33D0E7AA235B007E
:1018A0009A4202D8EB0B7733C9E78D497E238A42EF
:1018B000C5D8AB0C7C33C2E7E068002F08DBA36817
:1018C000D86083600123A21851680B435360AAE7D4
:1018D0000400B9E7716131610028F3DA71688C4660
:1018E000802189008A4200D38AE0D1085009012270
:1018F0008240604602437260CA0092199168E260B9
:10190000A1609460CC600122734899108A404168BC
:10191000914226D30A4205D10324A3435200043343
:101920000A42FBD0DE008619B44602936146CC68B9
:10193000644500D09BE00834A44603240299013199
:1019400002912142F2D1234200D0B7E04368934391
:101950004360614B52005968914202D3002A00D083
:10196000B8E00322836802935B6893430393AB421E
:1019700003D35A1B0F2A00DD1FE1029B039A0820A4
:101980009E18584B1B6810335F1901F00BFC564B27
:1019900004901B68013303D0013F3B1847421F40AE
:1019A0003900019801F0AAFB0400431C00D1DAE0E1
:1019B000864204D9484B029A9A4200D0D3E04B4A5F
:1019C0001368FB181360049A013AA64200D093E012
:1019D000164200D090E0404B9A68039BDF19012328
:1019E0003B435360414B424A1B6811688B4200D90C
:1019F0001360404A11688B4200D8B4E01360B2E033
:101A0000500A042811D891093831CF00BF19B8689D
:101A1000874225D1012289108A4061460A437260BB
:101A2000E760A060BC60C4606DE7142802D80100C4
:101A30005B31EAE7542802D8110B6E31E5E7AA21A1
:101A40004900884202D8D10B7731DEE7244F7E214E
:101A5000B842DAD8910C7C31D7E78068874204D04D
:101A600003264168B1439142F7D8C768D8E70327F6
:101A70006168B9430391E768491B0F2910DD012212
:101A8000631915436560A5680A43EF60BD60436153
:101A9000036112485A60D8609860039BE150C2E627
:101AA000002909DB039BE11801234A6813434B60BB
:101AB000A368DF60BB60B6E63C0039E73168083EEA
:101AC000013BB14200D13EE743E7043352000A42F2
:101AD000FBD027E7029BFAE7F0010020F801002085
:101AE00054050000E49A0120E8010020B49A012086
:101AF000E09A0120DC9A012035490868013040D184
:101B00000C600721260000230E400C4202D008334F
:101B10009B1BE418E1190591059F04991740CB1808
:101B2000DF1B17403900019801F0E8FA431C07D188
:101B3000371E059804D030000027059B0838181878
:101B4000244A001B1368C019DB1913600122224BC1
:101B5000029910439C606060994200D142E7039B68
:101B60000F2B13D8626003221B4B9B685B68934367
:101B70005A1BAB4201D30F2A1FDC019800F036F844
:101B800029E61449A61BF6180E60BAE70721039B45
:101B90000C3B8B43029949680A4002991A434A60F8
:101BA000CA180521516091600F2B00D81AE70299DD
:101BB0000198083101F082FB14E70123180006495F
:101BC00028438C681343651960608D606B602AE65A
:101BD000E8010020B49A0120F001002010B502486D
:101BE00001F0DEFA10BDC046289C012010B5024865
:101BF00001F0D7FA10BDC046289C0120094B10B552
:101C00001C68094A983420686168084BDEF7B0FC0C
:101C1000012200238018594120606160480040087B
:101C200010BDC046700700202D7F954C2DF45158F3
:101C300010B5034B0A000100186800F003F810BD4E
:101C400070070020F0B587B00C1E0390059206D1F6
:101C50001100FFF7B3FD0700380007B0F0BD03988F
:101C6000FFF7BCFF2300083B5F6802933A000323A1
:101C70009A43059B04920B33162B08D907229343F2
:101C8000019306D50C23039A13600027E4E7102381
:101C90000193059B019A9342F4D8049B019A9342C5
:101CA00000DB6DE1049A029BBA489B188268944657
:101CB0005A689C4506D001251100A9435918496866
:101CC000294244D103218A4304998E1801999C45E5
:101CD00017D11031B1423CDC019A01219446B61A69
:101CE0002200029B0E4363448360083A5E6053689F
:101CF00003980B4061460B435360FFF777FF2700C3
:101D0000AAE7B14225DCDA689B68DA609360019B40
:101D1000029AF41A029B92195868012318400F2C5A
:101D200000D82FE1019D029928434919029D1C43C7
:101D300068604C605068083103435360039801F0B9
:101D4000BDFA0398FFF752FF029F083784E700228D
:101D50001300FF0700D5C6E02100032008390D68F5
:101D600002994D1B6968814304980F18002B00D11C
:101D700084E0D6199C4548D1019B1033B3427DDCE9
:101D8000AA68EB682F00D3609A600200043A083713
:101D9000242A35D83B00132A08D92368AB6063682E
:101DA000EB601B2A1AD82B000834103322681A6003
:101DB00062685A60A2689A60019B764AEB18936049
:101DC000019AB61A012216435E606B681340019AAD
:101DD00013436B600398FFF709FF3DE7A3682B618E
:101DE000E3686B61242A03D02B0010341833DDE73D
:101DF0002369AB612B0062692033EA611834D5E7AF
:101E00002100380001F0A6F8D6E7019AB24235DC8D
:101E10002800DA689B680830DA609360AA68EB688B
:101E2000D3609A60049A043A242A23D8132A07D943
:101E30002368AB606368EB601B2A09D8083408305C
:101E40002368036063684360A368836002955EE76C
:101E5000A3682B61E3686B61242A03D02800103447
:101E60001830EDE7280023692030AB61636918342E
:101E7000EB61E5E7210001F06DF8E7E7019BBB426C
:101E800031DC2800AA68EB680830D3609A60049AB5
:101E9000043A242A23D8132A07D92368AB6063683D
:101EA000EB601B2A09D80834083023680360636894
:101EB0004360A36883603E00C8E7A3682B61E368C2
:101EC0006B61242A03D0280010341830EDE7280075
:101ED00023692030AB6163691834EB61E5E72100C9
:101EE00001F038F8E7E705990398FFF767FC071E4C
:101EF00003D10398FFF77AFEC7E623000122083BCF
:101F00005B689343029AD3180200083A934205D1C2
:101F10005E6803239E43049BF618F8E6049A043A8D
:101F2000242A29D803002100132A08D92368036032
:101F3000636843601B2A0DD80300083108330A6820
:101F40001A604A685A608A689A602100039801F012
:101F5000B5F93FE7A3688360E368C360242A03D030
:101F6000030010311033EAE72369183103610300DD
:101F7000626918334261E2E7210000F0EBFFE4E719
:101F8000049EC4E6029906434E6051680B435360B9
:101F9000D7E6C046F001002070B516000D0002F033
:101FA000EBF8002E0DD06B236A00520D9B1A002B0C
:101FB00007DD0024034A1B059D182B002200DFF7D4
:101FC00057FF70BD0000F03FF0B5A3B01B92002298
:101FD00000260027059009911E921D910A782B2A50
:101FE00053D03FD80D2A39D8082A39D8002A42D0F0
:101FF0000022129200211D9D0C912A78302A00D0D7
:1020000083E06A7820318A43582A00D073E0029333
:10201000129B954A01931EAB009305981FAB1DA917
:1020200001F066FA0F2302001A40040006921842DB
:1020300005D0062A2BD1002301351D9512931B9B39
:10204000002B02D01D9B1B9A1360129B002B19D0F2
:10205000802330001B06F91823B0F0BD202AC7D119
:102060000131BAE72D2AC3D12C3A12924A1C1D9293
:102070004A78002ABED1099B1D93002312931B9B13
:10208000002BDFD130003900E6E70022EDE71E9A91
:10209000002A07D0352120A802F064F91E9905987E
:1020A00001F052FD06981F9B0138042806D8DEF780
:1020B0003DF812031C1E1200209E219FE40502D54C
:1020C00080231B061F43694B3B42B8D101F03CF80B
:1020D00022230360B3E76649219A209E0A4065499E
:1020E0005B181B051A431700E8E7604FE6E7012677
:1020F000614F7642E2E71D9B5A1C1D925B78302BA4
:10210000F9D0002B9BD001230C9300250A221D9BA4
:102110000D95139308951D9804782300303BD9B290
:10212000092927D90122554900F04AFF002831D05A
:10213000002023008446089A0E900692202219005F
:1021400091430A0000210791452A00D0C0E0069B78
:102150000C9A034313438B428DD01D9B099301338B
:102160001D93099B5B782B2B70D00C002D2B73D10A
:1021700001246CE00899082909DC0D9951435B188A
:102180000D93089B0130013308931D90C3E755431D
:102190005D19F6E71D9B5A1C1D92089A5B78002A70
:1021A0003AD00E9006921A00303A092A12D901222A
:1021B0009446C3E71D9B01305A1C1D925B78302B5F
:1021C000F8D01A00313A082A3BD80E9000201D9A08
:1021D000069013921A00411C303A302B16D00E9BF9
:1021E0005B180E93069B0A219C4684449C4515D19E
:1021F0000699069B013109181B180691082B19DC5A
:102200000A230D994B430021D3180D931D9B080001
:102210005A1C1D925B78C6E70898D0E75C1C082B17
:1022200004DC0D9B4B430D932300DFE7102CFBDCFC
:102230004D43F9E700210F2BE8DC0A235D435519D4
:10224000E4E700220E9206920132B1E70024099BD6
:1022500002331D93099B9B781A00303A092A13D93F
:10226000099A1D92002232E0D4AB02080000F07FF0
:10227000FFFFEFFF33040000FFFFFF7FBCAB02084E
:102280001D9B5A1C1D925B78302BF9D000220792BF
:102290001A00313A082A1BD8303B10931D9B079334
:1022A0001D9B591C1D915B781A00303A092A3AD9B6
:1022B000079A8A1AB4490791082A04DC109A0792EF
:1022C0008A4200DD0791002C02D0079A5242079201
:1022D000069A002A4DD10C9A104300D0AFE6624610
:1022E000002A00D0C7E6692B27D023DC492B24D055
:1022F0004E2B00D0BFE6A5491DA801F02FFB0028FA
:1023000000D1B8E61D9B1B78282B2CD1A04920AA10
:102310001DA801F037FB052825D1219B9D4A209E51
:102320001A4317008BE60A2210994A43D218303A12
:102330001092B5E76E2BDED09DE697491DA801F0FF
:102340000DFB002800D196E61D9B9449013B1DA87A
:102350001D9301F003FB002802D11D9B01331D9347
:1023600000268C4F6BE68E4800F038FF06000F0009
:1023700065E6079B0E9A9B1A0C93089B002B01D1D4
:10238000069B0893069C102C00DD10240D98E0F7A6
:102390005FFC069B06000F00092B13DC0C9B002B37
:1023A00000D14CE60C9B002B00DC7EE0162B63DC9E
:1023B0007C49DB00C9183200086849683B00DFF738
:1023C00057FDD3E72200774B093AD2009B181A68D1
:1023D0005B68DFF74DFD060028000F00E0F738FCD2
:1023E0000B00020039003000DEF79AFD069B060064
:1023F0000F000F2BD2DD069B1C1B0C9BE418002C3E
:1024000000DC9BE00F222300134014420AD06549F0
:10241000DB00C9183200086849683B00DFF728FD77
:1024200006000F000F239C4373D02633FF339C42DA
:102430004BDD0023069307930D9308932223002678
:10244000059A544F13600D9BB34200D1F7E51E99D6
:10245000059801F079FB0899059801F075FB07993B
:10246000059801F071FB0D99059801F06DFB069937
:10247000059801F069FBE2E52523069A9B1A0C9A60
:102480009342B8DB0F24069B464DE41AE10069181D
:102490003200086849683B00DFF7EAFC0C9B1C1B14
:1024A000E4002D192A686B6889E70C9B1633A2DBC0
:1024B00007990E9A3B4B521AD2009B1830001A68AB
:1024C0005B683900DFF790F850E7002330003900EF
:1024D000354D24110993012C1EDC002B01D0060080
:1024E0000F00324B099AFF182F4BD5005D193200AF
:1024F000286869683B00DFF7BBFC264B2C4A0600C6
:102500000B40934295D82B4A934213D901262A4F68
:1025100076420023099386E00122144204D02A68FF
:102520006B68DFF7A5FC0123099A64100132099258
:102530000835D0E7D4239B04CF18EAE7002CE8D075
:1025400064420F2322001A401C420AD0154BD200CD
:102550009B1830001A685B683900DFF745F8060001
:102560000F002411D5D01F2C28DD002306930793DC
:102570000D9308932223059A002613600D9B0027D4
:10258000002B00D063E75AE51F4E0000EDAE0208B5
:10259000C0AB02080000F07FE5AE020873AF02088E
:1025A0006FAF020818AE0208F0AD02080000B0FCE0
:1025B0000000A07C0000907CFFFFEF7F1023220032
:1025C0001A4009921C4201D05A3309933000390055
:1025D0000023BF4D0122144204D02A686B68DFF744
:1025E00047FC012364100835002CF3D1002B01D0E7
:1025F00006000F00099B002B0DD06B237A00520DB3
:1026000039009B1A002B06DD1F2B5ADD0026342BC8
:1026100050DDDC27BF040022002330003900DDF745
:102620001FFF0028A1D10D9B089A00931399069BC8
:10263000059801F0D7FA0D90002800D1F9E60C9B1F
:102640000799DA170E9B5B1A1A400C9B1792DB4313
:102650000C9ADB171A4000231A92069307930D9BDE
:102660000598596801F048FA0890002800D1E5E67D
:102670000D9B0C3019001A690C310232920000F0E7
:10268000A4FD20AB01931FAB009332003B000598E3
:102690001096119701F0DCFD1E90002800D1CDE6C8
:1026A0000121059801F03AFB079000280ED1002384
:1026B0000793C3E64B239A1A4C3B934019400F00F3
:1026C000A9E7012252429A401640A4E71F9B1A9A9A
:1026D000179DD41A002B01DB1A9C5D190999209AC9
:1026E0005B1A36219B188A1A7A4901208C460021F0
:1026F000013B16911490634506DA6146C91A521AD5
:102700001F293FDC88401490AB180E93A418099B36
:102710000E9A1C192B00954200DD1300A34200DD28
:102720002300002B04DD0E9AE41AD21A0E92ED1A41
:10273000179B002B16DD1A000799059801F0B8FBCE
:1027400007900028B3D001001E9A059801F0FEFA08
:102750001390002800D171E61E99059801F0F4F954
:10276000139B1E930E9B002B12DC0C9B002B18DD81
:102770001A9A0899059801F09BFB0890002810D13F
:1027800000235AE65449CB1A010099401691BAE742
:102790000E9A1E99059801F0CDFB1E900028E4D1F9
:1027A0004CE6002C07DD22000899059801F0C2FBD9
:1027B00008900028E4D0002D08DD2A00079905982C
:1027C00001F0B8FB0790002800D137E6089A1E995F
:1027D000059801F037FC0690002800D12EE6C3686A
:1027E000079913930023C36001F010FC00283BDA23
:1027F000139B334367D13B0365D1D622374BD204B9
:102800003B4093425FD9069B5B69002B03D1069B3B
:102810001B69012B57DD06990122059801F08AFBFF
:102820000799069001F0F2FB00284CDD2B4B099A2A
:102830003B40002A74D0D622D204934270D8DC22C6
:102840009204934200D895E630003900244B0022D0
:10285000DFF70EFB214B06000F000B4200D0F6E520
:102860002223059A1360F2E50E97002875D1139A7A
:102870003B031B0B002A39D01A4A934238D101215D
:10288000099B494232000800002B0BD0D424134B83
:1028900008003B40E404A34204D86C301B0DC31A6B
:1028A00099400800824223D10F4B0E99994202D1E0
:1028B000013200D1C2E5094B0E9A00261A401300DE
:1028C000802252039F18099B002BBDD1BFE5C04653
:1028D000E8AB020802FCFFFFE2FBFFFF0000F07F15
:1028E00000005039FFFF0F00FFFFEF7F33439DD003
:1028F000169B002B1CD00E9B169A1342E3D0139B01
:1029000030003900099A002B16D0FFF745FB020072
:102910000B0010981199DEF703FB06000F00D2E7B9
:102920000126924A76429B18914A1A431700CAE739
:10293000149B3342C7D0E2E7FFF72EFB02000B00E7
:1029400010981199DFF75CFD0022002306000F00AC
:10295000DDF786FD0028B6D00CE60799069801F051
:10296000D7FC80230022DB0504000D00DDF788FD85
:1029700000286CD0139B002B77D1002E57D10E9BD3
:102980001B035AD10022200029007A4BDDF76EFD8F
:10299000002859D1200029000022774BDFF768FA80
:1029A00004000D0080231B06EB180A940B930A9A6F
:1029B0000B9B14921593714A0E9B13401693169A13
:1029C0006F4B9A4200D087E06E4A0E9B9446634458
:1029D0001F003000190001F0CFFB0A9A0B9BDFF7B4
:1029E00047FA32003B00DEF79BFA644A664B06006A
:1029F0000A409A4240D9119B644A934203D1109BEA
:102A0000013300D11AE50126604F76421E990598E0
:102A100001F09AF80899059801F096F80799059839
:102A200001F092F80699059801F08EF817E6012E4C
:102A300003D10E9B002B00D19CE50023544C4D4D3F
:102A40000A930B940024B2E700244B4DAAE7200020
:102A50002900494B0022DFF70BFA139B04000D00FD
:102A6000002B9FD00A940B95A1E70023414C250031
:102A70000A930B941C009AE7D4239B04CF18099B5C
:102A80001097002BC2D13D4B169A3B409A42BDD1C4
:102A900020002900DDF7B8FDDDF7F0FD02000B0096
:102AA00020002900DFF7ACFC3C03139B240B3443CC
:102AB0000E900F91374A1C4352D0374BDDF7D6FCAE
:102AC000002800D0C3E40E980F99344A2A4BDDF752
:102AD000E1FC00289AD0BAE4099B002B2AD0D42329
:102AE000169ADB049A4225D8200029002C4A2D4B47
:102AF000DDF7C6FC002816D020002900DDF766FDB2
:102B0000002800D10130E0F7A3F8139B04000D006A
:102B1000002B22D180231B06CB1818901993189AEA
:102B2000199B14921593D622159BD2049B18169AC2
:102B30009B1A159310981199149E159F01F01CFB78
:102B400002000B0030003900DFF792F9109A119B58
:102B5000DEF7E6F906000F0091E718941995DEE715
:102B6000114B0E980F99DDF781FCB2E70000F0FFE2
:102B7000FFFF0F000000F03F0000E03F0000F07F8B
:102B80000000E07F0000B0FCFFFF9F7CFFFFEF7FB5
:102B90000000F0BF9535A094FFFFDF3F35E5AF356E
:102BA0000000C0FFFFFFDF41FFFFCF3F10B5044C27
:102BB0000A000100034B2068FFF706FA10BDC0466B
:102BC0007007002004060020F0B585B017001E0035
:102BD00003900191242B44D80C00012B41D03D4B94
:102BE00008229C46230061461D780134485D01009F
:102BF00011401042F6D12D2D3AD125789C1C01238D
:102C0000009310223300934309D1302D36D1202177
:102C100023788B43582B31D11600657802342E4A25
:102C2000009B94466344310018000293DDF718FBC3
:102C30000022844610002B00303B092B25D81D00B4
:102C4000AE4231DD531C09D001225242844505D3E6
:102C500001D1A94225DB01227043281825780134CF
:102C6000E9E700F071FA16230360002005B0F0BD1B
:102C700000912B2DC5D125789C1CC2E7002ECED10A
:102C80000836302DCBD00236C9E72B00413B192B3B
:102C900001D8373DD4E72B00613B192B04D8573DB1
:102CA000CEE701225242D9E7531C08D12223039ACE
:102CB00002981360002FD9D0631E019307E0009B98
:102CC000002B00D04042002FD0D0002AF4D1019B2D
:102CD0003B60CBE711AC0208FFFFFF7F10B5044C4F
:102CE00013000A0001002068FFF76EFF10BDC04608
:102CF00070070020002310B5040003604360836068
:102D000081814366C28103614361836119000822A6
:102D10005C3000F032F90B4BE46123620A4B6362D2
:102D20000A4BA3620A4BE3620A4B9C4205D00A4B52
:102D30009C4202D0094B9C4203D12000583000F045
:102D40002DFA10BDBD2E0208E52E02081D2F020827
:102D5000492F0208E89A0120509B0120B89B0120CE
:102D600010B5034A0349044800F06CF810BDC04692
:102D7000F80500207D5802087807002041680B4BB9
:102D800010B50400994201D002F078FDA168084B0B
:102D9000994202D0200002F071FDE168054B994292
:102DA00002D0200002F06AFD10BDC046E89A012062
:102DB000509B0120B89B012010B5094B094A042102
:102DC0001A6009480022FFF795FF012209210748F0
:102DD000FFF790FF022212210548FFF78BFF10BD7D
:102DE000209C0120612D0208E89A0120509B0120BF
:102DF000B89B012010B5024800F0D2F910BDC046C2
:102E00002A9C012010B5024800F0CBF910BDC04645
:102E10002A9C012010B50400FFF7ECFF636B002B28
:102E200002D0FFF7EFFF10BD044B6363044B1B6838
:102E3000002BF6D1FFF7C0FFF3E7C0467D2D020857
:102E4000209C0120F7B51400002600900191A56890
:102E50006768013F04D52468002CF8D13000FEBD1E
:102E6000AB89012B08D90E22AB5E013304D02900B7
:102E70000098019B984706436835EAE70EB400B511
:102E80000B499CB01DAB0290069007910491094834
:102E9000094904CB0591006802A9019301F0B4FA35
:102EA0000022029B1A701CB008BC03B01847C04631
:102EB000FFFFFF7F700700200802FFFF70B50C00C6
:102EC0000E25495F00F006F9002803DB236D1B186F
:102ED000236570BDA389024A1340A381F9E7C04668
:102EE000FFEFFFFFF8B51F008B8905000C001600EF
:102EF000DB0505D50E23C95E0022022300F0D6F8BB
:102F0000A389054A28001340A38132000E23E15E05
:102F10003B0000F005F9F8BDFFEFFFFF70B50C00B6
:102F20000E25495F00F0C2F8A389421C03D1054A6F
:102F30001340A38170BD802252011343A3812065F9
:102F4000F8E7C046FFEFFFFF10B50E23C95E00F0A3
:102F50009BF810BD10B5884206D800239A4208D0CD
:102F6000CC5CC4540133F9E78B189842F5D2013A8E
:102F700000D210BD8B5C8354F9E7030082189342A2
:102F800000D1704719700133F9E7020010B51378CA
:102F900014000132002BFAD1CA5CE2540133002A3A
:102FA000FAD110BDC9B20378002B04D08B4200D1F6
:102FB00070470130F7E74B42594149420840F7E773
:102FC00030B50500101E0BD00024013A2B5D085DC2
:102FD000834204D1A24202D00134002BF6D1181A48
:102FE00030BD030030B51D00002A06D00C78013A30
:102FF00001332C700131002CF5D100219A18934235
:1030000000D130BD19700133F9E70000034B10B552
:103010001A680123503200F003F810BD7007002039
:10302000F0B5041E02D11468002C09D020000E0057
:10303000057801343778002F04D1002D0DD11560AB
:10304000002006E00136BD42F4D1002BEED1146021
:103050000370F0BD0133002D02D10B00267801343E
:103060001D78AE42F6D100231D009E4202D02300FF
:10307000611E0D701360ECE79422024B5200985CC5
:103080007047C04604060020002370B5064D0400BA
:1030900008002B60FEF762FB431C03D12B68002B5A
:1030A00000D0236070BDC046249C012070B5040090
:1030B000080011001A000023054D2B60FEF71AFBD3
:1030C000431C03D12B68002B00D0236070BDC04689
:1030D000249C012070B50400080011001A00002390
:1030E000054D2B60FEF7FAFA431C03D12B68002B29
:1030F00000D0236070BDC046249C0120002370B521
:10310000064D040008002B6004F09CFD431C03D115
:103110002B68002B00D0236070BDC046249C01208A
:1031200070B50400080011001A000023054D2B6043
:10313000FEF7C8FA431C03D12B68002B00D0236094
:1031400070BDC046249C0120014B18687047C046E2
:103150007007002070B500260C4C0D4D641BA410A8
:10316000A64209D1002604F07FFD0A4C0A4D641BDB
:10317000A410A64205D170BDB300EB5898470136A4
:10318000EEE7B300EB5898470136F2E700B00208CB
:1031900000B0020808B0020800B00208704770478B
:1031A00070477047802310B5082804D0FFF7CCFF84
:1031B00016230360173B180010BD03000A78013185
:1031C0001A700133002AF9D17047002310B59A42D2
:1031D00000D110BDCC5CC4540133F8E70020014994
:1031E0007047C0460000F87F034B10B5002B02D09B
:1031F000024800F005F810BD00000000A95A0208BE
:10320000002310B501001A00180002F09FFC10BD49
:10321000F7B5040008200D00FFF7C4FF06002000EA
:10322000FEF7DCFC0322224F3100BB685B6893434E
:1032300018001138401B80190193DCF78BFF451EE5
:103240007543AE4204DD2000FEF7D0FC0020FEBD39
:1032500000212000FFF752FFBB68019A9B1898429B
:10326000F1D120006942FFF749FF013010D1002160
:103270002000FFF743FFBA68811A0F29E3DD0D4DE7
:103280000D4B2D68401B186001230B435360DAE798
:103290000126019BBA685B1B33435360064A20003A
:1032A00013685B1B1360FEF7A1FC3000CFE7C0463C
:1032B000F0010020E8010020B49A0120F7B50D1EAE
:1032C00001902DD0FEF78AFC012329009C46083985
:1032D0004F6862463B0064469343C8184568023213
:1032E00095434A4A2740966886421AD15B19002FB7
:1032F00006D10868091A8D681B18C868E8608560DF
:103300000120184348609160414A12689A4204D8EB
:10331000404B01981968FFF77BFF0198FEF766FCA8
:10332000F7BD00264560B74209D10F683A4CC91B6A
:10333000DB198F68A7422CD0CC68FC60A7604719C6
:103340007C6801273C420BD15B198568002E22D195
:10335000314CA5421FD13E0051611161CD608D609D
:103360000125280018434860CB50002ED5D180207D
:103370008000834213D2D8085B099D4053681D43E7
:10338000C3009B1855609A68CB608A609960D160D1
:10339000C3E76646D3E7C068E8608560E0E75D0A9A
:1033A000042D12D898093830C600B618B56803271E
:1033B000AE4225D1012380108340506803435360FF
:1033C000CE608D60B160E960A7E7142D02D82800B7
:1033D0005B30E9E7542D02D8180B6E30E4E7AA20E1
:1033E0004000854202D8D80B7730DDE70B4E7E20B7
:1033F000B542D9D8980C7C30D6E7AD68AE4203D040
:103400006A68BA439A42F8D8EE68D9E7F00100201A
:10341000EC010020E49A0120F8010020540500008E
:103420000200F0B5046985B014324B111600029306
:103430009C4231DD1F260F009B00A500D3183740AA
:1034400055190093019731420DD1160019008D4294
:1034500036D8009B0026033B9D4202D3029BE41A10
:10346000A600961918E02021019E019F891B009E4D
:10347000039102CE9446F940B54216D8009B00262F
:1034800001339D4203D3029BE41AA600043E961921
:103490003160002900D00436B11A891001619642CA
:1034A00001D10023436105B0F0BD3768039B9F4005
:1034B0000F43614680C18C46019B02CED940DBE7B9
:1034C00080C980C6C3E70200303A0300092A02D847
:1034D000203BD8B270470200613A052A01D8473B29
:1034E000F7E71A00413A0020052AF3D8273BF0E716
:1034F000F0B589B007930B680192039006919A1C6E
:1035000011000132501E00783028F9D0CB1A023B4E
:1035100005930091FFF7D7FF00231D000293984207
:103520001ED10122A6490098FFF74AFD0700A842D4
:1035300000D06AE0009B58785C1CFFF7C4FF0123B1
:103540000293A8422FD00094009B1878302809D00D
:10355000FFF7B9FF42424241012325000292059341
:10356000009C04E0009B01330093EDE701342078D8
:10357000FFF7A9FF071EF9D1012220009049FFF7AC
:103580001FFD00280DD1002D06D101342500207823
:10359000FFF799FF002802D12D1BAF0003E0013493
:1035A000F5E7002DF8D12022237826009343502BF5
:1035B0001DD163782B2B2DD02D2B2FD00023661CF3
:1035C00004933078FFF77FFF431EDBB20500182B12
:1035D0002AD87078FFF777FF431EDBB20136103D23
:1035E000182B1DD9049B002B00D06D427F19069B20
:1035F0001E60029B002B19D0059B06265A425341A0
:103600005B421E40300009B0F0BD01230027009C42
:103610000293C8E700230493A61CD2E70123FAE72C
:103620000A235D432D18D4E72600E0E7009B0299AA
:10363000E31A013B072B0ADC039800F05DFA051E34
:1036400008D12A00E4215F4B5F4802F0BFFA013144
:103650005B10EFE7030014330293059300231E0071
:103660000493009BA34238D3059C029B40C4E41AF8
:10367000A41030002C6100F001FB019B64011B6869
:10368000261A00939E4252DDF61A3100280000F0FF
:103690008AFE041E0FD001241F232000721E134037
:1036A000984003005111029889000958194202D02C
:1036B000A24234DC022431002800FFF7B1FEBF191A
:1036C000019B9B68BB4242DA2900039800F03CFA58
:1036D00000230E9AA326136094E7013C23782E2B37
:1036E00012D0049B202B04D1059B40C300260593D8
:1036F00004962078FFF7E7FE0F231840049B9840BC
:10370000043306430493ACE7009BA342E9D80122AB
:1037100020002B49FFF754FC0028E2D1A1E7280044
:10372000B11E00F040FE0028C4D00324C3E7009B74
:1037300000249E42C4DA9E1B29003200039800F048
:10374000F9FB030014330500BF1B0293B8E7019B8C
:103750005E68BE426FDD009BF61BB34236DC019B08
:10376000DB68022B24D0032B26D0012B17D1009B22
:10377000B34214D1012B0BD1019B079A5B686226DF
:1037800013600123029A2B6113600E9B1D6039E7C1
:1037900000992800013900F006FE0028ECD129002C
:1037A000039800F0D1F900230E9A5026136029E700
:1037B0000F9B002BF3D1DFE70F9B002BDCD1EEE753
:1037C000BCAB020819AD02082AAD0208771E002C16
:1037D0002FD1002F04D03900280000F0E4FD0400B0
:1037E0001F237A111F401E3BBB4002999200525882
:1037F0001A4201D002231C43009B31009B1B02266E
:1038000028000093FFF70CFE019B5F68002C3FD05F
:10381000019BDB68022B10D0032B12D0012B06D1A9
:10382000A20704D5029A126814431C420CD110233B
:103830002DE00124D4E70126E8E701230F9A9B1A23
:103840000F930F9B002BF2D02B69002002939B005B
:1038500004932B00049A143399181A68541C1CD032
:1038600001321A602B001433022E3FD1019A0099C5
:103870001268013A8A4209D10A001F201040012231
:10388000824049118900CB5813423DD120231E4369
:103890000E9B1D60079B1F60B4E601C39942DCD8F4
:1038A000AB68029A9A4218DB69680398013100F00C
:1038B00023F9041E04D1220084211D4B1D48C4E6B7
:1038C00029002A690C31023292000C30FFF77DFC8E
:1038D0002900039800F038F925002B695A1C2A6149
:1038E000012204339B00EB185A60BBE72A69029956
:1038F0008A420BDD01212800FFF792FD019B013771
:103900009B68BB4200DADFE60126BFE71F22009C6E
:10391000009914401142F7D0049A9B18043B186890
:1039200000F0ACF920231B1B9842E3DBECE7C04618
:1039300019AD02082AAD0208082370B520259A1A8D
:103940009200AD1A436804681E00AE40D340344371
:103950000460436004308842F4D370BD30B503681E
:103960000C780133002C02D10360012030BD1A789D
:103970001500413D192D00D820320131A242EFD06F
:103980000020F3E7F0B50B688BB0019201995A1152
:1039900092008A18029219001F2211400890069185
:1039A000134202D0029B04330293029B00251F1F87
:1039B0003E003C00089B3D601B68079505930395FE
:1039C000059B01330993059B5B780493002B28D05A
:1039D0000498FFF778FD002855D1049B202B19D8B7
:1039E000039B079A934212DDB44206D2072D04DCF2
:1039F0002A0031002000FFF79FFF019B08259C4211
:103A000005D9261F00253400039B35600793099BC9
:103A10000593D5E7049B292B5AD1059B089A0233BD
:103A20001360039B002B53D0B44206D2072D04DC55
:103A30002A0031002000FFF77FFF019B9C4236D90E
:103A40001A00230002CB02C29F42FBD2029B611CE0
:103A5000DA1E0423914205D8029B043B1B1B9B08E2
:103A600001339B00019AD318002204C39F42FCD269
:103A70003B68002B04D1019B9F4227D101233B606F
:103A800005200BB0F0BD039B013501330393082DD6
:103A900006DD019B9C42BAD900230125043C23602A
:103AA0000F22236810401B0103432360AFE7069BEE
:103AB000002BDDD02023069A02999B1A0122524244
:103AC000DA4004390B6813400B60D1E7043FCFE7BD
:103AD0000420D6E782B0002900D101A9101E06D02B
:103AE000002B06D013780B601078431E984102B06B
:103AF000704702204042FAE7436C70B506000C00A4
:103B0000002B12D0736CA2009B181868002815D1E6
:103B100001210D00A5406A1D3000920002F074F8EA
:103B2000002809D0446085600AE02122042102F0C7
:103B30006BF870640028E5D1002070BD02681A603F
:103B400000230361C360F8E7002906D04A68436C8C
:103B500092009B181A680A6019607047F7B50F0049
:103B600001900C001E0000200D6914373B680130E5
:103B700099B251431B0C534389190E0C9B191E0C0F
:103B800089B21B045B1808C78542EFDC002E22D0E7
:103B9000A368AB4219DC616801980131FFF7ACFF03
:103BA000071E05D13A00BA210C4B0D4802F00EF861
:103BB000210022690C31023292000C30FFF705FB24
:103BC00021000198FFF7C0FF3C002B1D9B00E3186C
:103BD00001355E6025612000FEBDC04619AD0208BA
:103BE0008AAD0208F7B5070018000C00083009215B
:103BF00001931500DCF738FB0123002183420ADB27
:103C00003800FFF779FF011E08D10A00194B1A4846
:103C1000D33101F0DBFF5B000131EFE7089B43612B
:103C200001230361092D18DD230009331E000093D1
:103C3000641933780A223800303BFFF78FFF0136D2
:103C40000100A642F5D12C00009B083C1C192E0057
:103C5000019B9E4204DB0800FEBD09250A34F6E7FD
:103C6000631B9B5D0A223800303BFFF777FF01366C
:103C70000100EDE719AD02088AAD020880220300B9
:103C800052020020934201D21B04103080225204C1
:103C9000934201D208301B0280225205934201D286
:103CA00004301B018022D205934201D202309B00D6
:103CB000002B03DB0130134200D120207047036842
:103CC000010007221800104013420DD0063A0020D0
:103CD000134205D10230034203D0D34010000B60E1
:103CE00070479B080B60FBE79AB2002A01D11020B5
:103CF0001B0CDAB2002A01D108301B0A1A0701D1C5
:103D000004301B099A0701D102309B08DA07E9D475
:103D100001305B08E6D12020E2E7000010B50C007E
:103D20000121FFF7E9FE002807D14621054C0200DA
:103D3000054B2000FF3101F049FF0123446103617D
:103D400010BDC0468AAD020819AD0208F0B51400D6
:103D50000A6923690D008BB09A4202DB23000C0034
:103D60001D0027692E696168BB190393A368BA19FE
:103D7000934200DA0131FFF7BFFE0290002806D11E
:103D8000B121494B4948029A490001F01FFF029BAB
:103D9000002214339C46BB199B0063440493634682
:103DA00004998B422AD32300BF001433143508939F
:103DB000B600DB190593AB1909930423069323007E
:103DC000059A153301959A4205D3131B153B9B08A1
:103DD00001339B000693019B099A934210D3039BE6
:103DE000002B05DD049B043B04931B68002B56D07D
:103DF000029B039A18001A610BB0F0BD04C3CFE711
:103E0000019B186880B200281ED067460025089ED6
:103E100002CE3B6807938BB243431A006B46090CF2
:103E20009B8B4143D318079A5B19120C89181A0C03
:103E30008A189BB2150C12041A43059B04C7B3429F
:103E4000E6D86346069A9D50019B1868000C20D066
:103E500063462500614600271B6814352A680E68F2
:103E600092B24243360C9219D21916049BB21E43E9
:103E70000E6040CD4B68360C46439BB2120CF318D3
:103E80009B18059A1F0C0431AA42E7D8624606998E
:103E90005350019B0433019304239C449BE7039BF1
:103EA000013B03939BE7C04619AD02088AAD0208A7
:103EB000F7B50323150007000E001A401D4208D075
:103EC0001A49013A9200525800233100FFF746FE8A
:103ED0000600AD1027D03C6C002C07D138001449E7
:103EE000FFF71CFF002304003864036001231D4218
:103EF0000AD0310022003800FFF728FF310001907E
:103F00003800FFF721FE019E6D100CD020680028BC
:103F100007D1220021003800FFF718FF002320609E
:103F200003600400E2E73000FEBDC046E4AD0208D5
:103F300071020000F0B50C0016002369571185B01E
:103F4000FB180193013300934968A3680290009A1B
:103F5000934210DB0298FFF7CFFD0023010005001C
:103F60001A00143198420CD1EF212A00254B264823
:103F7000490001F02BFE01315B00E8E798000A5090
:103F80000133BB42FADBFB43DB171F40BF002300BA
:103F90001F20C91937002269143392009A1807406C
:103FA000064229D00130C01B03908C4600201E68B9
:103FB000BE400643604640C08446039E01CBF040AD
:103FC0009A42F4D8260015360423B24204D3131BB8
:103FD000153B9B0801339B00C850002802D0019B71
:103FE00002330093009B0298013B21002B61FFF7F5
:103FF000ABFD280005B0F0BD01CB01C19A42FBD852
:10400000F0E7C04619AD02088AAD020830B50B6969
:1040100004690200E01A9C420FD114329B00143153
:104020001400C918D218043A043915680B689D4267
:1040300004D001209D4200D2023830BD9442F2D318
:10404000FBE70000F0B50C0087B0009011002000E5
:104050001700FFF7DBFF051E10D101000098FFF7E6
:104060004BFD021E04D1404B4048414901F0AEFDDA
:10407000012345610361100007B0F0BD0026B04286
:1040800003DA23003C001F00013661680098FFF747
:1040900033FD021E03D1344B34483649E6E7236929
:1040A000143400939B00E318210001943C00029318
:1040B0003B6914349B00E31803930300C6608C46ED
:1040C0000020143304930593634620CBA9B20E005D
:1040D0009C4608CC2D0C99B2711A09181B0C0814B7
:1040E000EB1A1B18181489B21B041943059B02C351
:1040F0000593039BA342E7D83900039C15310423A1
:104100008C4204D3E31B153B9B0801339B000199B0
:10411000CD1804992E00CB181F0002998E4211D39E
:10412000029CE91E00208C4204D321000331491B6C
:10413000890888001B18043B1968002910D0009BCF
:10414000136198E7844602CE88B2604400140C0CD8
:1041500004196144201489B22404214302C7DCE716
:10416000009901390091E6E719AD02088AAD02080D
:10417000370200004502000010B500240C4B0D4A28
:104180000B409B18A34206DC5B421A15132A05DC80
:1041900080231B0313411900200010BD143A012491
:1041A0001E2A02DC80242406D4400023F3E7C04604
:1041B0000000F07F0000C0FCF7B50600036914366C
:1041C0009B00F3181D1F2C680F0020000193FFF7C0
:1041D00055FD2022121A3A6003001C4A0A2815DCF9
:1041E0000B212700091ACF403A438C4611000022C8
:1041F000AE4202D2019A083A126815339C406346D7
:104200002700DA401743380003B0F0BD0027AE4264
:1042100002D2019D083D2F680B2149428C469C44E7
:104220000B2B10D0614620238C405B1A3900D940FB
:104230000C43224311000022B54201D9043D2A68F3
:104240006446A740DDE722431100DCE70000F03FB1
:10425000F7B5012116001F00FFF74EFC041E05D123
:104260002200254B2548264901F0B0FC3B037D0088
:104270001B0B6D0D02D08022520313430193002EBD
:1042800025D068460096FFF71AFD019B009900288B
:104290001BD020221E00121A96403200C3400A434F
:1042A00062610193019EA661731E9E4101362661E3
:1042B000002D14D03526134BED18089B2D181D60CA
:1042C000099B361A1E602000FEBD6161EAE701A865
:1042D000FFF7F5FC019B012663612030E7E70A4BFD
:1042E000C018089B1860094BF3189B00E318586925
:1042F000FFF7C4FC7601E3E719AD02088AAD0208B6
:104300000F030000CDFBFFFFCEFBFFFFFFFFFF3FD2
:10431000F0B587B00F0004A90600FFF74DFF00902D
:104320000191009B019C380005A902930394FFF7BB
:1043300043FF0D0002000B0030693969049E401AEA
:1043400005994001711A41180805002908DD0199F5
:104350004118039102980399DDF746F907B0F0BDC3
:104360002B1AF7E770B514000500013913694911DC
:104370000131890014349B004118E318A3420DD881
:104380001400113400259C4203D89B1A113B9B0852
:104390009D0000234019814203D870BD40CC40C528
:1043A000ECE708C0F7E70200006910B514324B11C2
:1043B000984213DB0CDD1F2408002040214207D067
:1043C00099008C582100C140814001208C4204D1C9
:1043D0009B00D318934203D8002010BD0300F7E7D9
:1043E000043B19680029F5D00120F6E70300081EF8
:1043F00005D0FF2A04D98A2201201A604042704762
:1044000001200A70FBE70000F0B5DDB01C000B9145
:1044100009920A9001F044FB036818002093DBF72F
:104420007DFE0B9B18909B891B0617D50B9B1B6968
:10443000002B13D140210A98FDF7C0F90B9B18609F
:104440001861002807D10C230A9A136001235B42EC
:104450001A9300F011FC40230B9A536100230022B1
:10446000329331930E93002316921793002333AFA8
:1044700030972393229314931D9321931A93099DAC
:104480002B78002B02D0252B00D090E0099BEE1A50
:104490009D4216D03B60329B7E609B193293319BCC
:1044A000083701333193072B08DD0B990A9830AA9E
:1044B00002F074FA002800D0D8E333AF1A9B9B199E
:1044C0001A932B78002B01D101F08AF900231B22CB
:1044D0000126691C1D0022A8121813707642199338
:1044E0004B1C15930B781093109820385A2801D93B
:1044F00000F002FEDBF724FE9B0000060006A5008C
:10450000000600060006800000060006A700AF00B7
:104510000006AD00B4000006D000D200D200D200E8
:10452000D200D200D200D200D200D2000006000693
:104530000006000600060006000654010006FD0005
:104540000F01540154015401000600060006000644
:10455000E40000060006D404000600060006180564
:104560000006360500060006660500060006000681
:104570000006000600060006000654010006FD00C5
:104580001101540154015401E6001101F900000623
:10459000F2000006B604D6040705F9000006180567
:1045A000A3003805000600065D000006A3000135E3
:1045B00066E7A54B28002393202318401D4201D114
:1045C00000F003FD193B07349C43220018CA0693F0
:1045D00007940D92EB070AD5069B079A134306D062
:1045E000302229AB1A70109A5A7002231D43974B40
:1045F00002201D4000F066FC0A9801F051FA436861
:1046000018002193DBF78AFD1D900A9801F048FA03
:10461000836814931D9B002B11D0149B002B0ED08C
:104620001B78002B0BD08023DB001D4307E01B23EE
:1046300022AA9B181A78002A01D120321A701599E3
:104640004EE70123F1E708CC1993002BF7DA5B4220
:1046500019930423E9E71B2322AA9B182B22EDE7D9
:10466000159A159B1278013310922A2A0DD0002634
:104670000A21109A1593303A092A00D934E74E439B
:10468000B6181A7801331092F3E740CC002E01DA05
:10469000012676421593D2E78023C6E700220A213D
:1046A000159B1992199A10984A433038821819921A
:1046B0001A7801331092303A092AF3D9159313E787
:1046C0000823B2E7159B1B78682B05D1159B013396
:1046D000159380239B00A8E74023A6E7159B1B7832
:1046E0006C2B04D1159B0133159320239DE71023D8
:1046F0009BE7210004C943AB0D911B211A700022D6
:1047000022A809180A7001260C921B921292139289
:1047100011920993BEE110231D43AB062FD5072349
:1047200007349C43220018CA069307940D92079BF6
:104730000120002B0BDA069B079C00225942A24164
:10474000069107921B222D2122ABD2181170069AD6
:10475000079B1A43711C01D101F052F880212C00F3
:104760008C43002A01D001F050F8002E01D100F056
:10477000B9FC012801D001F04CF800F04DFC2200FA
:1047800008CA0D92EA0603D50693DB170793CEE716
:104790006A0601D51BB2F7E7AA05F5D55BB2F3E7C8
:1047A000072307349C43220018CA0D920122169356
:1047B0001794169B52422493179B5B005B0825932A
:1047C00024982599224BDEF7B7F9002824D12498A4
:1047D000259901221E4B5242DBF752FE00281BD1C5
:1047E0001698179900220023DBF740FE002804D01A
:1047F0001B2322AA9B182D221A70164B0993109B7B
:10480000472B01DD144B099380239D43002303268E
:104810000C931B9301F02CF8169A179B10001900AB
:10482000DEF78AF900281DD0179B002B04DA1B2322
:1048300022AA9B182D221A70084B0993109B472B14
:10484000E2DD074BDFE7C046F0AE0208FFFBFFFFEB
:10485000FFFFEF7FE0AE0208E4AE0208E8AE020818
:10486000ECAE0208109B612B00D1E9E15822412BEC
:1048700000D1E6E1731C00D109E22023109A0C90CC
:104880009A43472A02D1002E00D1013680235B00D3
:104890002B431C93179B002B00DBFBE180221206AD
:1048A0009446169B1E93179B63441F932D232793B7
:1048B0002023109A9A431292412A00D006E21E98B1
:1048C0001F992AAA01F010F9FF2300229B05DDF7AA
:1048D000CFFA002200230E900F91DBF7C1FD0028D4
:1048E00001D001232A93CF4B1393109B612B01D04E
:1048F000CD4B1393099C731E00220E980F991193B0
:10490000CA4BDDF7B5FA0E900F91DEF737F91B9021
:10491000DEF770F902000B000E980F99DDF770FDBD
:10492000139A0E900F911B99119B525C22700134C7
:1049300001330BD00E980F99119B0022013B269357
:104940000023DBF78DFD002800D1A9E100220E989D
:104950000F99B74B2694DBF79DFD00280CD10E98DC
:104960000F990022B24BDBF77BFD002800D1A8E1B4
:104970001B9BDB0700D4A4E13020139B2E94DB7B30
:104980002E9A013A2E921178994200D18AE14B1C5D
:10499000DBB2392901D1139B9B7A1370269B099AAC
:1049A0009B1A0E932A9B1193129B472B00D0DCE19C
:1049B000119B033303DB119BB34200DCFBE1109B33
:1049C000023B1093119B40225C1E6B4610999B1872
:1049D000203A00201B782A949143412902D10F33B9
:1049E000DBB201302CA90B702B23002C03DA01243D
:1049F000119BE41A2D234B70092C00DCCDE13723E9
:104A000022AA9B181293129E2000731E0A21129351
:104A1000DBF710FD731E3031197020000A2111944C
:104A2000DBF722FC119B0400632BECDC2A2222A87A
:104A3000B11E121837200B0030340C7022AC001954
:104A4000834200D2A4E10023814203D8393322AA51
:104A50009B189B1B2A2222A95218D3182CAA9B1AF6
:104A60000E9A22939E18012A01DCEB0701D5189BB0
:104A7000F61880226F4B52002B401A4300231C92E1
:104A8000129313931193279B002B00D0E4E1002392
:104A90001C9D1B931B9B1C93B34200DA1C961B238B
:104AA00022AA9B181B785A1E93411C9AD3181C9358
:104AB00002232B40269302231D4202D01C9B02336B
:104AC0001C9384232B40279384231D421FD1199BC1
:104AD0001C9A9C1A002C1ADD3900319B5648329AD8
:104AE000013308313860102C00DD17E37C60A41816
:104AF0000F0032943193072B09DD0B990A9830AAE5
:104B000001F04CFF002801D000F049FE33AF1B221A
:104B100022A952181178329B002914D03A60012240
:104B20009B183293319B7A609B1831930837072B7F
:104B300009DD0B990A9830AA01F030FF002801D056
:104B400000F02DFE33AF269A329B002A15D029AAF9
:104B50003A6002229B183293319B7A600133319381
:104B60000837072B09DD0B990A9830AA01F016FFC8
:104B7000002801D000F013FE33AF279B802B1FD1FC
:104B8000199B1C9A9C1A002C1ADD3900319B2B486A
:104B9000329A013308313860102C00DDD1E27C609C
:104BA000A4180F0032943193072B09DD0B990A9852
:104BB00030AA01F0F3FE002801D000F0F0FD33AF81
:104BC0001B9B9C1B002C1ADD3900319B1B48329A21
:104BD000013308313860102C00DDC5E2A2187C607A
:104BE00032920F003193072B09DD0B990A9830AAF6
:104BF00001F0D4FE002801D000F0D1FD33AF329B8C
:104C00001B93EB0500D5CBE2099B7E603B601B9BB1
:104C1000F618319B329601333193072B00DDA3E365
:104C2000083701E3F0AE020801AF0208000030408F
:104C30000000E03FFFFBFFFF24AF020814AF0208B3
:104C40007822302129AB19705A7002231D43632E3C
:104C500015DD0A98711CFCF7B1FD0990002813D1ED
:104C60000B9B9A89402313430B9A93810B9B9B893F
:104C70005B0601D5FFF7EAFB1A985DB0F0BD002393
:104C80000C9343AB099301E6099B0C93FEE50626C2
:104C90000C90FBE5169B179C1E931F94002306E6C1
:104CA000269B29E610706BE618700133CA1AFBD5F3
:104CB000119A0023013201DB119B0133E318269383
:104CC0006CE6119A230030201119EFE7129A340094
:104CD0000323462A05D01400453C62425441013B5F
:104CE00034192EAA04922BAA03922AAA02920093A4
:104CF0000A981E9A1F9B019401F062F8129B09907A
:104D0000472B19D1EB0701D42E9B48E6099B1B19B1
:104D10000E9300221E981F990023DBF7A1FB0028A9
:104D200001D00E9B2E9330222E9B0E999942EBD9E7
:104D3000591C2E911A70F7E7099B1B190E93129BB1
:104D4000462BE6D1099B1B78302B0AD11E981F9960
:104D500000220023DBF784FB002802D101231B1B68
:104D60002A932A9B0E9AD318D2E7129B462B00D087
:104D700028E601222B00119913403343002929DD35
:104D8000002B42D0189A8B18F618662310932DE04A
:104D90001C7801331470013252E62A2222ABD21859
:104DA000002804D130232B228B7022ABD218303450
:104DB000531C147052E6119B0E9A93420FDA0E9B0D
:104DC000189A9E1867231093119B002B0EDCF61A7D
:104DD00001360BE0002B1AD0189B0133D4E7672370
:104DE000119E1093EB0701D5189AB61880232A005C
:104DF000DB001A401392002212921D4200D142E6BB
:104E0000119B934225DC13923DE6119EBDE766237C
:104E100016001093EAE7119A93420FDAD31A11930E
:104E2000149B5B78002B10D0139B01331393149BBE
:104E300001331493149B1B78FF2BECD1129A139B14
:104E40009B181D9A53439E191DE6129B0133129322
:104E5000F0E7129B1393EDE71B2322AA9B182D2248
:104E60001A7014E6AB0609D523681A9A1A60D2178D
:104E70005A600434159B0993FFF701FBEB0603D539
:104E800023681A9A1A60F4E76B0603D523681A9A06
:104E90001A80EEE7AD05F3D523681A9A1A70E8E791
:104EA00010231D432023280018401D420FD0193B1A
:104EB00007349C43220018CA069307940D920020E1
:104EC000B34B1D401B2222AB0021D2183EE422002E
:104ED00008CA29000D9210221140154202D00693F3
:104EE0000790ECE7402228001040154203D09BB207
:104EF00006930791E3E780222900920011401542B2
:104F0000F6D0DBB2EBE7230004CBA2490D930023DC
:104F1000069229AA0793118002339F4A18001D4365
:104F2000763323921093CDE7230004CB00240D9316
:104F30001B23099222AA9B181C70731C0DD03200EF
:104F40002100099800F0C4FD0C90A04200D1E2E0DD
:104F5000099A861A23000C945BE40998DBF7DEF8C3
:104F60000600F7E710231D432023280018401D42A8
:104F700009D0193B07349C43220018CA06930794B2
:104F80000D9201209EE7230004CB29000D931023EE
:104F900019401D4202D006920790F2E740232800F4
:104FA00018401D4203D093B206930791E9E780238E
:104FB00029009B0019401D4202D0D3B20693EBE7B3
:104FC0000692F2E7754BFFF7F5FA230004CB2900B0
:104FD0000D93102319401D4203D006920790FFF74E
:104FE000F9FA4023280018401D4204D093B20693DA
:104FF0000791FFF7EFFA802329009B0019401D421B
:1050000002D0D3B20693E9E70692F1E7079B002BA3
:105010000CD1069B092B09D8069B3033DBB2E72263
:1050200022A952181370099200F01BFC00230E9362
:105030008023DB0023405CAD0C930A22069807997D
:105040000023DBF775FA6B1E303209931A700E9B42
:10505000119001330E930C9B1291002B1DD0149BC9
:105060000E9A1B789A4218D1FF2A16D0079B002B64
:1050700002D1069B092B10D9099B1D9A21999B1AD5
:1050800018000993FDF7ADFF0022149B0E925B7888
:105090005A1E9341149AD3181493079B002B03D1E3
:1050A000069B092B00D8DCE3119B099D0693129BFC
:1050B0000793C2E70F20099B239A013B0993069BA4
:1050C0000340D35C099A1370079B1907069B1A09C2
:1050D000079B11431B0907930B00079A0691134383
:1050E000E9D1BEE35CAB0993002800D0B9E3ED073A
:1050F00000D4B6E3302392E7109B002B00D16FE37E
:10510000109A1B2143AB1A70002222A809180A70BA
:105110000D94FFF7F8FA0C9BFFF77BFB1020121899
:10512000786032923193072B08DD0B990A9830AAE8
:1051300001F034FC002800D031E333A90F00103C0B
:10514000CAE410201218786032923193072B08DDE0
:105150000B990A9830AA01F021FC002800D01EE328
:1051600033A90F00103C10E510201218786032921D
:105170003193072B08DD0B990A9830AA01F00EFC39
:10518000002800D00BE333A90F00103C1CE5C046FB
:10519000FFFBFFFF30780000F0AE020801AF02080D
:1051A000109B652B00DC4AE2169817990022002319
:1051B000DBF756F9002878D0CA4B1B9E3B600123D1
:1051C0007B60F618319B3296013331930837072BF9
:1051D00008DD0B990A9830AA01F0E0FB002800D006
:1051E000DDE233AF2A9B0E9A934201DBEB071BD51E
:1051F000209B189A3B60189B7B60329B08379B185A
:105200003293319B01333193072B08DD0B990A98B8
:1052100030AA01F0C3FB002800D0C0E233AF0E9BE0
:1052200010265C1E002C2FDC6D0700D59AE2199B1E
:105230001C9A934200DA13001A9AD3181A93329BDD
:10524000002B07D00B990A9830AA01F0A7FB002881
:1052500000D0A4E2002331930C9B002B00D0BAE2D3
:105260000D9C33AF06E610327E6032923193072BED
:1052700008DD0B990A9830AA01F090FB002800D0B5
:105280008DE233A90F00103C3900319B9648329AC9
:10529000013308313860102CE5DC7C60A4180F0065
:1052A00032943193072BBFDD5EE02A9B002B77DC25
:1052B0008C4B1B9E3B6001237B60F618319B329622
:1052C000013331930837072B08DD0B990A9830AA70
:1052D00001F064FB002800D061E233AF0E992A9BF5
:1052E000329A0B43012129400B439DD0209B3B6008
:1052F000189B7B609A18319B3292013331930837A7
:10530000072B08DD0B990A9830AA01F047FB00280B
:1053100000D044E233AF2A9C002C18DA64423800F3
:105320003199714A329E013108370260102C25DC18
:105330004460A41932943191072908DD0B990A9829
:1053400030AA01F02BFB002800D028E233AF099BE4
:10535000329A3B600E9BD2183292319A7B600132B6
:105360003192072A00DC5BE40B990A9830AA01F01D
:1053700015FB002800D012E233AF55E71023F618D2
:10538000436032963191072908DD0B990A9830AABB
:1053900001F004FB002800D001E233AF103CBEE76F
:1053A0000E9A099B9446119C63441093944200DD2D
:1053B0001400002C14DD099B7C603B601B9B0837AC
:1053C000E618319B329601333193072B08DD0B9998
:1053D0000A9830AA01F0E2FA002800D0DFE133AFEA
:1053E000E343DB171C40119B10261C1B002C00DD27
:1053F0008DE0119A099B9446634409936B050CD583
:10540000139B002B00D09DE0129B002B00D09CE052
:10541000099B109A934200D909922A9B0E9A9342B3
:1054200001DBEB0716D5209B189A3B60189B7B602D
:10543000329B08379B183293319B01333193072BF2
:1054400008DD0B990A9830AA01F0A8FA002800D0CC
:10545000A5E133AF099A109B2A9E9B1A0E9A961BC0
:105460009E4200DD1E00329B002E13DDF3183293A6
:10547000319B099A01333A607E6031930837072BDC
:1054800008DD0B990A9830AA01F088FA002800D0AC
:1054900085E133AF0E9B2A9C1C1BF343DB171E4098
:1054A000A41B1026002C00DCBEE63900319B0E4800
:1054B000329A013308313860102C00DCEDE61032EE
:1054C0007E6032923193072B08DD0B990A9830AA3F
:1054D00001F064FA002800D061E133A90F00103C0C
:1054E000E3E7C04612AF020814AF020810327E6034
:1054F00032923193072B08DD0B990A9830AA01F0FC
:105500004DFA002800D04AE133A90F00103C3900C1
:10551000319BB948329A013308313860102CE5DCF0
:105520007C60A4180F0032943193072B00DC60E7F5
:105530000B990A9830AA01F031FA002800D02EE128
:1055400033AF56E7129B002B5FD0129B013B1293A7
:10555000219B1D9A3B601D9B7B60329B08379B18EB
:105560003293319B01333193072B08DD0B990A9855
:1055700030AA01F013FA002800D010E133AF099AE5
:10558000109B9B1A149A16789E4200DD1E00329BD7
:10559000002E13DDF3183293319B099A01333A60E0
:1055A0007E6031930837072B08DD0B990A9830AAE3
:1055B00001F0F4F9002800D0F1E033AF149B1C781F
:1055C000F343DB171E40A41B002C18DD3900319B70
:1055D0008948329A013308313860102C1CDC7C6019
:1055E000A4180F0032943193072B08DD0B990A9809
:1055F00030AA01F0D3F9002800D0D0E033AF149BDB
:10560000099A1B78D3180993FAE6149B013B14936B
:10561000139B013B13939BE7102012187860329282
:105620003193072B08DD0B990A9830AA01F0B6F9DF
:10563000002800D0B3E033A90F00103CC6E73C00BF
:105640001B9E319B0E9A013601330834012A03DC7C
:105650000122154200D180E0099A32963A60012277
:1056600031937A60072B08DD0B990A9830AA01F074
:1056700095F9002800D092E033AC209B189A236063
:10568000189B6360329B08349B183293319B013323
:105690003193072B07DD0B990A9830AA01F07EF9A8
:1056A00000287CD133AC319B0022169817991093B7
:1056B0000E9B329E5F1E0023DAF7D2FE002826D111
:1056C000099B109A013323600E9B013E0132F618AC
:1056D0006760329631920834072A07DD0B990A98E1
:1056E00030AA01F05BF9002859D133AC2CAB236010
:1056F000229B229A6360329B9B183293319B013329
:105700003193072B00DD2FE6083427008CE50E9B34
:105710001026012BEADD2100319B3748329A0133F4
:1057200008312060102F07DC67600C00BA18329235
:105730003193072BDADDD1E7103266603292319374
:10574000072B07DD0B990A9830AA01F027F90028EA
:1057500025D133A90C00103FDDE70999329606C721
:105760003193E6E7199B1C9A10259C1A002C00DC4B
:105770005DE5319B2149329A01333960102C19DCE7
:1057800012197C6032923193072B00DC4FE50B99A4
:105790000A9830AA01F002F9002800D147E50C9BD5
:1057A000002B01D1FFF762FA19000A98FDF786FD78
:1057B000FFF75CFA10327D60329231930837072B85
:1057C00007DD0B990A9830AA01F0E8F80028E6D125
:1057D00033AF103CCDE70C990A98FDF76FFD3FE51C
:1057E000329B002B01D1FFF741FA0B990A9830AA9E
:1057F00001F0D4F8FFF73AFA14AF020824AF020818
:105800002C00002A01D1FEF7B4FF012801D1FFF7D7
:10581000FDFB5CAB0993022800D14BE4099A0721F8
:105820001300013B0993069B0B40099930330B7021
:10583000079949078C4665460699C80807990543A4
:10584000C90807912900079806950143E6D1E107A9
:1058500007D5302B05D03021099B013B1970931ED1
:105860000993099A5CAB1B969E1A002325000C93A2
:10587000129313931193FFF70DF9C04670B505000D
:105880000C1E19D0002804D0436B002B01D1FDF76A
:10589000C1FA636EDB0705D4A3899B0502D4A06D12
:1058A000FDF77EFC0C22A35E002B08D1636EDB07A4
:1058B00002D4A06DFDF775FC0026300070BD2100FC
:1058C000280000F037F8E36A0600002B06D0280015
:1058D000E1699847002801DA01267642A3891B0670
:1058E00003D528002169FDF7E9FC216B002908D0C8
:1058F00023004033994202D02800FDF7DFFC00234B
:105900002363616C002904D02800FDF7D7FC002335
:105910006364FDF76FFA0023A381636EDB0702D493
:10592000A06DFDF73EFCA06DFDF739FCFDF76AFAAE
:10593000C3E70000F7B50C228B5E05000C001A07C8
:105940005ED4802212011A438A814A68002A02DC4E
:10595000CA6B002A52DDA76A002F4FD00022802098
:105960002E682A601A004001E1690240034237D0E4
:10597000226DA3895B0706D56368D21A236B002BBF
:1059800001D0E36BD21A00232800A76AE169B84767
:10599000431C06D12A681D2A4AD82C4B1341DB0729
:1059A00046D40C22A35E2A4A1A40A28100226260D9
:1059B00022692260DB0405D5431C02D12B68002B31
:1059C00000D12065216B2E60002917D023004033C1
:1059D000994202D02800FDF771FC002323630DE0FB
:1059E00001232800B8470200431CC2D12B68002BBA
:1059F000BFD01D2B01D0162B1AD12E6000201EE027
:105A00000E69002EFAD00F680E60BA1B01920022B8
:105A10009B0700D14A69A260019B002BEEDD636AFF
:105A200032001F002800019BE169B847002807DC0D
:105A300040230120A289404213431BB2A381FEBD33
:105A4000019B36181B1A0193E6E7C046FEFFBFDF35
:105A5000FFF7FFFF70B505000C00002804D0436B72
:105A6000002B01D1FDF7D6F90C22A35E1E1E15D026
:105A7000626ED20704D49B0502D4A06DFDF790FBA3
:105A800021002800FFF756FF636E0600DB0705D4F0
:105A9000A3899B0502D4A06DFDF783FB300070BD88
:105AA00000487047F406002070B5074C074D641B92
:105AB000A410002C02D102F0DDF870BD013CA3005F
:105AC000EB589847F5E7C0460CB0020808B002084A
:105AD000C9B28218904201D10020704703788B42EE
:105AE000FBD00130F6E7000070B5140000252560FA
:105AF000104D4B000A005B08AB421AD81D0005434D
:105B000017D00D4D294209D100220C4BDCF7B0F91A
:105B100036250A004B006D425B082560084D1B15B9
:105B20005B192568EB182360064B1A40064B13439C
:105B3000190070BDFFFFEF7F0000F07F00005043B1
:105B400002FCFFFFFFFF0F800000E03FF7B51C4F96
:105B500004003868160001930091FDF721FB194AF3
:105B60001368002B01D1184B13605A6838681F2A3C
:105B700004DDFDF716FB01204042FEBD002C14D0D1
:105B8000910059180F0088373E6001271E0097408A
:105B90008536FF367568FC313D437560019DCD60EB
:105BA000022C02D1B1683943B160511C59600232F4
:105BB00000999200D150FDF7F4FA0020DDE7C046CD
:105BC000980800202C9C0120309C01207FB51400F7
:105BD0001A00094B05001B680E00D868074B002C03
:105BE00001D1074B1C000749019302942B0000963A
:105BF00000F0C4FE01F0D9FE7007002034AF0208A7
:105C00006FAF020841AF0208F8B500240B0C160C68
:105C1000A34233D1A64221D18BB291B25943FBF7B3
:105C2000CDFD051E32D00300083B5A6803239A437A
:105C3000043A242A32D80300132A0AD904604460A3
:105C400008331B2A05D98460C460242A21D00300AC
:105C5000103300221A605A609A6018E0331C0D1C41
:105C600089B292B29BB24A43ADB25D43110C69183E
:105C70000B0C07D1090492B21143D0E7002E01D1D9
:105C8000151CEDE7FDF760FA0C23036000252800E2
:105C9000F8BD0300046118334461DAE70021FDF721
:105CA0006CF9F4E7F0B502690F6987B006000B00E4
:105CB00000200291BA426DDB013FBC001433059312
:105CC0001B190393330014331C19019323680493A5
:105CD000039B04981D6801352900DAF73BFA049B01
:105CE0000090AB422BD3059B019D9C46002305935E
:105CF0000493624608CA28689446009A99B25143B0
:105D0000059A1B0C8918009A53430A0C9B181A0C0D
:105D100089B2059282B2521A0499000C52189BB2B1
:105D20001114C31A5B18191492B21B041A43039B73
:105D3000049104C56345DCD22368002B30D03000C9
:105D40000299FEF763F9002823DB3400002502994D
:105D500014341431236801C902936B461B8982B243
:105D60009A1A029B5219000C1B0C1B1A10141B18B8
:105D70001D1492B21B041A43039B04C48B42E9D244
:105D8000019ABB00D3181A68002A13D0009B013374
:105D90000093009807B0F0BD2368002B04D1013FA9
:105DA000019B043CA342F7D33761C8E71A68002A75
:105DB00004D1013F019A043B9A42F7D33761E5E7EA
:105DC000F0B514001D00816B9DB00A940B95259EC3
:105DD0000390002909D00123C26B93404A608B6075
:105DE000FDF7B2FE0023039A9363002D1EDA012310
:105DF00033606B005B080B930B9FB64BB54A3B407F
:105E0000934216D1B44B249A13603B031B0B2343DC
:105E100001D100F085FDB14B269A0893002A02D0EB
:105E2000AF4B269A136008981DB0F0BD0023336075
:105E3000E2E70A9A0B9B129213931298139900228D
:105E40000023DAF70DFB061E0BD00123249A136002
:105E5000269B002B02D0A34B269A1360A24B0893DB
:105E6000E1E71AAB01931BAB00930398129A139BC3
:105E7000FEF7EEF97A000590520D00D17BE0139BFE
:105E800018961903994B090B0B4399495718129807
:105E9000139919000022974BDCF7B2FA964A974BF8
:105EA000DBF7E6FF964A974BDBF73AF80400380039
:105EB0000D00DCF79FFE944A944BDBF7D9FF0200FC
:105EC0000B0020002900DBF72BF804000D00DCF7A5
:105ED00055FE00220490002320002900DAF7C6FABC
:105EE00000280BD00498DCF785FE2B002200DAF79F
:105EF000B7FA43425841049B1B1A0493012315939C
:105F0000049B162B10D812981399049A804BD20038
:105F10009B181A685B68DAF7A9FA002847D0049B37
:105F2000013B04930023159300221A9B0692DB1B6E
:105F30005A1E3ED50122D31A069300230D93049BCB
:105F4000002B38DB049A0D9B944663440D93002389
:105F500014920F93229B0124092B67D8052B02DD95
:105F60000024043B2293229B981E032867D8DAF76B
:105F7000DDF82B3A385B1B9B1A9EF618654BF2181E
:105F8000202A0FDD40239B1A9F40634B3800F318F3
:105F9000DC402043DCF75CFE0122604B771ECB180F
:105FA000189276E7202320009B1A9840F2E715907C
:105FB000BAE70D92C3E7069B049A9B1A06935342D5
:105FC0000F9300231493C5E700231093239B0E9394
:105FD0000993002B13DC01231A000E9309932392DB
:105FE0000DE00123F1E70023239A10939446049BCC
:105FF00063440E9301330993002B00DC012300213D
:1060000004221000143098421DD9039B1800D96354
:10601000FDF772FD0890002818D1B021404B41488F
:10602000089AFF31FFF7D2FD0123DDE7002310942A
:106030002293013B0E93099300221333CFE70123F0
:106040001093023BF6E701315200DAE7039B089A0E
:106050009A63099B0E2B00D9D7E0002C00D1D4E025
:10606000049B002B62DD0F21049A294B0A40D200C9
:106070009B181E685F68049B02241D11DB050AD56E
:10608000294B0D401A6A5B6A12981399DBF7ACFA38
:106090000A900B910134244B0C93002D08D10A98DF
:1060A0000B9932003B00DBF79FFA0A900B9158E006
:1060B00001231D4209D0E4180C9B30001A685B686C
:1060C0003900DBF7D5FE06000F000C9B6D1008337E
:1060D000E2E7C0460000F07F0F27000079AF02081A
:1060E0007CAF020813AF020812AF02080000F03FB5
:1060F00001FCFFFF0000F83F61436F63A787D23FB9
:10610000B3C8608B288AC63FFB799F501344D33FA6
:1061100018AE02083204000012040000000010FE55
:1061200019AD02087DAF0208F0AD0208049B0224FD
:10613000002B16D0129813990F225D422A40C34BB0
:10614000D2009B181A685B68DBF792FE01270023D8
:106150000A900B91BE4E2D11002D00D0BAE0002BFD
:10616000A3D10A9E0B9F159B002B00D1BDE00022FE
:1061700030003900B74BDAF779F9002800D1B4E0E4
:10618000099B002B00D1B0E00E9B002B39DD049B56
:106190000022013B0C933000AF4B3900DBF768FE67
:1061A0000A900B910E9B013420001193DCF722FD25
:1061B0000A9A0B9BDBF75CFEA84B0022DAF7B0FED5
:1061C000A74B0600CF18119B002B00D091E00A9836
:1061D0000B990022A34BDCF713F932003B000400BB
:1061E0000D00DAF757F9002800D0A1E28021090656
:1061F0007B18320020002900DAF738F9002800D097
:1062000044E1129B139C0A930B941B9B002B00DA16
:106210007BE1049A0E2A00DD77E18C4BD2009B18BB
:106220005C681B6806930794239B002B03DA099B89
:10623000002B00DC1AE10A9E0B9F099B089D013B85
:106240005B190A93069A079B30003900DBF7CCF9FB
:10625000DCF794FC0990DCF7CDFC069A079BDBF792
:1062600007FE02000B0030003900DCF7C9F82B00F4
:10627000099A013530321A700A9A2C009A4200D0DD
:1062800035E102000B00DAF74BFE069A079B060089
:106290000F00DAF7FFF8002800D013E1069A079BF9
:1062A00030003900DAF7DCF8002803D0099BDD075D
:1062B00000D507E105990398FDF746FC00232370FC
:1062C000049B249A01331360269B002B00D1AAE57E
:1062D0001C60A8E53D4205D032687368DBF7C8FD55
:1062E0003B0001346D10083636E7049B0C93099B84
:1062F0005AE7119A554B013AD20010999B181A6827
:106300005B68002950D000205749DBF76DF9320057
:106310003B00DCF775F8089A060094460F00089BCE
:106320001693119B634411930A980B99DCF726FC92
:106330000500DCF75FFC02000B000A980B99DCF704
:106340005FF8169B30350A900B9102005C1C1D70A3
:1063500030000B003900DAF79DF800286CD10A9A5A
:106360000B9B00203B49DCF74BF802000B00300090
:106370003900DAF78FF8002800D0A5E0119BA3427E
:1063800000D13EE7002230003900334BDBF770FDCF
:10639000002206000F000A980B992F4BDBF768FDCF
:1063A00016940A900B91BFE730003900DBF760FDCF
:1063B000089D119A2B0094461690179163441993E7
:1063C0000A980B99DCF7DAFB0400DCF713FC0B00EE
:1063D00002000A980B99DCF713F83034199B2C70E3
:1063E000013506000F00AB4229D116981799089B7A
:1063F000119C9C4600221C4B6444DAF791FD02007C
:106400000B0030003900DAF745F800285CD1169A05
:10641000179B00201449DBF7F3FF02000B0030004C
:106420003900DAF723F8002800D1EAE62300013C1E
:106430002278302AFAD01C000C9B04933AE7002201
:10644000054BDBF715FD0A900B91B9E718AE020872
:10645000F0AD02080000F03F0000244000001C40A6
:106460000000C0FC000014400000E03F099B002B2E
:106470000CD1069807990022BE4BDBF7F9FC0A9A6B
:106480000B9BDAF711F8002800D154E10026370001
:10649000239B089CDB430C93002304933100039857
:1064A000FDF752FB002FC7D0049B002B05D0BB4249
:1064B00003D019000398FDF747FB39000398FDF757
:1064C00043FBB9E7049B0C9323001C00013B1A78A3
:1064D000392A08D1089A9A42F7D10C9A08990132C0
:1064E0000C9230220A701A7801321A70A4E7002246
:1064F000A14BDBF7BDFC0022002306000F00D9F7FB
:10650000AFFF002800D19DE6D4E6109F0F9D069CAA
:10651000002F14D0229A012A00DDC8E0189A002A20
:1065200000D1BEE0954A9B18069A0121D218069226
:106530000D9A0398D3180D93FDF7F0FB0700002C7C
:106540000ED00D9B002B0BDD0D9A2300944200DD35
:106550001300069AE41AD21A06920D9AD31A0D93D2
:106560000F9B002B1FD0109B002B00D1B5E0002DFE
:1065700010D039002A000398FDF79AFC059A010013
:1065800007000398FDF7E2FB060005990398FDF765
:10659000DBFA05960F9B5A1BAB4204D00599039872
:1065A000FDF786FC059001210398FDF7B7FB149BCE
:1065B0000600002B00D1BDE11A0001000398FDF791
:1065C00077FC229B06000025012B16DC00250A9B88
:1065D000AB420ED10B9B1B03AB420AD1684B0B9A0B
:1065E000134206D0069B0135013306930D9B013300
:1065F0000D93149B0120002B08D0336903339B00BB
:10660000F3185868FDF73AFB2023181A0D9B181849
:1066100002001F231A40184265D001339B1A042B35
:106620005DDD1C239B1A069AE418D21806920D9A77
:10663000D3180D93069B002B05DD1A0005990398CE
:10664000FDF778FC05900D9B002B05DD31001A004D
:106650000398FDF76FFC0600159B002B45D0310019
:106660000598FDF7D3FC00283FDA049B0A22013B82
:106670000C93059900230398FDF770FA109B059081
:10668000002B00D15DE1002339000A220398FDF7B9
:1066900065FA0E9B0700002B55DC229B022B2DDC9C
:1066A00051E036231A9A0F9D069C9B1A3CE7099BE2
:1066B0005D1E0F9BAB4208DB5D1B099B069C002BFC
:1066C00000DB31E7E41A00232EE70F9B149AEB1A44
:1066D000D3180F9514930025EFE70F9A5EE7042B6C
:1066E000A8D01C339FE71300FBE7049B0C93099B86
:1066F0000E93002B23DC229B022B20DD0E9B002B14
:1067000000D0C5E6310005220398FDF727FA060000
:1067100001000598FDF77AFC002800DCB8E6089B2C
:10672000089A5C1C312313700C9B01330C93B3E665
:10673000119E3700F3E7049B099E0C93F9E7109B29
:10674000002B00D101E1002C05DD39002200039867
:10675000FDF7F0FB07003800002D26D0796803987C
:10676000FDF7CAF9041E13D12200064B064807495B
:1067700058E4C046000014400000244033040000E8
:106780000000F07F19AD02087DAF0208EF020000A3
:1067900039003A690C31023292000C30FCF715FDD9
:1067A000012221000398FDF7C5FB089B0E9A069372
:1067B000013B9B180122049707000F930A9B13408B
:1067C0000E9331000598FFF76DFA049905000A90C1
:1067D0000598FDF71BFC3A000D9031000398FDF77A
:1067E00031FC0122C368040030350992002B04D12A
:1067F00001000598FDF70AFC099021000398FDF7B8
:10680000A3F9069B099A5C1C229B13430E9A13431F
:1068100009D1392D22D00D9B002B01DD0A9D313588
:10682000069B1D703AE60D9B002B04DB229A134356
:106830000E9A13431ED1099B002BF1DD059901220D
:106840000398FDF777FB31000590FDF7DFFB00288B
:1068500002DCE5D1EB07E3D5392DDFD13923069AE8
:10686000137023001C00013B1A78392A4FD00132E3
:106870001A7013E6099B002B03DD392DEED001358C
:10688000CEE7069B069A1D700F9B93422AD00023E9
:106890000A2205990398FDF761F9049B0590BB4214
:1068A00009D100230A2204990398FDF757F90490AF
:1068B0000700069485E7049900230A220398FDF750
:1068C0004DF9002304900A2239000398FDF746F998
:1068D000EEE70E9B0124002B00DD1C00089B1C1919
:1068E00000230493059901220398FDF723FB31004F
:1068F0000590FDF78BFB0028B3DC01D1ED07B0D488
:1069000023001C00013B1A78302AFAD0C6E5089A09
:106910009A42A7D10C9B01330C9331231370BDE530
:10692000144B269A0893144B002A01D0FFF779FAEA
:10693000FFF779FA229B012B00DC47E60120149D2A
:1069400064E60E9B002B00DCD5E6002431000598A0
:10695000FFF7A8F9089B303018550E9B013405004D
:106960009C42B6DA00230A2205990398FDF7F6F84F
:106970000590EBE770AF020878AF02080EB417B5C8
:10698000054C05AB04CB01002068019300F0C0F872
:106990001EBC08BC03B0184770070020F0B5136890
:1069A00087B017000393936800220C00160005902F
:1069B000029293420BD1002000237B6007B0F0BD10
:1069C000039B1B680293039B5E6808330393A568CF
:1069D0002368002EF4D0AE4232D30C21625E9021A7
:1069E000C9000A422CD0032021695B1A0493636911
:1069F0004343D80FC3185B100193049B01980133E4
:106A00009B19834200D90193520530D5019905980D
:106A1000FAF7D4FE051E34D0049A2169FCF7D5FBA1
:106A2000A2891E4B1A4080231343A381049B256136
:106A3000ED1825603500019B049A63619B1AA360E1
:106A4000B54200D935002A0002992068FCF782FA85
:106A5000A3685B1BA36023685B192360029B9B19DF
:106A60000293BB689B1BBB60A5D00026AFE7019AD1
:106A70000598FBF7E7F8051ED8D121690598FCF7C2
:106A80001DFC0C23059A01201360A28934331343A3
:106A9000A38100234042BB608EE7C0467FFBFFFF1F
:106AA000F0B5936885B001900D001400181E08D051
:106AB0004B6E9B0427D51668A068002805D10023DB
:106AC000A3600023636005B0F0BD00273368029324
:106AD000736800939B080393039BBB4208DC03236A
:106AE000009A08369A431300A268D31AA360E3E71A
:106AF0000299BB00C9582A00019800F02DFF431CE1
:106B0000DDD00137E8E7019800F030FDD7E700005D
:106B1000F0B5C1B01C001D0006900491079200283A
:106B200004D0436B002B01D1FCF774F9049B5B6E1E
:106B3000DB0707D4049B9B899B0503D4049B986DBA
:106B4000FCF72EFB049B0C229A5E80239B011A42C9
:106B500007D11343049A9381536EA74A1340049AB2
:106B60005366049B9B891B0703D5049B1B69002B61
:106B700018D10499069800F053FE002812D0049B07
:106B80005B6EDB0705D501235B420893089841B093
:106B9000F0BD049B9B899B05F5D4049B986DFCF785
:106BA00000FBF0E7049B0C229B5E1A221A400A2A83
:106BB00016D1049A0E21525E002A11DB049A526EFD
:106BC000D20705D49B0503D4049B986DFCF7E9FA22
:106BD0002300079A0499069800F084FC0890D5E7F2
:106BE000002317AE14961693159303960C930D93EA
:106BF0000E930F930893079C2378002B02D0252B2C
:106C000000D087E0079BE71A9C4210D0039A1360DC
:106C1000169B5760DB191693159B01331593072BB1
:106C20007ADC130008330393089BDB19089323785D
:106C3000002B01D100F011FC002212A9CA70012121
:106C4000631C14004942059109925A1C1B78079253
:106C5000180020385A2800D95CE3D9F771FAA0004F
:106C60005B035B03A9005B035B035B0385005B03C2
:106C70005B03AB00B3005B03B100B7005B03DC0058
:106C8000DE00DE00DE00DE00DE00DE00DE00DE0014
:106C9000DE005B035B035B035B035B035B035B0384
:106CA0005B035B030601EA015B035B035B035B03BE
:106CB0005B035B035B035B035B035B0341025B03FF
:106CC0005B035B037A025B0394025B035B03C20218
:106CD0005B035B035B035B035B035B035B035B03C4
:106CE0005B035B030601EC015B035B035B03EF00EB
:106CF000EC0102015B03FB005B03260243026E0210
:106D000002015B037A02A70096025B035B03670044
:106D10005B03A70001346FE70499069814AAFFF7F4
:106D2000BFFE002800D073E317AB7CE7334A200096
:106D30000C9220221040144200D154E2193A073537
:106D4000954306CD00910192E20709D5009A019979
:106D50000A4305D013AA30215370022311701C433B
:106D6000274B1C400223CBE10698FEF799FE4368AF
:106D700018000F93D9F7D2F90E900698FEF790FEFF
:106D800083680D930E9B002B10D00D9B002B0DD014
:106D90001B78002B0AD08023DB001C4306E012ABDB
:106DA000DA780333002A01D120321A70079B4CE7AE
:106DB0000123F2E708CD0993002BF7DA5B42099330
:106DC0000423EAE72B2212ABDA70EFE7079B5A1C89
:106DD0001B782A2B16D000210A2005911900303982
:106DE0000792092900D933E7059B43435B180593B4
:106DF00013780132F2E7C046FFDFFFFFF0AE020872
:106E0000FFFBFFFF08CD0593002B02DA01235B4255
:106E100005930792CAE78023BFE70021079A0991EB
:106E20000A310998303B48431B1809931378013203
:106E3000180030380928F4D9079209E7079B1B7816
:106E4000682B05D1079B0133079380239B00A4E7A0
:106E50004023A2E7079B1B786C2B04D1079B0133CF
:106E60000793202399E7102397E704CD27AB1A70E7
:106E7000002212A9CA7001211E0005910B920B9BE2
:106E8000059A0A93934200DA0A9212AB03331B78F5
:106E90005A1E93410A9AD3180A930223234010934F
:106EA00002231C4202D00A9B02330A93842322004D
:106EB0001A4011921C4221D1099B0A9A9F1A002F55
:106EC0001CDD169B03999C46CB48159B039A013306
:106ED00008311060102F00DD29E2576067441697D3
:106EE00015930391072B09DD0499069814AAFFF75F
:106EF000D7FD002800D08BE217AB039312A9C87806
:106F0000169A159B033100280DD0039801330160B8
:106F100001215218416016921593072B00DD19E2EA
:106F20000300083303931099169A159B00290ED07D
:106F3000039813A90160022101335218416016928F
:106F40001593072B00DD0EE2030008330393119B1A
:106F5000802B21D1099B0A9A9F1A002F1CDD169BBA
:106F600003999C46A548159B039A0133083110608C
:106F7000102F00DD00E257606744169715930391C8
:106F8000072B09DD0499069814AAFFF789FD00284C
:106F900000D03DE217AB03930B9B059A9F1A002F7D
:106FA0001CDD169B03999C469448159B039A01335C
:106FB00008311060102F00DDF1E15760674416972B
:106FC00015930391072B09DD0499069814AAFFF77E
:106FD00067FD002800D01BE217AB0393039A059BC3
:106FE00016605360169B059A9B181693159B0133E8
:106FF0001593072B00DDE5E1039E0836640700D5F5
:10700000E9E1099B0A9A934200DA1300089AD3181F
:107010000893169B002B07D00499069814AAFFF733
:107020003FFD002800D0F3E10023159317AB039335
:10703000E1E510231C43A30628D5072307359D430C
:107040000CCD00920193019A0123002A09DA009ED7
:10705000019F00227142BA41009101922D2112AA92
:10706000D1700199009A0A430599013100D102E2D9
:10707000802127008F43002A00D000E2059A002AD1
:1070800000D13DE1012B00D0FCE1D8E008CDE206C3
:1070900003D50093DB170193D5E7620601D51BB238
:1070A000F7E7A205F5D55BB2F3E7A30606D52B6893
:1070B000089A1A60D2175A6004359CE5E30603D596
:1070C0002B68089A1A60F7E7630603D52B68089ABD
:1070D0001A80F1E7A405F3D52B68089A1A70EBE73C
:1070E00010231C432023200018401C420BD0193BC6
:1070F00007359D430CCD00920193414B1C4000236A
:10710000002112AAACE71022210008CD1140144240
:1071100002D000930190F0E740222000104014427A
:1071200003D09BB200930191E7E7802221009200F7
:1071300011401442F6D0DBB2EBE708CD31490093A1
:10714000002313AA1180304A019302331C430C928E
:10715000D6E7002708CD1E0012ABDF70059B013378
:107160000CD039003000059AFEF7B2FC0B90B84203
:1071700000D184E6831B05930B9780E63000D8F797
:10718000CDFF0590F8E710231C4320232000184072
:107190001C4207D0193B07359D430CCD009201934B
:1071A0000123ADE71023210004CD19401C4203D078
:1071B000009201900F3BA3E74023200018401C429F
:1071C00003D093B200930191EAE7802321009B0052
:1071D00019401C4203D0D3B200930190E0E7009223
:1071E000F1E70A4AA3E51021270004CD0F400C4225
:1071F0000ED000920190A7E5E5AF0208D5AF0208D6
:10720000FFFBFFFF30780000F0AE020801AF02087C
:107210004021200008400C4203D092B20092019716
:1072200092E58021270089000F400C42F6D0D2B2AF
:10723000DFE7019B002B0BD1009B092B08D8009B9B
:107240003033DBB2B72212A952181600137040E196
:1072500040AB1E0080230024DB003B400A930A223F
:10726000009801990023D9F763F933003032013BCC
:107270001E001A700A9B0B9010910134002B1AD03B
:107280000D9B1B78A34216D1FF2C14D0019B002B21
:1072900002D1009B092B0ED90E9A0F99B31A180030
:1072A0001E00FBF79EFE0D9B00245B785A1E934147
:1072B0000D9AD3180D93019B002B03D1009B092B32
:1072C00000D806E10B9B0093109B0193C7E740ABEE
:1072D0001E000F203300013B1E00009B0C9A034050
:1072E000D35C3370019B1907009B1A09019B114362
:1072F0001B0901930B00019A00911343EAD1E8E0C6
:1073000040AA1600002B00D0E3E0E40700D4E0E040
:10731000303397E7002B00D19FE027AA137000239A
:1073200012A9CB700121160005910B93A7E510203F
:1073300050606246121816921593072B07DD0499C8
:10734000069814AAFFF7ACFB002861D117A9103FDB
:107350000391B6E50499069814AAFFF7A1FB00284B
:1073600056D117ABDEE50499069814AAFFF798FBEF
:1073700000284DD117ABE9E5102050606246121885
:1073800016921593072B07DD0499069814AAFFF7A8
:1073900087FB00283CD117A9103F0391DFE510209F
:1073A00050606246121816921593072B07DD049958
:1073B000069814AAFFF774FB002829D117A9103FDB
:1073C0000391EEE50499069814AAFFF769FB0028DB
:1073D0001ED117AE12E6099B0A9A10279C1A002CA0
:1073E00000DC0EE615993E4A169B01313260102CE6
:1073F00022DC7460E41816941591072900DC00E67D
:107400000499069814AAFFF74BFB002800D1F8E571
:10741000049B5B6EDB0707D4049B9B899B0503D40D
:10742000049B986DFBF7BDFE049B9B895B0601D412
:10743000FFF7ACFBFFF7A7FB1033776016931591AE
:107440000836072907DD0499069814AAFFF728FBD8
:107450000028DDD117AE103CC4E7169B002B02D1EB
:1074600000231593D4E70499069814AAFFF718FB94
:107470000028F5D0CCE72700002A00D102E6012B36
:1074800000D1D6E6022B00D121E740AB1E00072336
:107490009C463300013B32001E00634600990B40BE
:1074A000019930334C0700993370C808019904439F
:1074B000C90801912100019800940143E9D1F9071D
:1074C00007D5302B05D033003021013B1970931EB6
:1074D0001E00059B3C000B9340AB9B1B0593CEE429
:1074E000E5AF0208F0B5150002221E4C1F008B8983
:1074F000A54493436A4693814B6E06001993CB894A
:1075000016A8D381CB690C0007934B6A09931AAB79
:10751000009304938023DB000293059300230693DA
:10752000FBF73CFE2A003B0069463000FFF7F0FA0B
:10753000051E07DB69463000FEF78CFA002801D0F3
:1075400001256D426B469A8940231A4202D0A289D6
:107550001343A3811698FBF722FE2800024B9D449B
:10756000F0BDC04694FBFFFF6C040000F0B59368CB
:1075700087B00C0002900492002B02D1002007B0CB
:10758000F0BD8B891B0756D50B69002B53D0049B8C
:107590001B6801930C22A35E02221E0016401342B8
:1075A0006FD1012201211A400B4200D1A2E030002C
:1075B00037000396002F00D10AE100280AD13A00D3
:1075C0000A210398FEF784FA7E1C002802D0039B50
:1075D0000130C61A0596BE4200D905972068226977
:1075E000A5686369904200D8FBE0059AED18AA42AD
:1075F00000DCF6E003992A00FBF7ACFC23682100CD
:107600005B1902982360FEF725FA00286DD101204E
:10761000761B05D121000298FEF71CFA002864D1E0
:10762000039B049A5B190393049B7F1B9B685B1B62
:107630009360BFD1A2E72100029800F0F1F8002882
:10764000A5D0012040429AE7019B1E685D6808337F
:107650000193676AE169002DF6D06E4A2B009542CE
:1076600000D9130032000298B84700283DDD049B82
:10767000049A9B6836181B1A2D1A9360002BE8D1C8
:107680007CE700263500E4E7019B1B680393019B20
:107690005D68083301930C22A35E2068A668002D64
:1076A000F2D080229200134262D0AE4237D89022AC
:1076B000D200134233D02169421A03200592626935
:1076C0004243D70FBF18059A7F1001325219BA42B0
:1076D00000D917005B053CD539000298FAF76EF81F
:1076E000061E0AD10C23029A13604023A289134379
:1076F000A381A6E715000392CDE7059A2169FBF760
:1077000064FDA289444B1A4080231343A381059B47
:107710002661F61826602E006761FF1AA7602F0009
:10772000AE4200D92E00320003992068FBF712FC0C
:10773000A3689B1BA36023689B192360039B049A87
:10774000DB190393049BED1B9B68DB1B9360A2D1A9
:1077500014E73A000298FAF775FA061ED7D12169A4
:107760000298FBF7ABFD8022A3899343A381B9E77D
:107770002369834202D36769AF4216D9AE4200D96A
:107780002E0032000399FBF7E5FBA36822689B1BE0
:1077900092193700A3602260002BCFD121000298FC
:1077A000FEF758F90028C9D09FE7802328001B0660
:1077B0009D4200D319483900D8F756FD3B00666A50
:1077C0004343039AE1690298B047071EB6DC8CE791
:1077D000019B00201B680393019B5F6808330193A2
:1077E000E8E6059A934208DC656A039AE169029823
:1077F000A847051E00DD0AE777E7059A0399FBF71E
:10780000A9FB059AA36815009B1AA36023689B181F
:107810002360FCE600FCFF7F7FFBFFFFFFFFFF7F95
:107820002D4B70B5050018680C00002804D0436B80
:10783000002B01D1FBF7EEFA0C23E25E130723D4F1
:10784000D30607D409232B60402301201343A381CF
:1078500040423AE0520713D5216B002908D023009B
:107860004033994202D02800FBF728FD0023236310
:107870002422A3899343A3810023636023692360A7
:107880000823A2891343A3812369002B0BD1A021D4
:107890008022A389890092000B40934203D02100EB
:1078A000280000F0CDF80C23E25E012113000B400C
:1078B0000A420BD00023A36063695B42A3610020EE
:1078C0002369834201D11306BED470BD910700D451
:1078D0006369A360F3E7C04670070020F0B585B088
:1078E0000E0014000190FBF7C7FB0500012819D119
:1078F000731EFE2B16D802AB1E710027AF4221D09B
:1079000003ABD95DA368013BA360002B04DAA26935
:1079100093421ADB0A2918D023685A1C2260197076
:107920000137EBE72300320001985C3303A900F034
:1079300043F80500431CE0D14023A2891343A381EF
:1079400001267642300005B0F0BD2200019800F01B
:10795000B9F80130E4D1F3E7536E70B505000E00BD
:107960001400DB0705D493899B0502D4906DFBF7C7
:1079700017FC0C23E25E80239B011A4204D11A43B8
:10798000A281626E13436366280022003100FFF774
:10799000A5FF636E0500DB0705D4A3899B0502D410
:1079A000A06DFBF7FEFB280070BD062010B500F0AF
:1079B00005F9012000F056F97FB51D00084B0400C1
:1079C0001E682B00002901D10A0001A92000B04740
:1079D000431C03D100232B608A33236004B070BDA5
:1079E000E406002070B50E001D000E23C95E1400D1
:1079F00096B0002909DAB2898023110019401A4291
:107A000018D18023DB00080010E06A4600F0E0F89F
:107A10000028F0DBF02301991B021940074B80205E
:107A2000C9184B42594180230001DB0029602360C3
:107A300016B070BD00214023E5E7C04600E0FFFF1F
:107A4000F0B502268B8905000C0085B0334207D0C3
:107A500023004333236023610123636105B0F0BD3C
:107A600003AB02AAFFF7BEFF029F01903900280076
:107A7000F9F7A4FE002808D10C22A35E9A05EDD4E4
:107A8000032293431E43A681E2E78023A28920605C
:107A90001343A381039B20616761002B0CD0280056
:107AA0000E23E15E00F0A6F8002805D00323A2898A
:107AB0009A43023B1343A381A389019A1343A381F1
:107AC000CCE70000F8B506000D001400002804D033
:107AD000436B002B01D1FBF79DF9A369A360A38938
:107AE0001B0702D52369002B09D121003000FFF7C5
:107AF00097FE002803D001256D422800F8BD0C2315
:107B0000E25E80239B01EFB2EDB21A4205D113432E
:107B1000A381134A636E1340636623692068C01A09
:107B20006369834205DC21003000FDF793FF0028E4
:107B3000E1D1A3680130013BA36023685A1C226095
:107B40001F706369834204D0A389DB07D5D50A2D52
:107B5000D3D121003000FDF77DFF0028CDD0CAE74A
:107B6000FFDFFFFF70B504000D001F2904D91623A5
:107B700003600120404270BD0300FC33DB69002B31
:107B800004D08A009B181A68002A08D1200000F04F
:107B900055F82A000100200000F03EF8EBE7012A2A
:107BA00009D0511C03D1162303600120E3E7002113
:107BB0002800196090470020DDE7000010B5034B56
:107BC00001001868FFF7CEFF10BDC0467007002007
:107BD000002370B5064D0400080011002B60F9F772
:107BE000AFFD431C03D12B68002B00D0236070BD78
:107BF000249C0120002370B5064D040008002B6072
:107C0000F9F78FFD431C03D12B68002B00D02360B4
:107C100070BDC046249C0120002370B5064D0400B1
:107C2000080011002B60F9F771FD431C03D12B688C
:107C3000002B00D0236070BD249C012010B5F9F703
:107C400079FD10BD054A03001168002901D10449DE
:107C500011601068C31813607047C046C09D0120B2
:107C6000C89D0120FEE70000F8B5C046F8BC08BC7E
:107C70009E467047F8B5C046F8BC08BC9E467047A3
:107C800001B40248844601BC604700BF9D08002043
:107C9000081C3044586C8000000000000000483090
:107CA00031523000503031523000483233523000BF
:107CB0004832335231004832335233004830375261
:107CC0003300483038523600503038523600483091
:107CD000395230004830395239004831425236006A
:107CE0004831325230004831335237004830465222
:107CF000310048304652360048304652370048314D
:107D0000415232004830415239004831445231002A
:107D100048314452350048304252340048313852DC
:107D20003000483236523000483135523000483148
:107D30003052340048324152330048343152360018
:107D400048334252360048313852310048314652A9
:107D50003500483342523200483231523200483105
:107D600037523100483135523800483242523000E3
:107D70004830355230004833425237004832425280
:107D800031004830375238004830385237004831D7
:107D900036523600503038523700483139523000B0
:107DA00052504900000048313452410048313452A9
:107DB000390000000000000000000000000000008A
:107DC0006D650000616C6C0069660000666F720092
:107DD0004D6F6E646179000054756573646179005C
:107DE0005765646E6573646179000000546875724C
:107DF0007364617900000000467269646179000073
:107E000053617475726461790000000053756E648B
:107E1000617900004A616E00466562004D61720042
:107E2000417072004D6179004A756E004A756C00B0
:107E300041756700536570004F6374004E6F7600A4
:107E4000446563000D0A424F532E726573706F6E66
:107E500073653A20616C6C2C206D65737361676586
:107E60002C20636C692C206E6F6E650D0A0000007B
:107E70000D0A424F532E74726163653A20616C6C37
:107E80002C206D6573736167652C20726573706F4C
:107E90006E73652C206E6F6E650D0A00424F532E77
:107EA000636C6962617564726174653A20434C4920
:107EB0002062617564726174652E20446566617527
:107EC0006C74206973203932313630302E2054687A
:107ED0006973206166666563747320616C6C2070E1
:107EE0006F7274732E20496620796F752063686104
:107EF0006E676520746869732076616C75652C20E7
:107F00002020202020202020202020796F75206D27
:107F100075737420636F6E6E65637420746F206177
:107F200020434C4920706F7274206F6E206561632E
:107F300068207374617274757020746F2072657339
:107F4000746F7265206F7468657220417272617916
:107F500020706F72747320696E746F20646566613F
:107F6000756C742062617564726174650D0A00003D
:107F7000424F532E6465626F756E63653A203120FF
:107F80002E2E2E2E2E2E2E2E2E2E2E2E2036353509
:107F90003336206D7365630D0A000000424F532E87
:107FA00073696E676C65636C69636B74696D653A60
:107FB0002031202E2E2E2E2E203635353336206DB4
:107FC0007365630D0A000000424F532E6D696E69A0
:107FD0006E746572636C69636B74696D653A2031A8
:107FE000202E2E2E20323535206D7365630D0A004C
:107FF000424F532E6D6178696E746572636C69636C
:108000006B74696D653A2031202E2E2E2032353565
:10801000206D7365630D0A000A0D54686973206D45
:108020006F64756C652077696C6C20626520666F83
:108030007263656420696E746F20626F6F746C6F19
:1080400061646572206D6F64652E0A0D506C656108
:1080500073652075736520746865202253544D2024
:10806000466C617368204C6F616465722044656D75
:108070006F6E73747261746F7222200909097574CE
:10808000696C69747920746F2075706461746520FF
:10809000746865206669726D776172652E0A0D0AD3
:1080A000092A2A2A20496D706F7274616E74202A21
:1080B0002A2A0A0D49662074686973206D6F6475F9
:1080C0006C6520697320636F6E6E656374656420F0
:1080D0006469726563746C7920746F2050432070FA
:1080E0006C6561736520636C6F7365207468697378
:1080F00020706F72742066697273742E0A0D00000E
:108100000A0D4D6F64756C652025642077696C6C71
:1081100020626520666F7263656420696E746F20EB
:10812000626F6F746C6F61646572206D6F64652E31
:10813000000000000A0D506C656173652075736561
:1081400020746865202253544D20466C617368206A
:108150004C6F616465722044656D6F6E73747261FB
:10816000746F7222207574696C69747920746F2041
:1081700075706461746520746865206669726D77D6
:108180006172652E0909090A0D0A092A2A2A20495D
:108190006D706F7274616E74202A2A2A0A0D2D2068
:1081A00049662074686973206D6F64756C65206919
:1081B0007320636F6E6E65637465642064697265B5
:1081C00063746C7920746F20504320706C65617308
:1081D0006520636C6F7365207468697320706F72BB
:1081E000742066697273742E0A0D0909092D2059CD
:1081F0006F75206D75737420706F77657220637969
:10820000636C652074686520656E746972652041D1
:108210007272617920616674657220746865207578
:1082200070646174652069732066696E697368653E
:10823000642E0A0D000000000A0D52656D6F746512
:108240002075706461746520766961206D6F647556
:108250006C652025642C20706F727420502564207A
:1082600077696C6C206265207472696767657265F6
:10827000642E00003D0000003E0000003C000000B5
:108280003E3D00003C3D0000213D00000A0D284D10
:108290006F64756C653A506F7274290909000000AB
:1082A00050256409000000000A0A0D004D6F647536
:1082B0006C652025643A0900090000002564090066
:1082C00025643A25640900000A0D00000A00000038
:1082D0000A0D546865736520706F72747320617243
:1082E000652072657665727365643A000A0D4D6F9C
:1082F00064756C65202564203A20502564000000D8
:108300000A0A0D416C6C206F7468657220706F7280
:10831000747320617265206E6F726D616C0A0D005E
:108320000A0D2A2A2A204D6F64756C652025642069
:10833000537461747573202A2A2A0A000A0D436F48
:108340006E6E65637465642076696120706F727407
:108350003A205025640A0D000A0D4669726D776156
:1083600072652076657273696F6E3A2025642E25DA
:10837000642E2564000000004A756C2033302032E2
:10838000303235000A0D4669726D7761726520647E
:108390006174653A202020202573000031323A3480
:1083A000393A3334000000000A0D4669726D776176
:1083B00072652074696D653A2020202025730A0DAE
:1083C000000000000A0D506F7274732053746174C2
:1083D00075733A0A0A0D00005025643A2000000027
:1083E000467265650A0D0000526563656976696EBF
:1083F00067206D657373616765730A0D0000000087
:1084000053747265616D696E670A0D00526563652C
:108410006976696E67207573657220636F6D6D6133
:108420006E64730A0D000000436F6E6E65637465C1
:108430006420746F206120627574746F6E2F73777F
:10844000697463680A0D00000A0D444D412053749D
:108450007265616D73205374617475733A0A0D000F
:108460000A0D53747265616D696E6720444D412039
:108470002564206973206672656500000A0D5374D7
:108480007265616D696E6720444D412025642069E5
:10849000732073747265616D696E672066726F6DAB
:1084A0002050256420746F20502564000A0D546804
:1084B00065736520706F72747320617265207265D8
:1084C0007665727365643A200000000050256420D0
:1084D000000000004E6F6E6500000000B2570008FB
:1084E000C0570008CE570008DC570008EA570008BC
:1084F0006D650000616C6C0086620008145F000806
:10850000305F00084E5F00087C5F0008AA5F00082B
:10851000EA5F00082A600008145F000898620008FB
:10852000E460000804610008266100085861000842
:108530008A610008CE61000812620008E460000849
:108540006A6400087864000886640008946400087F
:10855000A2640008EE640008FC6400080A650008D4
:108560001865000826650008257320253032642F21
:10857000253032642F253034640000002530326409
:108580003A253032643A253032640000081C304409
:10859000586C80000A0D0A0D3D3D3D3D3D3D3D3D81
:1085A0003D3D3D3D3D3D3D3D3D3D3D3D3D3D3D3DFB
:1085B0003D3D3D3D3D3D3D3D3D3D3D3D3D3D3D3DEB
:1085C0003D3D3D3D3D3D3D3D3D3D3D3D0920202066
:1085D00020200A0D3D3D3D3D3D3D3D3D3D3D3D3D68
:1085E0003D3D3D3D3D3D3D3D3D3D3D3D3D3D3D3DBB
:1085F0003D3D3D3D3D3D3D3D3D3D3D3D3D3D3D3DAB
:108600003D3D3D3D3D3D3D3D0920202020200A0DC2
:108610007C7C202020202020202020202020576526
:108620006C636F6D6520746F204269747A4F5320BC
:10863000434C4921202020202020202020202020C1
:1086400020207C7C0909200A0D7C7C202020202011
:10865000202028432920434F50595249474854204D
:10866000484558414249545A20323031372D323032
:1086700032352E20202020202020207C7C09202024
:108680002020200A0D7C7C2020202020202020205B
:1086900020202020202020202020202020202020DA
:1086A00020202020202020202020202020202020CA
:1086B000202020202020207C7C0909200A0D7C7CA1
:1086C000202020202020506C656173652063686540
:1086D000636B207468652070726F6A6563742077BD
:1086E0006562736974652061742020202020202039
:1086F0007C7C0909200A0D7C7C2020202020202061
:10870000202020202020687474703A2F2F6865780C
:10871000616269747A2E636F6D2F202020202020E3
:108720002020202020202020207C7C0920202020A8
:10873000200A0D7C7C2020202020202020202020AA
:108740002020202020202020202020202020202029
:108750002020202020202020202020202020202019
:1087600020202020207C7C0920202020200A0D7C35
:108770007C202020547970652068656C7020666FBD
:10878000722061206C697374206F66206176616964
:108790006C61626C6520636F6D6D616E64732E2019
:1087A000207C7C0920202020200A0D3D3D3D3D3DC0
:1087B0003D3D3D3D3D3D3D3D3D3D3D3D3D3D3D3DE9
:1087C0003D3D3D3D3D3D3D3D3D3D3D3D3D3D3D3DD9
:1087D0003D3D3D3D3D3D3D3D3D3D3D3D3D3D3D09FD
:1087E00020202020200A0D3D3D3D3D3D3D3D3D3DAD
:1087F0003D3D3D3D3D3D3D3D3D3D3D3D3D3D3D3DA9
:108800003D3D3D3D3D3D3D3D3D3D3D3D3D3D3D3D98
:108810003D3D3D3D3D3D3D3D3D3D3D092020202030
:10882000200A0A0D000000000D0A00000D0A5B502E
:108830007265737320454E54455220746F206578DD
:108840006563757465207468652070726576696FFC
:10885000757320636F6D6D616E6420616761696E11
:108860005D0D0A3E00000000436F6E6E6563746527
:108870006420746F206D6F64756C652025642028FA
:108880002573292C20706F7274205025642E0A0ADB
:108890000D3E0000696620000A43616E6E6F742011
:1088A00073746F7265206D6F726520436F6D6D61BB
:1088B0006E6420536E6970706574732E20506C6501
:1088C0006173652064656C6574652065786973748F
:1088D000696E67206F6E657320616E6420747279B3
:1088E00020616761696E2E0A0D000000656E6420CC
:1088F00069660000000000000A436F6E64697469D5
:108900006F6E616C2073746174656D656E74206147
:108910006363657074656420616E6420616464657E
:108920006420746F20436F6D6D616E6420536E69B7
:1089300070706574732E0A0D00000000626F730082
:1089400057726F6E67206D6F64756C65206E616D18
:10895000652120506C6561736520747279206167B0
:1089600061696E2E0A0D000057726F6E67206D6F81
:1089700064756C652049442120506C6561736520E5
:1089800074727920616761696E2E0A0D0000000023
:10899000436F6D6D616E642062726F6164636173B9
:1089A00074656420746F20616C6C0A0D0000000017
:1089B00025734D756C74696361737420436F6D6DBD
:1089C000616E6420666F7277617264656420746F93
:1089D0002067726F75702025730A0D0075706461D1
:1089E00074650000436F6D6D616E6420666F727711
:1089F000617264656420746F204D6F64756C6520CE
:108A000025640A0D0000000025734D6F64756C65C8
:108A1000202564206973206E6F742072656163681D
:108A200061626C652E0A0D00636C69636B6564009E
:108A3000646F75626C6520636C69636B65640000CC
:108A400072656C65617365640000000020000000C1
:108A500028730008747200088A720008A072000867
:108A6000C6720008DC72000802730008081C30445B
:108A7000586C80003D3D003E00003C00003E3D0043
:108A80003C3D00213D00000072756E2D74696D65DE
:108A90002D7374617473000072756E2D74696D6549
:108AA0002D73746174733A0D0A20446973706C619C
:108AB000792061207461626C652073686F77696EDC
:108AC0006720686F77206D7563682070726F6365CB
:108AD0007373696E672074696D65206561636820D2
:108AE0004672656552544F53207461736B20686100
:108AF0007320757365640D0A0D0A0000888A0208E8
:108B0000988A02081D770008000000007461736BEA
:108B10002D737461747300007461736B2D737461D1
:108B200074733A0D0A20446973706C617920612076
:108B30007461626C652073686F77696E6720746812
:108B400065207374617465206F66206561636820B9
:108B50004672656552544F53207461736B0D0A0D54
:108B60000A0000000C8B0208188B0208DD76000852
:108B70000000000070696E670000000070696E6799
:108B80003A0D0A2050696E672061206D6F64756C24
:108B9000650D0A0D0A000000748B02087C8B020828
:108BA0005D77000800000000757064617465000066
:108BB0007570646174653A0D0A205075742074688C
:108BC00065206D6F64756C6520696E2066616374E5
:108BD0006F727920626F6F746C6F61646572206D63
:108BE0006F646520746F20757064617465206974AA
:108BF00073206669726D776172652E0D0A0A090924
:108C00000909090920202D205573652027236E2E80
:108C10007570646174652720746F20757064617469
:108C2000652072656D6F7465206D6F64756C65206D
:108C30006E2E204D616B65207375726520746865BA
:108C40002070726F6772616D6D696E6720706F72F0
:108C5000742069732074686520696E636F6D696E36
:108C60006720706F7274206F662074686973206D5E
:108C70006F64756C652E0D0A090909090909202020
:108C80002D205573652027757064617465207669A1
:108C90006120236E2070782720746F207573652003
:108CA00074686520535420466C617368204C6F6172
:108CB00064657220746F6F6C2077697468206D6FC3
:108CC00064756C65206E2C20706F7274207820742F
:108CD0006F207570646174652061206E65696768D6
:108CE000626F72206D6F64756C652E2054686973B5
:108CF0002069732075736566756C206966200909A3
:108D00000909090909746172676574206D6F6475DA
:108D10006C65206973206E6F742070617274206FAF
:108D2000662074686520746F706F6C6F6779206F50
:108D3000722069662070726F6772616D6D696E670F
:108D400020706F7274206973206E6F7420696E20BA
:108D50007468652073686F727465737420706174D1
:108D60006820746F20746172676574206D6F64751C
:108D70006C652E0D0A0D0A00A88B0208B08B020844
:108D8000F5770008FF0000006578706C6F72650071
:108D90006578706C6F72653A0D0A204578706C6F5B
:108DA00072652074686520617272617920616E64F9
:108DB000206275696C642069747320746F706F6CC5
:108DC0006F67790D0A0D0A00888D0208908D0208E0
:108DD000F5790008000000007265736574000000FA
:108DE00072657365743A0D0A205265736574207458
:108DF0006865206D6F64756C650D0A0D0A000000D2
:108E0000D88D0208E08D0208ED7A0008000000000D
:108E10006E616D65000000006E616D653A0D0A209F
:108E20004E616D6520746865206D6F64756C65209A
:108E30007769746820616E20616C696173202831E4
:108E40007374207061722E290D0A0D0A0000000053
:108E5000108E0208188E0208FD7A0008010000003A
:108E600067726F757000000067726F75703A0D0A57
:108E70002047726F7570206D756C7469706C652019
:108E80006D6F64756C65732028326E642B20706181
:108E9000722E2920696E746F2061206E6577206FB5
:108EA00072206578697374696E672067726F757078
:108EB0002028317374207061722E290D0A0D0A006A
:108EC000608E0208688E0208E57B0008FF00000043
:108ED00073746174757300007374617475733A0D03
:108EE0000A20446973706C6179206D6F64756C65DC
:108EF000207374617475730D0A0D0A00D08E020818
:108F0000D88E0208E17E000800000000696E666FDE
:108F100000000000696E666F3A0D0A2044697370A4
:108F20006C617920617272617920696E666F726D11
:108F30006174696F6E0D0A0D0A0000000C8F020843
:108F4000148F0208FD7E0008000000006164642D9B
:108F5000627574746F6E00006164642D6275747460
:108F60006F6E3A0D0A20446566696E652061206265
:108F70007574746F6E206174206F6E65206F66204B
:108F800074686520617272617920706F7274732EDB
:108F900020427574746F6E20747970652028277371
:108FA00077697463682D6E6F272C20277377697437
:108FB00063682D6E63272928317374207061722EC7
:108FC000292C20427574746F6E20706F7274202883
:108FD000326E64207061722E290D0A0D0A000000A5
:108FE0004C8F0208588F0208F97F00080200000029
:108FF00072656D6F76652D627574746F6E0000001A
:1090000072656D6F76652D627574746F6E3A0D0AB8
:109010002052656D6F7665206120627574746F6E85
:109020002074686174207761732070726576696F4F
:1090300075736C7920646566696E6564206174205F
:109040007468697320706F72742028317374207093
:1090500061722E290D0A0D0A00000000F08F02082F
:109060000090020809810008010000007365740087
:109070007365743A0D0A2053657420612070617223
:10908000616D657465722028317374207061722E71
:10909000292077697468206120676976656E20767B
:1090A000616C75652028326E64207061722E290D06
:1090B0000A0D0A006C900208709002089D81000859
:1090C000FF000000676574006765743A0D0A204769
:1090D0006574207468652063757272656E7420769D
:1090E000616C7565206F66206120706172616D65CD
:1090F0007465722028317374207061722E290D0AF4
:109100000D0A0000C4900208C8900208458D0008AE
:10911000FF00000064656661756C740064656661DB
:10912000756C743A0D0A2054797065202764656661
:1091300061756C7420706172616D732720746F208B
:1091400073657420616C6C20706172616D6574650B
:10915000727320746F2064656661756C742076612B
:109160006C7565730D0A20547970652027646566F7
:1091700061756C742061727261792720746F20723E
:10918000656D6F76652063757272656E7420746F9D
:10919000706F6C6F67790D0A0D0A00001491020858
:1091A0001C910208E19000080100000074696D65DF
:1091B0000000000074696D653A0D0A2044697370FF
:1091C0006C61792063757272656E742074696D6567
:1091D00020696E2048483A4D4D3A53532D6D7365C2
:1091E0006320666F726D61740D0A0D0A0000000045
:1091F000AC910208B4910208D99100080000000067
:109200006461746500000000646174653A0D0A20B1
:10921000446973706C61792063757272656E742035
:109220006461746520696E205765656B646179209F
:109230004D4D2F44442F5959595920666F726D6115
:10924000740D0A0D0A00000000920208089202083C
:10925000B1920008000000007365742D62617564AE
:1092600072617465000000007365742D626175643D
:10927000726174653A0D0A20536574205541525449
:109280002062617564726174650D0A092831737416
:1092900020706172616D65746572293A20503120C9
:1092A000746F2050360D0A0928326E642070617286
:1092B000616D65746572293A2062617564726174CA
:1092C000650D0A0D0A000000589202086892020813
:1092D000E592000802000000757569640000000056
:1092E000757569643A0D0A20446973706C61792060
:1092F0004D435520756E69717565205549440D0AB9
:109300000D0A0000D8920208E0920208A593000816
:10931000000000006964636F646500006964636F46
:1093200064653A0D0A20446973706C6179204D437D
:1093300055204944434F444520284445565F4944FD
:1093400020616E64205245565F4944290D0A0D0A7A
:1093500000000000149302081C93020835940008D2
:1093600000000000666C6173682D73697A65000007
:10937000666C6173682D73697A653A0D0A204469D9
:1093800073706C6179204D435520466C6173682081
:1093900073697A6520696E204B62797465730D0A72
:1093A0000D0A00006493020870930208B19400084B
:1093B00000000000736E697000000000736E697039
:1093C0003A0D0A20446973706C61792061206C69E0
:1093D0007374206F662073746F72656420436F6DC1
:1093E0006D616E6420536E69707065747320746F64
:1093F0002065646974206F722064656C6574650D06
:109400000A0D0A00B4930208BC930208E594000810
:10941000000000006163742D736E6970000000002D
:109420006163742D736E69703A0D0A20416374692B
:1094300076617465206120436F6D6D616E642053A9
:109440006E69707065740D0A0D0A000014940208AC
:10945000209402080D9800080100000070617573E7
:10946000652D736E6970000070617573652D736E84
:1094700069703A0D0A205061757365206120436F51
:109480006D6D616E6420536E69707065740D0A0DA8
:109490000A0000005C94020868940208C59800085D
:1094A0000100000064656C2D736E6970000000009F
:1094B00064656C2D736E69703A0D0A2044656C65A5
:1094C0007465206120436F6D6D616E6420536E6919
:1094D000707065740D0A0D0A00000000A494020863
:1094E000B09402087D99000801000000627269646E
:1094F000676500006272696467653A0D0A2042720E
:10950000696467652074776F206172726179207079
:109510006F7274730D0A0D0A00000000EC940208CB
:10952000F4940208519B000802000000756E6272FC
:109530006964676500000000756E62726964676542
:109540003A0D0A20556E2D62726964676520747742
:109550006F20617272617920706F7274730D0A0DE1
:109560000A0000002C950208389502086D9C00083E
:1095700002000000746573742D706F727400000037
:10958000746573742D706F72743A0D0A207465736C
:109590007420706F72742066756E6374696F6E618B
:1095A0006C6974792E20796F752063616E20636811
:1095B0006F6F73652065697468657220746F2074BD
:1095C000657374206F6E6520737065636966696387
:1095D00020706F7274206F7220746F2074657374C2
:1095E00020616C6C20706F7274732E20706C6561DA
:1095F000736520747970652050782077686572658E
:109600002078207374616E647320666F72207468B2
:1096100065206E756D626572206F6620706F727462
:10962000206F722074797065203C616C6C3E2074F0
:109630006F207465737420616C6C20706F72740D90
:109640000A0D0A007495020880950208899D000899
:1096500001000000726561642D6164630000000018
:10966000726561642D6164633A0D0A20526561641C
:109670002061646320766F6C746167652056616C4D
:1096800075652066726F6D205032206F72205031E8
:1096900020616E642063686F6F7365207468652055
:1096A00073696465207768657265617320746F7093
:1096B000206F7220626F74746F6D0D0A0D0A0000C6
:1096C000549602086096020861A00008020000009B
:1096D000726561642D74656D70000000726561646F
:1096E0002D74656D703A0D0A205265616420696EB3
:1096F0007465726E616C2074656D706572617475ED
:1097000072650D0A0D0A0000D0960208DC96020868
:1097100075A1000800000000726561642D76726515
:1097200066000000726561642D767265663A0D0A06
:10973000205265616420696E7465726E616C20727E
:1097400065666572656E636520566F6C74616765EA
:109750000D0A0D0A0000000018970208249702085D
:10976000C9A1000800000000726561642D61646396
:109770002D70657263656E74616765007265616402
:109780002D6164632D70657263656E746167653AFF
:109790000D0A204765742061646320766F6C7461E4
:1097A00067652070657263656E74616765207661B8
:1097B0006C75652066726F6D205032206F7220507C
:1097C000310D0A0D0A000000689702087C97020814
:1097D0001DA20008020000005461736B20537461E5
:1097E0007465205072696F72697479205374616373
:1097F0006B20230D0A2A2A2A2A2A2A2A2A2A2A2AD6
:109800002A2A2A2A2A2A2A2A2A2A2A2A2A2A2A2AB8
:109810002A2A2A2A2A2A2A2A2A2A2A2A2A2A2A2AA8
:109820002A2A2A2A2A0D0A005461736B2041627386
:109830002054696D6520252054696D650D0A2A2A1A
:109840002A2A2A2A2A2A2A2A2A2A2A2A2A2A2A2A78
:109850002A2A2A2A2A2A2A2A2A2A2A2A2A2A2A2A68
:109860002A2A2A2A2A2A0D0A0000000076696100A5
:10987000200000004D6F64756C6573205B00000074
:109880002C2000000A0D4E756D626572206F6620F7
:109890006D6F64756C65733A2025640A00000000E2
:1098A0000A0D417272617920746F706F6C6F677905
:1098B0003A0A0000436F756C64206E6F7420726505
:1098C000616420706F727473206469726563746977
:1098D0006F6E20666F7220736F6D65206D6F64759B
:1098E0006C65732120506C656173652074727920FA
:1098F000616761696E0A0D007377697463682D6E24
:109900006F0000007377697463682D6E6300000058
:10991000626F732E00000000726573706F6E736566
:1099200000000000616C6C006D6573736167650019
:10993000636C69006E6F6E65000000007472616395
:1099400065000000636C6962617564726174650032
:109950006465626F756E63650000000073696E6711
:109960006C65636C69636B74696D65006D696E69C4
:109970006E746572636C69636B74696D6500000079
:109980006D6178696E746572636C69636B74696D1F
:1099900065000000616D0000706D00006D6F6E6409
:1099A0006179000074756573646179007765646E30
:1099B000657364617900000074687572736461791D
:1099C000000000006672696461790000736174755B
:1099D000726461790000000073756E646179000043
:1099E0006A616E756172790031200000666562728D
:1099F0007561727900000000322000006D617263B1
:109A00006800000033200000617072696C00000083
:109A1000342000006D617900352000006A756E65A4
:109A200000000000362000006A756C79000000001C
:109A300037200000617567757374000038200000DE
:109A400073657074656D62657200000039200000F6
:109A50006F63746F62657200313000006E6F7665FF
:109A60006D6265720000000031310000646563655D
:109A70006D62657200000000313200006D73670096
:109A800025640A0D0000000025732325640A0D00DB
:109A9000706172616D730000617272617900000023
:109AA000414D0000504D0000257300002573253006
:109AB000385800000D0A000053544D3332473042ED
:109AC00031000000554E4B4E4F574E00506175739C
:109AD0006564004163746976650000004800000019
:109AE0005032000050310000746F7000626F747467
:109AF0006F6D000061646320766F6C746167652030
:109B00006973203D2025302E3266200D0A000000AA
:109B1000696E7465726E616C2074656D70657261DA
:109B20007475726520697320252E326643200D0AF4
:109B300000000000696E7465726E616C207265666B
:109B40006572656E636520766F6C74616765206908
:109B500073203D20252E326656200D0A000000009D
:109B600061646320766F6C746167652070657263F1
:109B7000656E74616765206973203D20252E32660D
:109B8000252520250D0A000048692066726F6D208A
:109B90006D6F64756C652025640D0A004869206648
:109BA000726F6D206D6F64756C65202564202825AB
:109BB00073290D0A00000000557064617465206609
:109BC00069726D7761726520666F72206D6F647562
:109BD0006C652025640A0D0057726F6E67207661F0
:109BE0006C7565210A0D00000A5468652061727267
:109BF0006179206973206265696E67206578706C91
:109C00006F7265642E20506C6561736520776169A1
:109C1000742E2E2E0A0D00000A546865206172729F
:109C20006179206578706C6F726174696F6E2073F2
:109C300075636365656465642E204920666F756E83
:109C400064202564206D6F64756C657320696E6394
:109C50006C7564696E67206D7973656C662E20483B
:109C60006572652069732074686520646973636F29
:109C7000766572656420746F706F6C6F67793A0AED
:109C80000D0000000A5468652061727261792065D8
:109C900078706C6F726174696F6E206661696C6553
:109CA000642E20506C6561736520646F75626C650D
:109CB00020636865636B20636F6E6E656374696FA4
:109CC0006E732C20726573657420746865206D6FE7
:109CD00064756C657320616E6420747279206167AD
:109CE00061696E2E0A0D00004D6F64756C6520254C
:109CF00064206973206E616D65642025730A0D0010
:109D000025732069732061207265736572766564BE
:109D100020424F53206B6579776F72642120506C1D
:109D20006561736520757365206120646966666589
:109D300072656E7420616C6961730A0D0000000029
:109D4000257320697320616C726561647920757375
:109D500065642120506C65617365207573652061B1
:109D600020646966666572656E7420616C696173F2
:109D70000A0D0000257320697320616E20657869E3
:109D80007374696E6720434C4920636F6D6D616E1B
:109D9000642120506C6561736520757365206120B6
:109DA000646966666572656E7420616C6961730AC8
:109DB0000D000000257320697320612077726F6E9B
:109DC00067206D6F64756C65204944206F72206157
:109DD0006C6961730A0D0000506C656173652065E4
:109DE0006E74657220736F6D65206D6F64756C6540
:109DF0002049447320746F2061646420746F2025AF
:109E0000730A0D005D20616464656420746F206EC8
:109E100065772067726F75702025730A0D0000004A
:109E20005D20616464656420746F20657869737473
:109E3000696E672067726F75702025730A0D0000C8
:109E400041206E657720257320627574746F6E20D3
:109E50006E616D65642042256420776173206465BE
:109E600066696E656420617420706F72742050257D
:109E7000640A0D00427574746F6E20422564207769
:109E800061732072656D6F7665642066726F6D20F8
:109E9000706F7274205025640A0D000025732077BE
:109EA00061732073657420746F2025730A0D0000A0
:109EB0000A596F75206D75737420726573746172C1
:109EC0007420746F20656E61626C65207468652013
:109ED0006E65772062617564726174652E0A0D008B
:109EE00054686973206166666563747320616C6C85
:109EF00020706F7274732E20496620796F7520630D
:109F000068616E676520746869732076616C756539
:109F10002066726F6D2064656661756C742C200913
:109F20000909090909090909090909202020796F86
:109F300075206D75737420636F6E6E656374207425
:109F40006F206120434C4920706F7274206F6E2027
:109F500065616368207374617274757020746F201A
:109F6000726573746F7265206F74686572206172B8
:109F700072617920706F72747320696E746F2064DF
:109F8000656661756C742062617564726174650ADE
:109F90000D00000057726F6E6720706172616D6511
:109FA000746572210A0D000025730A0D000000007F
:109FB00025732067726F757020646F6573206E6FF4
:109FC00074206578697374210A0D000047726F75FB
:109FD00070202573206D656D626572733A0A0D00FD
:109FE00025732069732073657420746F2061207756
:109FF000726F6E672076616C7565210A0D00000036
:10A00000416C6C20706172616D6574657273207350
:10A01000657420746F2064656661756C7420766168
:10A020006C7565730A0D000043757272656E74205D
:10A03000617272617920746F706F6C6F67792077CD
:10A0400061732072656D6F7665642E20506C65615A
:10A050007365207265626F6F7420616C6C206D6F28
:10A0600064756C65730A0D0043757272656E7420B9
:10A0700074696D6520697320253032643A25303269
:10A08000643A253032642D253033640A0D00000017
:10A0900043757272656E742074696D6520697320F2
:10A0A000253032643A253032643A253032642D2529
:10A0B0003033642025730A0D00000000437572726E
:10A0C000656E7420646174652069732025730A0DC0
:10A0D0000000000057726F6E6720706172616D65DD
:10A0E000746572210D0A00004261756472617465C5
:10A0F00020666F7220706F72742050256420776123
:10A10000732073657420746F2025640D0A000000AD
:10A110004D435520555549442069730A0D000000F0
:10A120004D4355204445565F4944206973202573AB
:10A130000A0D000025734D4355205245565F494492
:10A140002069732025642E300A0D00004D435520F0
:10A15000466C6173682073697A6520697320256491
:10A16000204B62797465730A0D0000005468652005
:10A17000666F6C6C6F77696E6720436F6D6D616E93
:10A180006420536E6970706574732061726520730A
:10A19000746F72656420696E206D656D6F72793AB7
:10A1A0000A0A0D005B253032645D2025730A0D001C
:10A1B00025736966206225642E636C69636B656430
:10A1C0000000000025736966206225642E646F75A7
:10A1D000626C6520636C69636B65640025736966F6
:10A1E000206225642E72656C6561736564000000F1
:10A1F0002573696620257320257320252E3166007E
:10A2000025730A0D092573000A0D656E64206966C1
:10A210000A0A0D00546F2064656C65746520612026
:10A22000536E69707065742C20747970653A20647F
:10A23000656C2D736E697020780A0D546F20616310
:10A24000746976617465206120536E6970706574FD
:10A250002C20747970653A2009090909090909094E
:10A260000909090909096163742D736E6970207801
:10A270000A0D546F207061757365206120536E69FB
:10A28000707065742C20747970653A2070617573F4
:10A29000652D736E697020780A0A0D77686572659E
:10A2A00020782069732074686520536E697070652A
:10A2B00074206E756D6265722066726F6D207468B1
:10A2C00065206C6973740A0D00000000536E69709C
:10A2D0007065742077617320616374697661746559
:10A2E000642E205479706520736E697020746F201D
:10A2F000766965772075706461746564206C697334
:10A30000740A0D0054686520536E6970706574207E
:10A310006E756D62657220776173206E6F74206652
:10A320006F756E640A0D0000536E6970706574205D
:10A33000776173207061757365642E205479706540
:10A3400020736E697020746F207669657720757050
:10A350006461746564206C6973740A0D0000000008
:10A36000536E6970706574207761732064656C65E5
:10A370007465642E205479706520736E6970207442
:10A380006F20766965772075706461746564206CF0
:10A390006973740A0D00000050256420616E64200A
:10A3A000502564206172652062726964676564206B
:10A3B000746F6765746865720A0D000057726F6E7E
:10A3C000672073796E7461780A0D0000506F7274A3
:10A3D000206272696467696E67206661696C656492
:10A3E0000A0D000050256420616E64205025642011
:10A3F00061726520756E2D627269646765640A0D0D
:10A4000000000000506F727420756E62726964679C
:10A41000696E67206661696C65640A0D0000000062
:10A4200050256420697320776F726B696E672063B3
:10A430006F72726563746C790A0D00005025642098
:10A4400074657374206661696C65640A0D000000B0
:10A45000506C656173652073686F7274656E2074EB
:10A460006865206E65787420706F727420616E6408
:10A4700020707265737320616E79206B657920742A
:10A480006F20636F6E74696E75652074657374698F
:10A490006E6720746865206E657874206F6E650A3B
:10A4A0000D0A0D0074686520706F7274206E756DF2
:10A4B0006265722069732077726F6E670A0D000003
:10A4C00057726F6E6720506172616D657465720AB4
:10A4D0000D00000057726F6E6720506F7274206E0F
:10A4E000756D626572200A0D00000000081C304482
:10A4F000586C800044656661756C745461736B00C0
:10A500004261636B456E645461736B005573657291
:10A510005461736B00000000436C695461736B00FD
:10A5200050314D73675461736B00000050324D73AE
:10A53000675461736B00000050334D73675461734F
:10A540006B00000050344D73675461736B00000062
:10A5500050354D73675461736B000000081C304424
:10A56000586C800053747265616D54696D6572003A
:10A57000EAAE00089AAE0008AAAE0008BAAE00081B
:10A58000CAAE0008DAAE0008081C3044586C8000DF
:10A59000B4CB0008D2C60008F4C6000816C70008ED
:10A5A00026C7000836C700088CCB00088CCB0008F3
:10A5B0008CCB00088CCB000844C7000866C7000895
:10A5C000AAC70008CCC70008EEC700088CC800085E
:10A5D00010C8000832C800088CCB000854C8000816
:10A5E0006AC80008AEC80008D0C80008F2C8000851
:10A5F00028C900084AC900086CC900088EC90008AB
:10A60000B0C900088CCB0008D2C90008F4C9000802
:10A6100016CA000838CA00088CCB00085ACA0008BD
:10A620008CCB00088CCB00088CCB00088CCB0008AE
:10A630007CCA00089ECA00089ECA00088CCB00088D
:10A64000C0CA0008E2CA000804CB000826CB0008F4
:10A6500048CB00086ACB000848692066726F6D20FD
:10A660006D6F64756C652025640D0A00486920666D
:10A67000726F6D206D6F64756C65202564202825D0
:10A6800073290D0A000000000CEA00085CE60008CF
:10A6900074E6000890E60008ACE60008C8E600088A
:10A6A000E4E6000800E700085CE6000810EA00089D
:10A6B000E0E70008F8E7000814E8000830E80008C0
:10A6C0004CE8000868E8000884E80008E0E70008B3
:10A6D00014EA00083EE9000880E900089CE9000847
:10A6E000B8E90008D4E9000814EA0008F0E9000815
:10A6F0003EE90008C4EA0008CCEA0008FCEA0008C9
:10A700002EEB000858EB000882EB0008ACEB0008C9
:10A71000D6EB0008CCEA000848ED000826EC00085B
:10A7200054EC000880EC0008A8EC0008D0EC00080D
:10A73000F8EC000820ED000826EC00085EF30008A5
:10A7400044EE0008F6EE0008AAEF000862F00008E8
:10A7500030F10008E8F10008A0F2000844EE00081B
:10A760008CF6000802F5000822F5000844F5000800
:10A770006AF50008B0F50008D6F50008FCF50008F9
:10A7800002F5000818FA0008BEFA000868FB000885
:10A79000D6FB000894FC000828FD00089CFD00087A
:10A7A0005CFE000850FA0008081C3044586C800019
:10A7B0004803010850030108580301086003010819
:10A7C00068030108BE030108C6030108CE0301089F
:10A7D000D6030108DE030108081C3044586C8000D1
:10A7E00052657374617274696E672E2E2E0D0A00A5
:10A7F000486172644661756C74204572726F720DA7
:10A800000A000000537461636B204F766572666CBA
:10A810006F770D0A00000000486561702073697A47
:10A82000652065786365656465640D0A0000000055
:10A83000081C3044586C80004A756C20333020323C
:10A840003032350031323A34393A323800000000C3
:10A85000081C3044586C8000663F0108523F0108D4
:10A86000563F01085A3F01085E3F0108623F010858
:10A87000081C3044586C80000000000000000000FC
:10A8800000000000000000000000000000000000C8
:10A8900000000000000000000100000002000000B5
:10A8A0000300000004000000060000000700000094
:10A8B0000800000009000000000000000000000087
:10A8C0000000000000000000010000000200000085
:10A8D0000300000004000000081C3044586C800095
:10A8E00068656C70000000000D0A68656C703A0DB8
:10A8F0000A204C6973747320616C6C207468652045
:10A900007265676973746572656420636F6D6D61EC
:10A910006E64732E2054797065202768656C7020F2
:10A92000706172616D732720746F206C697374207D
:10A93000617661696C61626C6520706172616D65E0
:10A940007465727320616E6420746865697220702A
:10A950006F737369626C652076616C7565730D0A3F
:10A960000D0A0000E0A80208E8A80208417F0108DB
:10A97000FF000000496E636F727265637420636F3D
:10A980006D6D616E6420706172616D6574657228B1
:10A9900073292E2020456E746572202268656C70C4
:10A9A0002220746F20766965772061206C6973744A
:10A9B000206F6620617661696C61626C6520636FEF
:10A9C0006D6D616E64732E0D0A0D0A00436F6D6D1F
:10A9D000616E64206E6F74207265636F676E697359
:10A9E00065642E2020456E746572202268656C7047
:10A9F0002220746F20766965772061206C697374FA
:10AA0000206F6620617661696C61626C6520636F9E
:10AA10006D6D616E64732E0D0A0D0A0070617261B6
:10AA20006D73000049444C4500000000092563098E
:10AA300025750925750925750D0A000048A401082A
:10AA400052A401085CA4010866A4010870A40108CE
:10AA50000925750909257525250D0A00092575099A
:10AA6000093C3125250D0A007AA701083CA70108F9
:10AA70004AA7010856A701085EA7010882A8010895
:10AA800044A8010852A801085EA8010866A80108A8
:10AA9000546D722053766300D4AE0108D4AE010821
:10AAA000D4AE010838AF01084CAF01087CAF0108F3
:10AAB000D4AE0108D4AE010838AF01084CAF01088C
:10AAC000546D725100000000081C3044586C800026
:10AAD000010002000400060008000A000C0010003B
:10AAE0002000400080000001081C3044586C8000A9
:10AAF000010101030701000008040204080101012B
:10AB00000E0A00083E0900085609000874090008EA
:10AB100056090008B8090008560900087409000819
:10AB20003E0900083E090008B80900087409000839
:10AB30005E0900085E0900085E090008C2090008F5
:10AB40003E0900083E090008560900084C0A0008A2
:10AB500056090008B8090008560900084C0A000800
:10AB60003E0900083E090008B80900084C0A000820
:10AB70005E0900085E0900085E090008D01600089A
:10AB8000C2160008A0160008CC160008A01600087F
:10AB9000B6190008A0160008CC160008C216000856
:10ABA000C2160008B6190008CC160008881600085E
:10ABB0008816000888160008281A00082E000000D1
:10ABC00034000000CEFBFFFFCB03000001000000BB
:10ABD0000000000035000000CEFBFFFFCB030000AB
:10ABE0000100000000000000BC89D897B2D29C3C54
:10ABF00033A7A8D523F649393DA7F444FD0FA53264
:10AC00009D978CCF08BA5B25436FAC64280668110A
:10AC1000002020202020202020202828282828202C
:10AC20002020202020202020202020202020202024
:10AC3000208810101010101010101010101010108C
:10AC4000100404040404040404040410101010107C
:10AC50001010414141414141010101010101010146
:10AC60000101010101010101010101011010101098
:10AC70001010424242424242020202020202020218
:10AC8000020202020202020202020202101010106C
:10AC90002000000000000000000000000000000094
:10ACA00000000000000000000000000000000000A4
:10ACB0000000000000000000000000000000000094
:10ACC0000000000000000000000000000000000084
:10ACD0000000000000000000000000000000000074
:10ACE0000000000000000000000000000000000064
:10ACF0000000000000000000000000000000000054
:10AD00000000000000000000000000000000000043
:10AD1000004300504F5349580042616C6C6F6320F0
:10AD2000737563636565646564002F6275696C643F
:10AD30002F676E752D746F6F6C732D666F722D7328
:10AD4000746D33325F31322E332E72656C312E3298
:10AD5000303234303932362D313731352F7372631A
:10AD60002F6E65776C69622F6E65776C69622F6CE8
:10AD70006962632F7374646C69622F6764746F61B6
:10AD80002D6765746865782E63002F6275696C6441
:10AD90002F676E752D746F6F6C732D666F722D73C8
:10ADA000746D33325F31322E332E72656C312E3238
:10ADB000303234303932362D313731352F737263BA
:10ADC0002F6E65776C69622F6E65776C69622F6C88
:10ADD0006962632F7374646C69622F6D707265634E
:10ADE0002E63000005000000190000007D00000037
:10ADF0000080E03779C34143176E05B5B5B8934677
:10AE0000F5F93FE9034F384D321D30F94877825A42
:10AE10003CBF737FDD4F1575000000000000F03F60
:10AE20000000000000002440000000000000594025
:10AE30000000000000408F40000000000088C34078
:10AE400000000000006AF8400000000080842E41ED
:10AE500000000000D01263410000000084D7974139
:10AE60000000000065CDCD41000000205FA002423F
:10AE7000000000E876483742000000A2941A6D42B4
:10AE8000000040E59C30A2420000901EC4BCD642A7
:10AE900000003426F56B0C430080E03779C3414352
:10AEA00000A0D8855734764300C84E676DC1AB43C8
:10AEB000003D9160E458E143408CB5781DAF1544E6
:10AEC00050EFE2D6E41A4B4492D54D06CFF08044C1
:10AED000F64AE1C7022DB544B49DD9794378EA44D6
:10AEE000494E4600696E66004E414E006E616E002E
:10AEF00030313233343536373839616263646566F0
:10AF000000303132333435363738394142434445E5
:10AF1000460030003030303030303030303030307B
:10AF200030303030202020202020202020202020E1
:10AF3000202020202C2066756E6374696F6E3A2085
:10AF400000617373657274696F6E2022257322200D
:10AF50006661696C65643A2066696C6520222573B8
:10AF6000222C206C696E65202564257325730A00E8
:10AF7000496E66696E697479004E614E002F627584
:10AF8000696C642F676E752D746F6F6C732D666FAF
:10AF9000722D73746D33325F31322E332E72656CC5
:10AFA000312E32303234303932362D313731352F7F
:10AFB0007372632F6E65776C69622F6E65776C694B
:10AFC000622F6C6962632F7374646C69622F64749E
:10AFD0006F612E6300303030303030303030303000
:10AFE0003030303030202020202020202020202011
:08AFF0002020202020000000B9
:08AFF800B056FD7F01000000CE
:08B00000E9310208E900000833
:04B00800C10000087B
:10B00C00D07D0208D87D0208E07D0208EC7D0208A4
:10B01C00F87D0208007E02080C7E0208147E0208ED
:10B02C00187E02081C7E0208207E0208247E02087C
:10B03C00287E02082C7E0208307E0208347E02082C
:10B04C00387E02083C7E0208407E0208447E0208DC
:10B05C00707E02089C7E0208707F02089C7F0208AA
:10B06C00C87F0208F07F02081880020800810208DD
:10B07C003481020838820208FF001300010100002D
:10B08C001E00320005FA000000100E00001800002F
:10B09C000000000000000000000000009485020881
:10B0AC00288802082C880208889B02089C9B0208AE
:10B0BC00B89B0208D89B0208E89B0208189C02085F
:10B0CC00849C0208E89C0208009D0208409D02082E
:10B0DC00749D0208B49D0208D89D0208049E0208C3
:10B0EC00209E0208009D0208409D0208749D0208E3
:10B0FC00409E0208749E02089C9E0208B09E0208A4
:10B10C00E09E0208949F0208D89B0208A89F0208A0
:10B11C00B09F0208CC9F0208949F0208E09F02088F
:10B12C0000A0020828A00208D89B020868A0020808
:10B13C0090A00208BCA00208D4A00208E8A0020853
:10B14C0010A1020820A1020834A102084CA1020897
:10B15C006CA10208A4A10208B0A10208C4A10208B3
:10B16C00DCA10208F0A1020800A2020808A2020851
:10B17C0014A20208CCA2020804A3020828A3020805
:10B18C0004A3020860A3020804A3020898A30208FF
:10B19C00BCA30208CCA30208E4A30208BCA30208C7
:10B1AC0004A4020820A402083CA4020850A402082B
:10B1BC00A4A40208BCA30208C0A40208D4A40208D8
:10B1CC0001000000E0A702080024F40020000000A9
:10B1DC0064A9020800000000D0010020AAAAAAAAB3
:10B1EC000400000001000000FFFFFFFF0000020050
:10B1FC000000000000000000F0010020F001002021
:10B20C00F8010020F80100200002002000020020BC
:10B21C00080200200802002010020020100200206A
:10B22C00180200201802002020020020200200201A
:10B23C0028020020280200203002002030020020CA
:10B24C00380200203802002040020020400200207A
:10B25C00480200204802002050020020500200202A
:10B26C0058020020580200206002002060020020DA
:10B27C00680200206802002070020020700200208A
:10B28C00780200207802002080020020800200203A
:10B29C0088020020880200209002002090020020EA
:10B2AC009802002098020020A0020020A00200209A
:10B2BC00A8020020A8020020B0020020B00200204A
:10B2CC00B8020020B8020020C0020020C0020020FA
:10B2DC00C8020020C8020020D0020020D0020020AA
:10B2EC00D8020020D8020020E0020020E00200205A
:10B2FC00E8020020E8020020F0020020F00200200A
:10B30C00F8020020F80200200003002000030020B7
:10B31C000803002008030020100300201003002065
:10B32C001803002018030020200300202003002015
:10B33C0028030020280300203003002030030020C5
:10B34C003803002038030020400300204003002075
:10B35C004803002048030020500300205003002025
:10B36C0058030020580300206003002060030020D5
:10B37C006803002068030020700300207003002085
:10B38C007803002078030020800300208003002035
:10B39C0088030020880300209003002090030020E5
:10B3AC009803002098030020A0030020A003002095
:10B3BC00A8030020A8030020B0030020B003002045
:10B3CC00B8030020B8030020C0030020C0030020F5
:10B3DC00C8030020C8030020D0030020D0030020A5
:10B3EC00D8030020D8030020E0030020E003002055
:10B3FC00E8030020E8030020F0030020F003002005
:10B40C00F8030020F80300200004002000040020B2
:10B41C000804002008040020100400201004002060
:10B42C001804002018040020200400202004002010
:10B43C0028040020280400203004002030040020C0
:10B44C003804002038040020400400204004002070
:10B45C004804002048040020500400205004002020
:10B46C0058040020580400206004002060040020D0
:10B47C006804002068040020700400207004002080
:10B48C007804002078040020800400208004002030
:10B49C0088040020880400209004002090040020E0
:10B4AC009804002098040020A0040020A004002090
:10B4BC00A8040020A8040020B0040020B004002040
:10B4CC00B8040020B8040020C0040020C0040020F0
:10B4DC00C8040020C8040020D0040020D0040020A0
:10B4EC00D8040020D8040020E0040020E004002050
:10B4FC00E8040020E8040020F0040020F004002000
:10B50C00F8040020F80400200005002000050020AD
:10B51C00080500200805002010050020100500205B
:10B52C00180500201805002020050020200500200B
:10B53C0028050020280500203005002030050020BB
:10B54C00380500203805002040050020400500206B
:10B55C00480500204805002050050020500500201B
:10B56C0058050020580500206005002060050020CB
:10B57C00680500206805002070050020700500207B
:10B58C00780500207805002080050020800500202B
:10B59C0088050020880500209005002090050020DB
:10B5AC009805002098050020A0050020A00500208B
:10B5BC00A8050020A8050020B0050020B00500203B
:10B5CC00B8050020B8050020C0050020C0050020EB
:10B5DC00C8050020C8050020D0050020D00500209B
:10B5EC00D8050020D8050020E0050020E00500204B
:10B5FC00E8050020E8050020000000000300000022
:10B60C00E89A012043000000000000000000000048
:10B61C00000000000000000000000000000000001E
:10B62C0000000000430000000000000000000000CB
:10B63C0000000000000000000000000000000000FE
:10B64C0000000000430000000000000000000000AB
:10B65C0000000000000000000000000000000000DE
:10B66C00000000004300000000000000000000008B
:10B67C0000000000000000000000000000000000BE
:10B68C00000000004300000000000000000000006B
:10B69C00000000000000000000000000000000009E
:10B6AC00000000004300000000000000000000004B
:10B6BC00000000000000000000000000000000007E
:10B6CC00000000004300000000000000000000002B
:10B6DC00000000000000000000000000000000005E
:10B6EC0000000000ED430208D53A020800000000FB
:10B6FC0010AC0208BCAB02086FAF02086FAF0208B7
:10B70C006FAF02086FAF02086FAF02086FAF02088D
:10B71C006FAF02086FAF02086FAF0208FFFFFFFFA9
:10B72C00FFFFFFFFFFFFFFFFFFFF00000100415382
:10B73C004349490000000000000000000000000028
:10B74C000000000000000000000000000000415359
:10B75C004349490000000000000000000000000008
:10B76C0000000000000000000000000000000000CD
:10B77C00780700200000000000000000E89A01207B
:10B78C00509B0120B89B012000000000000000002D
:10B79C00000000000000000000000000000000009D
:10B7AC00000000000000000000000000000000008D
:10B7BC00000000000000000000000000000000007D
:10B7CC00000000000000000000000000000000006D
:10B7DC00000000000000000000000000000000005D
:10B7EC00000000000000000000000000000000004D
:10B7FC00000000000000000000000000000000003D
:10B80C00000000000000000000000000000000002C
:10B81C0001000000000000000E33CDAB34126DE6C9
:10B82C00ECDE05000B000000000000000000000032
:10B83C0000000000000000000000000000000000FC
:10B84C0000000000000000000000000000000000EC
:10B85C0000000000000000000000000000000000DC
:10B86C0000000000000000000000000000000000CC
:10B87C0000000000000000000000000000000000BC
:10B88C0000000000000000000000000000000000AC
:10B89C000000000000000000299C012080B588B049
:10B8AC0000AF786039601F23FB1800221A707B6888
:10B8BC00BB613B687B611A4B5A69194B8021C902E9
:10B8CC000A435A61EFF31083FB60FB683B6172B66D
:10B8DC00C0460FE07A69BB6912681A607B69043351
:10B8EC007B61BB690433BB611F217B181A787B1801
:10B8FC0001321A701F23FB181B783F2BEAD9C04664
:10B90C00074B1A69C0239B021340F9D13B69BB60FA
:10B91C00BB6883F31088C046C046BD4608B080BDE6
:04B92C0000200240B5
:040000050801424D5F
:00000001FF
